#VRML V2.0 utf8
# Generated by VRML 2.0 driver of GEANT4


#---------- CAMERA
Viewpoint {
	position 0 0 1035.23
}

#---------- SOLID: Collimator_1:0
	Shape {
		appearance Appearance {
			material Material {
				diffuseColor 1 1 1
				transparency 0.7
			}
		}
		geometry IndexedFaceSet {
			coord Coordinate {
				point [
					373.726 67.0858 -65.0119,
					360.43 119.423 -65.0119,
					347.973 116.259 -117.46,
					361.269 63.9212 -117.46,
					278.504 67.5028 -66.9768,
					276.953 73.6089 -66.9768,
					275.5 73.2397 -73.0958,
					277.051 67.1336 -73.0958,
					388.334 67.7036 -65.4313,
					373.56 125.856 -65.4313,
					359.719 122.34 -123.707,
					374.493 64.1873 -123.707,
					375.155 64.3555 -62.0992,
					360.381 122.508 -62.0992,
					346.54 118.992 -120.375,
					361.314 60.8392 -120.375,
					387.378 69.5262 -67.3749,
					373.59 123.802 -67.3749,
					360.671 120.52 -121.766,
					374.46 66.2443 -121.766,
					361.282 62.8965 -118.434,
					374.2 66.1783 -64.0429,
					347.493 117.172 -118.434,
					360.412 120.454 -64.0429,
					277.553 69.3218 -68.9177,
					276.987 71.551 -68.9177,
					276.456 71.4162 -71.1516,
					277.022 69.1871 -71.1516,
					361.239 65.9747 -115.515,
					372.773 68.9049 -66.9528,
					348.928 114.435 -115.515,
					360.462 117.365 -66.9528,
					278.504 67.5026 -66.9769,
					276.953 73.6086 -66.9769,
					275.5 73.2394 -73.0959,
					277.051 67.1334 -73.0959,
					276.1 65.9831 -65.4074,
					274.115 73.7964 -65.4074,
					272.255 73.324 -73.2373,
					274.24 65.5107 -73.2373,
					277.55 69.3239 -68.9195,
					276.984 71.5531 -68.9195,
					276.453 71.4183 -71.1534,
					277.02 69.1891 -71.1534,
					274.209 67.5664 -71.2948,
					275.146 67.8044 -67.35,
					273.209 71.5029 -71.2948,
					274.146 71.7409 -67.35,
				]
			}
			coordIndex [
				4, 7, 3, 0, -1,
				7, 6, 2, 3, -1,
				6, 5, 1, 2, -1,
				5, 4, 0, 1, -1,
				4, 5, 6, 7, -1,
				8, 11, 10, 9, -1,
				12, 15, 11, 8, -1,
				15, 14, 10, 11, -1,
				14, 13, 9, 10, -1,
				13, 12, 8, 9, -1,
				16, 17, 18, 19, -1,
				12, 13, 21, -1,
				23, 21, 13, -1,
				15, 12, 21, -1,
				22, 23, 13, -1,
				15, 21, 20, -1,
				22, 13, 14, -1,
				14, 15, 20, -1,
				20, 22, 14, -1,
				21, 16, 19, -1,
				19, 20, 21, -1,
				20, 19, 18, -1,
				18, 22, 20, -1,
				22, 18, 17, -1,
				17, 23, 22, -1,
				23, 17, 16, -1,
				16, 21, 23, -1,
				24, 27, 26, 25, -1,
				3, 30, 28, -1,
				30, 3, 2, -1,
				0, 3, 28, -1,
				31, 30, 2, -1,
				0, 28, 29, -1,
				31, 2, 1, -1,
				1, 0, 29, -1,
				29, 31, 1, -1,
				28, 27, 24, -1,
				24, 29, 28, -1,
				30, 26, 27, -1,
				27, 28, 30, -1,
				31, 25, 26, -1,
				26, 30, 31, -1,
				29, 24, 25, -1,
				25, 31, 29, -1,
				32, 35, 34, 33, -1,
				36, 39, 35, 32, -1,
				39, 38, 34, 35, -1,
				38, 37, 33, 34, -1,
				37, 36, 32, 33, -1,
				40, 41, 42, 43, -1,
				36, 37, 45, -1,
				47, 45, 37, -1,
				39, 36, 45, -1,
				46, 47, 37, -1,
				39, 45, 44, -1,
				46, 37, 38, -1,
				38, 39, 44, -1,
				44, 46, 38, -1,
				45, 40, 43, -1,
				43, 44, 45, -1,
				44, 43, 42, -1,
				42, 46, 44, -1,
				46, 42, 41, -1,
				41, 47, 46, -1,
				47, 41, 40, -1,
				40, 45, 47, -1,
			]
			solid FALSE
		}
	}
#---------- SOLID: DetectorCrystal_1:0
	Shape {
		appearance Appearance {
			material Material {
				diffuseColor 1 1 1
				transparency 0.7
			}
		}
		geometry IndexedFaceSet {
			coord Coordinate {
				point [
					382.185 71.2985 -69.3345,
					369.874 119.759 -69.3345,
					358.34 116.829 -117.898,
					370.651 68.3683 -117.898,
					372.772 68.907 -66.9544,
					360.461 117.368 -66.9544,
					348.926 114.437 -115.518,
					361.238 65.9768 -115.518,
				]
			}
			coordIndex [
				0, 3, 2, 1, -1,
				4, 7, 3, 0, -1,
				7, 6, 2, 3, -1,
				6, 5, 1, 2, -1,
				5, 4, 0, 1, -1,
				4, 5, 6, 7, -1,
			]
			solid FALSE
		}
	}
#---------- SOLID: pixel_1_param:0
	Shape {
		appearance Appearance {
			material Material {
				diffuseColor 1 1 1
				transparency 0.7
			}
		}
		geometry IndexedFaceSet {
			coord Coordinate {
				point [
					382.185 71.2985 -69.3345,
					369.874 119.759 -69.3345,
					358.34 116.829 -117.898,
					370.651 68.3683 -117.898,
					372.772 68.907 -66.9544,
					360.461 117.368 -66.9544,
					348.926 114.437 -115.518,
					361.238 65.9768 -115.518,
				]
			}
			coordIndex [
				0, 3, 2, 1, -1,
				4, 7, 3, 0, -1,
				7, 6, 2, 3, -1,
				6, 5, 1, 2, -1,
				5, 4, 0, 1, -1,
				4, 5, 6, 7, -1,
			]
			solid FALSE
		}
	}
#---------- SOLID: Collimator_2:0
	Shape {
		appearance Appearance {
			material Material {
				diffuseColor 1 1 1
				transparency 0.7
			}
		}
		geometry IndexedFaceSet {
			coord Coordinate {
				point [
					333.244 117.65 -65.3148,
					311.429 167.047 -65.3148,
					298.792 161.467 -117.518,
					320.607 112.069 -117.518,
					244.893 104.705 -67.215,
					242.348 110.468 -67.215,
					240.873 109.817 -73.3054,
					243.418 104.054 -73.3054,
					347.536 120.684 -65.9971,
					323.298 175.57 -65.9971,
					309.257 169.37 -124.001,
					333.496 114.484 -124.001,
					335.156 115.217 -62.4157,
					310.917 170.103 -62.4157,
					296.876 163.902 -120.419,
					321.115 109.016 -120.419,
					346.258 122.308 -67.9315,
					323.636 173.535 -67.9315,
					310.531 167.748 -122.068,
					333.154 116.521 -122.068,
					320.774 111.054 -118.487,
					333.879 116.841 -64.3504,
					298.151 162.281 -118.487,
					311.256 168.068 -64.3504,
					243.62 106.326 -69.147,
					242.69 108.43 -69.147,
					242.152 108.192 -71.3705,
					243.081 106.088 -71.3705,
					320.269 114.104 -115.582,
					331.969 119.271 -67.2468,
					300.07 159.841 -115.582,
					311.77 165.009 -67.2468,
					244.893 104.705 -67.2151,
					242.348 110.468 -67.2151,
					240.873 109.817 -73.3055,
					243.418 104.053 -73.3055,
					242.845 102.763 -65.5306,
					239.533 110.262 -65.5306,
					237.615 109.415 -73.455,
					240.927 101.916 -73.455,
					243.616 106.327 -69.1486,
					242.687 108.431 -69.1486,
					242.149 108.194 -71.3721,
					243.078 106.09 -71.3721,
					240.587 103.952 -71.5217,
					241.569 104.386 -67.4642,
					238.891 107.792 -71.5217,
					239.873 108.226 -67.4642,
				]
			}
			coordIndex [
				4, 7, 3, 0, -1,
				7, 6, 2, 3, -1,
				6, 5, 1, 2, -1,
				5, 4, 0, 1, -1,
				4, 5, 6, 7, -1,
				8, 11, 10, 9, -1,
				12, 15, 11, 8, -1,
				15, 14, 10, 11, -1,
				14, 13, 9, 10, -1,
				13, 12, 8, 9, -1,
				16, 17, 18, 19, -1,
				12, 13, 21, -1,
				23, 21, 13, -1,
				15, 12, 21, -1,
				22, 23, 13, -1,
				15, 21, 20, -1,
				22, 13, 14, -1,
				14, 15, 20, -1,
				20, 22, 14, -1,
				21, 16, 19, -1,
				19, 20, 21, -1,
				20, 19, 18, -1,
				18, 22, 20, -1,
				22, 18, 17, -1,
				17, 23, 22, -1,
				23, 17, 16, -1,
				16, 21, 23, -1,
				24, 27, 26, 25, -1,
				3, 30, 28, -1,
				30, 3, 2, -1,
				0, 3, 28, -1,
				31, 30, 2, -1,
				0, 28, 29, -1,
				31, 2, 1, -1,
				1, 0, 29, -1,
				29, 31, 1, -1,
				28, 27, 24, -1,
				24, 29, 28, -1,
				30, 26, 27, -1,
				27, 28, 30, -1,
				31, 25, 26, -1,
				26, 30, 31, -1,
				29, 24, 25, -1,
				25, 31, 29, -1,
				32, 35, 34, 33, -1,
				36, 39, 35, 32, -1,
				39, 38, 34, 35, -1,
				38, 37, 33, 34, -1,
				37, 36, 32, 33, -1,
				40, 41, 42, 43, -1,
				36, 37, 45, -1,
				47, 45, 37, -1,
				39, 36, 45, -1,
				46, 47, 37, -1,
				39, 45, 44, -1,
				46, 37, 38, -1,
				38, 39, 44, -1,
				44, 46, 38, -1,
				45, 40, 43, -1,
				43, 44, 45, -1,
				44, 43, 42, -1,
				42, 46, 44, -1,
				46, 42, 41, -1,
				41, 47, 46, -1,
				47, 41, 40, -1,
				40, 45, 47, -1,
			]
			solid FALSE
		}
	}
#---------- SOLID: DetectorCrystal_2:0
	Shape {
		appearance Appearance {
			material Material {
				diffuseColor 1 1 1
				transparency 0.7
			}
		}
		geometry IndexedFaceSet {
			coord Coordinate {
				point [
					340.811 123.178 -69.8064,
					320.612 168.916 -69.8064,
					308.912 163.749 -118.143,
					329.11 118.011 -118.143,
					331.968 119.273 -67.2482,
					311.769 165.011 -67.2482,
					300.068 159.844 -115.584,
					320.267 114.105 -115.584,
				]
			}
			coordIndex [
				0, 3, 2, 1, -1,
				4, 7, 3, 0, -1,
				7, 6, 2, 3, -1,
				6, 5, 1, 2, -1,
				5, 4, 0, 1, -1,
				4, 5, 6, 7, -1,
			]
			solid FALSE
		}
	}
#---------- SOLID: pixel_2_param:0
	Shape {
		appearance Appearance {
			material Material {
				diffuseColor 1 1 1
				transparency 0.7
			}
		}
		geometry IndexedFaceSet {
			coord Coordinate {
				point [
					340.811 123.178 -69.8064,
					320.612 168.916 -69.8064,
					308.912 163.749 -118.143,
					329.11 118.011 -118.143,
					331.968 119.273 -67.2482,
					311.769 165.011 -67.2482,
					300.068 159.844 -115.584,
					320.267 114.105 -115.584,
				]
			}
			coordIndex [
				0, 3, 2, 1, -1,
				4, 7, 3, 0, -1,
				7, 6, 2, 3, -1,
				6, 5, 1, 2, -1,
				5, 4, 0, 1, -1,
				4, 5, 6, 7, -1,
			]
			solid FALSE
		}
	}
#---------- SOLID: Collimator_3:0
	Shape {
		appearance Appearance {
			material Material {
				diffuseColor 1 1 1
				transparency 0.7
			}
		}
		geometry IndexedFaceSet {
			coord Coordinate {
				point [
					282.917 159.685 -65.711,
					252.558 204.342 -65.711,
					240.128 195.892 -117.577,
					270.487 151.234 -117.577,
					203.829 134.758 -67.5264,
					200.287 139.968 -67.5264,
					198.837 138.982 -73.5774,
					202.378 133.772 -73.5774,
					296.413 165.234 -66.7274,
					262.68 214.854 -66.7274,
					248.869 205.464 -124.356,
					282.601 155.844 -124.356,
					285.292 157.674 -62.8306,
					251.56 207.294 -62.8306,
					237.748 197.904 -120.459,
					271.481 148.285 -120.459,
					294.826 166.576 -68.6493,
					263.342 212.887 -68.6493,
					250.452 204.124 -122.436,
					281.935 157.812 -122.436,
					270.816 150.253 -118.54,
					283.706 159.016 -64.7528,
					239.332 196.565 -118.54,
					252.223 205.328 -64.7528,
					202.247 136.098 -69.446,
					200.954 138 -69.446,
					200.424 137.64 -71.6551,
					201.717 135.738 -71.6551,
					269.825 153.2 -115.654,
					281.334 161.024 -67.6306,
					241.715 194.549 -115.654,
					253.224 202.373 -67.6306,
					203.829 134.758 -67.5265,
					200.287 139.968 -67.5265,
					198.836 138.982 -73.5775,
					202.378 133.772 -73.5775,
					202.266 132.443 -65.697,
					197.56 139.366 -65.697,
					195.633 138.056 -73.7368,
					200.339 131.134 -73.7368,
					202.244 136.099 -69.4475,
					200.95 138.001 -69.4475,
					200.421 137.641 -71.6566,
					201.714 135.739 -71.6566,
					199.675 133.101 -71.8159,
					200.681 133.785 -67.6181,
					197.218 136.715 -71.8159,
					198.224 137.399 -67.6181,
				]
			}
			coordIndex [
				4, 7, 3, 0, -1,
				7, 6, 2, 3, -1,
				6, 5, 1, 2, -1,
				5, 4, 0, 1, -1,
				4, 5, 6, 7, -1,
				8, 11, 10, 9, -1,
				12, 15, 11, 8, -1,
				15, 14, 10, 11, -1,
				14, 13, 9, 10, -1,
				13, 12, 8, 9, -1,
				16, 17, 18, 19, -1,
				12, 13, 21, -1,
				23, 21, 13, -1,
				15, 12, 21, -1,
				22, 23, 13, -1,
				15, 21, 20, -1,
				22, 13, 14, -1,
				14, 15, 20, -1,
				20, 22, 14, -1,
				21, 16, 19, -1,
				19, 20, 21, -1,
				20, 19, 18, -1,
				18, 22, 20, -1,
				22, 18, 17, -1,
				17, 23, 22, -1,
				23, 17, 16, -1,
				16, 21, 23, -1,
				24, 27, 26, 25, -1,
				3, 30, 28, -1,
				30, 3, 2, -1,
				0, 3, 28, -1,
				31, 30, 2, -1,
				0, 28, 29, -1,
				31, 2, 1, -1,
				1, 0, 29, -1,
				29, 31, 1, -1,
				28, 27, 24, -1,
				24, 29, 28, -1,
				30, 26, 27, -1,
				27, 28, 30, -1,
				31, 25, 26, -1,
				26, 30, 31, -1,
				29, 24, 25, -1,
				25, 31, 29, -1,
				32, 35, 34, 33, -1,
				36, 39, 35, 32, -1,
				39, 38, 34, 35, -1,
				38, 37, 33, 34, -1,
				37, 36, 32, 33, -1,
				40, 41, 42, 43, -1,
				36, 37, 45, -1,
				47, 45, 37, -1,
				39, 36, 45, -1,
				46, 47, 37, -1,
				39, 45, 44, -1,
				46, 37, 38, -1,
				38, 39, 44, -1,
				44, 46, 38, -1,
				45, 40, 43, -1,
				43, 44, 45, -1,
				44, 43, 42, -1,
				42, 46, 44, -1,
				46, 42, 41, -1,
				41, 47, 46, -1,
				47, 41, 40, -1,
				40, 45, 47, -1,
			]
			solid FALSE
		}
	}
#---------- SOLID: DetectorCrystal_3:0
	Shape {
		appearance Appearance {
			material Material {
				diffuseColor 1 1 1
				transparency 0.7
			}
		}
		geometry IndexedFaceSet {
			coord Coordinate {
				point [
					289.276 166.426 -70.4154,
					261.165 207.775 -70.4154,
					249.656 199.951 -118.439,
					277.766 158.601 -118.439,
					281.333 161.026 -67.6319,
					253.222 202.375 -67.6319,
					241.713 194.551 -115.656,
					269.823 153.201 -115.656,
				]
			}
			coordIndex [
				0, 3, 2, 1, -1,
				4, 7, 3, 0, -1,
				7, 6, 2, 3, -1,
				6, 5, 1, 2, -1,
				5, 4, 0, 1, -1,
				4, 5, 6, 7, -1,
			]
			solid FALSE
		}
	}
#---------- SOLID: pixel_3_param:0
	Shape {
		appearance Appearance {
			material Material {
				diffuseColor 1 1 1
				transparency 0.7
			}
		}
		geometry IndexedFaceSet {
			coord Coordinate {
				point [
					289.276 166.426 -70.4154,
					261.165 207.775 -70.4154,
					249.656 199.951 -118.439,
					277.766 158.601 -118.439,
					281.333 161.026 -67.6319,
					253.222 202.375 -67.6319,
					241.713 194.551 -115.656,
					269.823 153.201 -115.656,
				]
			}
			coordIndex [
				0, 3, 2, 1, -1,
				4, 7, 3, 0, -1,
				7, 6, 2, 3, -1,
				6, 5, 1, 2, -1,
				5, 4, 0, 1, -1,
				4, 5, 6, 7, -1,
			]
			solid FALSE
		}
	}
#---------- SOLID: Collimator_4:0
	Shape {
		appearance Appearance {
			material Material {
				diffuseColor 1 1 1
				transparency 0.7
			}
		}
		geometry IndexedFaceSet {
			coord Coordinate {
				point [
					225.992 192.383 -66.1938,
					187.393 230.146 -66.1938,
					175.887 218.387 -117.627,
					214.486 180.623 -117.627,
					157.941 156.93 -67.9054,
					153.438 161.336 -67.9054,
					152.095 159.964 -73.9058,
					156.599 155.558 -73.9058,
					238.098 200.47 -67.6027,
					195.21 242.429 -67.6027,
					182.427 229.363 -124.75,
					225.314 187.403 -124.75,
					228.773 190.938 -63.3374,
					185.885 232.898 -63.3374,
					173.101 219.831 -120.485,
					215.989 177.872 -120.485,
					236.24 201.433 -69.5086,
					196.212 240.596 -69.5086,
					184.28 228.4 -122.846,
					224.309 189.238 -122.846,
					214.984 179.707 -118.581,
					226.916 191.902 -65.2435,
					174.956 218.869 -118.581,
					186.887 231.065 -65.2435,
					156.088 157.893 -69.8091,
					154.444 159.502 -69.8091,
					153.954 159.001 -71.9998,
					155.598 157.392 -71.9998,
					213.485 182.456 -115.72,
					224.138 193.345 -68.0976,
					177.745 217.422 -115.72,
					188.398 228.311 -68.0976,
					157.941 156.93 -67.9054,
					153.438 161.336 -67.9054,
					152.095 159.964 -73.9059,
					156.599 155.558 -73.9059,
					156.998 154.34 -65.9076,
					150.868 160.337 -65.9076,
					149.041 158.469 -74.0757,
					155.171 152.472 -74.0757,
					156.085 157.893 -69.8104,
					154.441 159.502 -69.8104,
					153.951 159.001 -72.0011,
					155.595 157.392 -72.0011,
					154.168 154.306 -72.1709,
					155.142 155.303 -67.8127,
					150.897 157.506 -72.1709,
					151.872 158.503 -67.8127,
				]
			}
			coordIndex [
				4, 7, 3, 0, -1,
				7, 6, 2, 3, -1,
				6, 5, 1, 2, -1,
				5, 4, 0, 1, -1,
				4, 5, 6, 7, -1,
				8, 11, 10, 9, -1,
				12, 15, 11, 8, -1,
				15, 14, 10, 11, -1,
				14, 13, 9, 10, -1,
				13, 12, 8, 9, -1,
				16, 17, 18, 19, -1,
				12, 13, 21, -1,
				23, 21, 13, -1,
				15, 12, 21, -1,
				22, 23, 13, -1,
				15, 21, 20, -1,
				22, 13, 14, -1,
				14, 15, 20, -1,
				20, 22, 14, -1,
				21, 16, 19, -1,
				19, 20, 21, -1,
				20, 19, 18, -1,
				18, 22, 20, -1,
				22, 18, 17, -1,
				17, 23, 22, -1,
				23, 17, 16, -1,
				16, 21, 23, -1,
				24, 27, 26, 25, -1,
				3, 30, 28, -1,
				30, 3, 2, -1,
				0, 3, 28, -1,
				31, 30, 2, -1,
				0, 28, 29, -1,
				31, 2, 1, -1,
				1, 0, 29, -1,
				29, 31, 1, -1,
				28, 27, 24, -1,
				24, 29, 28, -1,
				30, 26, 27, -1,
				27, 28, 30, -1,
				31, 25, 26, -1,
				26, 30, 31, -1,
				29, 24, 25, -1,
				25, 31, 29, -1,
				32, 35, 34, 33, -1,
				36, 39, 35, 32, -1,
				39, 38, 34, 35, -1,
				38, 37, 33, 34, -1,
				37, 36, 32, 33, -1,
				40, 41, 42, 43, -1,
				36, 37, 45, -1,
				47, 45, 37, -1,
				39, 36, 45, -1,
				46, 47, 37, -1,
				39, 45, 44, -1,
				46, 37, 38, -1,
				38, 39, 44, -1,
				44, 46, 38, -1,
				45, 40, 43, -1,
				43, 44, 45, -1,
				44, 43, 42, -1,
				42, 46, 44, -1,
				46, 42, 41, -1,
				41, 47, 46, -1,
				47, 41, 40, -1,
				40, 45, 47, -1,
			]
			solid FALSE
		}
	}
#---------- SOLID: DetectorCrystal_4:0
	Shape {
		appearance Appearance {
			material Material {
				diffuseColor 1 1 1
				transparency 0.7
			}
		}
		geometry IndexedFaceSet {
			coord Coordinate {
				point [
					230.797 200.154 -71.1454,
					195.057 235.12 -71.1454,
					184.404 224.232 -118.768,
					220.144 189.265 -118.768,
					224.136 193.346 -68.0987,
					188.396 228.312 -68.0987,
					177.743 217.423 -115.722,
					213.483 182.457 -115.722,
				]
			}
			coordIndex [
				0, 3, 2, 1, -1,
				4, 7, 3, 0, -1,
				7, 6, 2, 3, -1,
				6, 5, 1, 2, -1,
				5, 4, 0, 1, -1,
				4, 5, 6, 7, -1,
			]
			solid FALSE
		}
	}
#---------- SOLID: pixel_4_param:0
	Shape {
		appearance Appearance {
			material Material {
				diffuseColor 1 1 1
				transparency 0.7
			}
		}
		geometry IndexedFaceSet {
			coord Coordinate {
				point [
					230.797 200.154 -71.1454,
					195.057 235.12 -71.1454,
					184.404 224.232 -118.768,
					220.144 189.265 -118.768,
					224.136 193.346 -68.0987,
					188.396 228.312 -68.0987,
					177.743 217.423 -115.722,
					213.483 182.457 -115.722,
				]
			}
			coordIndex [
				0, 3, 2, 1, -1,
				4, 7, 3, 0, -1,
				7, 6, 2, 3, -1,
				6, 5, 1, 2, -1,
				5, 4, 0, 1, -1,
				4, 5, 6, 7, -1,
			]
			solid FALSE
		}
	}
#---------- SOLID: Collimator_5:0
	Shape {
		appearance Appearance {
			material Material {
				diffuseColor 1 1 1
				transparency 0.7
			}
		}
		geometry IndexedFaceSet {
			coord Coordinate {
				point [
					165.111 215.811 -66.8078,
					119.176 244.2 -66.8078,
					109.726 228.91 -117.729,
					155.662 200.521 -117.729,
					109.502 171.195 -68.3838,
					104.143 174.507 -68.3838,
					103.04 172.723 -74.3246,
					108.399 169.411 -74.3246,
					175.126 226.313 -68.6397,
					124.087 257.856 -68.6397,
					113.587 240.867 -125.218,
					164.627 209.325 -125.218,
					168.186 215.083 -63.9798,
					117.146 246.626 -63.9798,
					106.647 229.637 -120.558,
					157.687 198.094 -120.558,
					173.073 226.798 -70.5266,
					125.436 256.238 -70.5266,
					115.637 240.382 -123.333,
					163.274 210.942 -123.333,
					156.334 199.713 -118.674,
					166.133 215.569 -65.8669,
					108.697 229.153 -118.674,
					118.496 245.009 -65.8669,
					107.453 171.68 -70.2688,
					105.496 172.89 -70.2688,
					105.094 172.238 -72.4376,
					107.05 171.029 -72.4376,
					154.313 202.139 -115.841,
					163.062 216.296 -68.6927,
					111.78 228.424 -115.841,
					120.529 242.581 -68.6927,
					109.502 171.195 -68.3839,
					104.143 174.507 -68.3839,
					103.04 172.723 -74.3246,
					108.399 169.411 -74.3246,
					109.295 168.485 -66.2079,
					101.812 173.11 -66.2079,
					100.272 170.619 -74.5034,
					107.756 165.994 -74.5034,
					107.45 171.68 -70.2699,
					105.494 172.889 -70.2699,
					105.091 172.238 -72.4388,
					107.048 171.029 -72.4388,
					106.404 167.612 -72.6176,
					107.244 168.971 -68.094,
					102.324 170.134 -72.6176,
					103.163 171.492 -68.094,
				]
			}
			coordIndex [
				4, 7, 3, 0, -1,
				7, 6, 2, 3, -1,
				6, 5, 1, 2, -1,
				5, 4, 0, 1, -1,
				4, 5, 6, 7, -1,
				8, 11, 10, 9, -1,
				12, 15, 11, 8, -1,
				15, 14, 10, 11, -1,
				14, 13, 9, 10, -1,
				13, 12, 8, 9, -1,
				16, 17, 18, 19, -1,
				12, 13, 21, -1,
				23, 21, 13, -1,
				15, 12, 21, -1,
				22, 23, 13, -1,
				15, 21, 20, -1,
				22, 13, 14, -1,
				14, 15, 20, -1,
				20, 22, 14, -1,
				21, 16, 19, -1,
				19, 20, 21, -1,
				20, 19, 18, -1,
				18, 22, 20, -1,
				22, 18, 17, -1,
				17, 23, 22, -1,
				23, 17, 16, -1,
				16, 21, 23, -1,
				24, 27, 26, 25, -1,
				3, 30, 28, -1,
				30, 3, 2, -1,
				0, 3, 28, -1,
				31, 30, 2, -1,
				0, 28, 29, -1,
				31, 2, 1, -1,
				1, 0, 29, -1,
				29, 31, 1, -1,
				28, 27, 24, -1,
				24, 29, 28, -1,
				30, 26, 27, -1,
				27, 28, 30, -1,
				31, 25, 26, -1,
				26, 30, 31, -1,
				29, 24, 25, -1,
				25, 31, 29, -1,
				32, 35, 34, 33, -1,
				36, 39, 35, 32, -1,
				39, 38, 34, 35, -1,
				38, 37, 33, 34, -1,
				37, 36, 32, 33, -1,
				40, 41, 42, 43, -1,
				36, 37, 45, -1,
				47, 45, 37, -1,
				39, 36, 45, -1,
				46, 47, 37, -1,
				39, 45, 44, -1,
				46, 37, 38, -1,
				38, 39, 44, -1,
				44, 46, 38, -1,
				45, 40, 43, -1,
				43, 44, 45, -1,
				44, 43, 42, -1,
				42, 46, 44, -1,
				46, 42, 41, -1,
				41, 47, 46, -1,
				47, 41, 40, -1,
				40, 45, 47, -1,
			]
			solid FALSE
		}
	}
#---------- SOLID: DetectorCrystal_5:0
	Shape {
		appearance Appearance {
			material Material {
				diffuseColor 1 1 1
				transparency 0.7
			}
		}
		geometry IndexedFaceSet {
			coord Coordinate {
				point [
					168.018 224.318 -72.0222,
					125.484 250.603 -72.0222,
					116.735 236.446 -119.171,
					159.268 210.161 -119.171,
					163.06 216.296 -68.6937,
					120.527 242.582 -68.6937,
					111.778 228.425 -115.843,
					154.311 202.139 -115.843,
				]
			}
			coordIndex [
				0, 3, 2, 1, -1,
				4, 7, 3, 0, -1,
				7, 6, 2, 3, -1,
				6, 5, 1, 2, -1,
				5, 4, 0, 1, -1,
				4, 5, 6, 7, -1,
			]
			solid FALSE
		}
	}
#---------- SOLID: pixel_5_param:0
	Shape {
		appearance Appearance {
			material Material {
				diffuseColor 1 1 1
				transparency 0.7
			}
		}
		geometry IndexedFaceSet {
			coord Coordinate {
				point [
					168.018 224.318 -72.0222,
					125.484 250.603 -72.0222,
					116.735 236.446 -119.171,
					159.268 210.161 -119.171,
					163.06 216.296 -68.6937,
					120.527 242.582 -68.6937,
					111.778 228.425 -115.843,
					154.311 202.139 -115.843,
				]
			}
			coordIndex [
				0, 3, 2, 1, -1,
				4, 7, 3, 0, -1,
				7, 6, 2, 3, -1,
				6, 5, 1, 2, -1,
				5, 4, 0, 1, -1,
				4, 5, 6, 7, -1,
			]
			solid FALSE
		}
	}
#---------- SOLID: Collimator_6:0
	Shape {
		appearance Appearance {
			material Material {
				diffuseColor 1 1 1
				transparency 0.7
			}
		}
		geometry IndexedFaceSet {
			coord Coordinate {
				point [
					101.863 230.345 -67.4073,
					50.4202 246.765 -67.4073,
					44.5247 228.294 -117.806,
					95.9678 211.874 -117.806,
					60.0853 177.89 -68.8496,
					54.0836 179.806 -68.8496,
					53.3958 177.651 -74.7294,
					59.3975 175.735 -74.7294,
					109.02 242.906 -69.635,
					51.8607 261.15 -69.635,
					45.3101 240.627 -125.634,
					102.469 222.383 -125.634,
					105.047 230.459 -64.6082,
					47.8877 248.702 -64.6082,
					41.337 228.179 -120.607,
					98.4961 209.935 -120.607,
					106.894 242.83 -71.5025,
					53.5456 259.857 -71.5025,
					47.4317 240.702 -123.768,
					100.78 223.674 -123.768,
					96.8073 211.227 -118.742,
					102.921 230.383 -66.4761,
					43.4589 228.255 -118.742,
					49.5728 247.41 -66.4761,
					57.9638 177.815 -70.7153,
					55.7727 178.514 -70.7153,
					55.5216 177.727 -72.8619,
					57.7127 177.028 -72.8619,
					94.2824 213.167 -115.938,
					99.7411 230.269 -69.273,
					46.6506 228.37 -115.938,
					52.1094 245.472 -69.273,
					60.0854 177.89 -68.8496,
					54.0837 179.805 -68.8496,
					53.3959 177.65 -74.7295,
					59.3976 175.735 -74.7295,
					60.6708 175.274 -66.5095,
					52.091 178.012 -66.5095,
					51.1078 174.931 -74.9152,
					59.6875 172.193 -74.9152,
					57.9616 177.814 -70.7163,
					55.7705 178.513 -70.7163,
					55.5194 177.726 -72.8629,
					57.7105 177.027 -72.8629,
					58.0004 173.485 -73.0486,
					58.547 175.198 -68.3763,
					53.2313 175.007 -73.0486,
					53.7779 176.72 -68.3763,
				]
			}
			coordIndex [
				4, 7, 3, 0, -1,
				7, 6, 2, 3, -1,
				6, 5, 1, 2, -1,
				5, 4, 0, 1, -1,
				4, 5, 6, 7, -1,
				8, 11, 10, 9, -1,
				12, 15, 11, 8, -1,
				15, 14, 10, 11, -1,
				14, 13, 9, 10, -1,
				13, 12, 8, 9, -1,
				16, 17, 18, 19, -1,
				12, 13, 21, -1,
				23, 21, 13, -1,
				15, 12, 21, -1,
				22, 23, 13, -1,
				15, 21, 20, -1,
				22, 13, 14, -1,
				14, 15, 20, -1,
				20, 22, 14, -1,
				21, 16, 19, -1,
				19, 20, 21, -1,
				20, 19, 18, -1,
				18, 22, 20, -1,
				22, 18, 17, -1,
				17, 23, 22, -1,
				23, 17, 16, -1,
				16, 21, 23, -1,
				24, 27, 26, 25, -1,
				3, 30, 28, -1,
				30, 3, 2, -1,
				0, 3, 28, -1,
				31, 30, 2, -1,
				0, 28, 29, -1,
				31, 2, 1, -1,
				1, 0, 29, -1,
				29, 31, 1, -1,
				28, 27, 24, -1,
				24, 29, 28, -1,
				30, 26, 27, -1,
				27, 28, 30, -1,
				31, 25, 26, -1,
				26, 30, 31, -1,
				29, 24, 25, -1,
				25, 31, 29, -1,
				32, 35, 34, 33, -1,
				36, 39, 35, 32, -1,
				39, 38, 34, 35, -1,
				38, 37, 33, 34, -1,
				37, 36, 32, 33, -1,
				40, 41, 42, 43, -1,
				36, 37, 45, -1,
				47, 45, 37, -1,
				39, 36, 45, -1,
				46, 47, 37, -1,
				39, 45, 44, -1,
				46, 37, 38, -1,
				38, 39, 44, -1,
				44, 46, 38, -1,
				45, 40, 43, -1,
				43, 44, 45, -1,
				44, 43, 42, -1,
				42, 46, 44, -1,
				46, 42, 41, -1,
				41, 47, 46, -1,
				47, 41, 40, -1,
				40, 45, 47, -1,
			]
			solid FALSE
		}
	}
#---------- SOLID: DetectorCrystal_6:0
	Shape {
		appearance Appearance {
			material Material {
				diffuseColor 1 1 1
				transparency 0.7
			}
		}
		geometry IndexedFaceSet {
			coord Coordinate {
				point [
					102.578 239.161 -72.8645,
					54.9451 254.364 -72.8645,
					49.4862 237.261 -119.53,
					97.1188 222.058 -119.53,
					99.7397 230.269 -69.2739,
					52.1072 245.473 -69.2739,
					46.6483 228.37 -115.94,
					94.2809 213.167 -115.94,
				]
			}
			coordIndex [
				0, 3, 2, 1, -1,
				4, 7, 3, 0, -1,
				7, 6, 2, 3, -1,
				6, 5, 1, 2, -1,
				5, 4, 0, 1, -1,
				4, 5, 6, 7, -1,
			]
			solid FALSE
		}
	}
#---------- SOLID: pixel_6_param:0
	Shape {
		appearance Appearance {
			material Material {
				diffuseColor 1 1 1
				transparency 0.7
			}
		}
		geometry IndexedFaceSet {
			coord Coordinate {
				point [
					102.578 239.161 -72.8645,
					54.9451 254.364 -72.8645,
					49.4862 237.261 -119.53,
					97.1188 222.058 -119.53,
					99.7397 230.269 -69.2739,
					52.1072 245.473 -69.2739,
					46.6483 228.37 -115.94,
					94.2809 213.167 -115.94,
				]
			}
			coordIndex [
				0, 3, 2, 1, -1,
				4, 7, 3, 0, -1,
				7, 6, 2, 3, -1,
				6, 5, 1, 2, -1,
				5, 4, 0, 1, -1,
				4, 5, 6, 7, -1,
			]
			solid FALSE
		}
	}
#---------- SOLID: Collimator_7:0
	Shape {
		appearance Appearance {
			material Material {
				diffuseColor 1 1 1
				transparency 0.7
			}
		}
		geometry IndexedFaceSet {
			coord Coordinate {
				point [
					36.8676 236.008 -67.8707,
					-17.0855 238.258 -67.8707,
					-17.9372 217.839 -117.854,
					36.0159 215.589 -117.854,
					10.5484 177.306 -69.2084,
					4.25384 177.568 -69.2084,
					4.15447 175.186 -75.0398,
					10.449 174.924 -75.0398,
					40.4506 249.963 -70.3931,
					-19.4973 252.464 -70.3931,
					-20.4436 229.776 -125.93,
					39.5043 227.275 -125.93,
					39.9106 237.016 -65.0947,
					-20.0373 239.516 -65.0947,
					-20.9836 216.828 -120.632,
					38.9642 214.328 -120.632,
					38.419 249.289 -72.2451,
					-17.5323 251.623 -72.2451,
					-18.4156 230.448 -124.08,
					37.5358 228.114 -124.08,
					36.9958 215.167 -118.782,
					37.879 236.342 -66.9471,
					-18.9556 217.501 -118.782,
					-18.0723 238.676 -66.9471,
					8.52031 176.634 -71.0588,
					6.22231 176.73 -71.0588,
					6.18603 175.86 -73.1877,
					8.48404 175.765 -73.1877,
					34.0505 216.429 -116.001,
					34.8391 235.335 -69.7212,
					-15.9052 218.513 -116.001,
					-15.1166 237.419 -69.7212,
					10.5486 177.306 -69.2084,
					4.25403 177.568 -69.2084,
					4.15467 175.186 -75.0398,
					10.4492 174.923 -75.0398,
					11.8858 175.013 -66.7479,
					2.73049 175.395 -66.7479,
					2.58597 171.93 -75.2296,
					11.7413 171.548 -75.2296,
					8.51859 176.633 -71.0598,
					6.22059 176.728 -71.0598,
					6.18431 175.859 -73.1887,
					8.48231 175.763 -73.1887,
					9.77437 172.388 -73.3785,
					9.85581 174.34 -68.5993,
					4.61565 172.603 -73.3785,
					4.69709 174.555 -68.5993,
				]
			}
			coordIndex [
				4, 7, 3, 0, -1,
				7, 6, 2, 3, -1,
				6, 5, 1, 2, -1,
				5, 4, 0, 1, -1,
				4, 5, 6, 7, -1,
				8, 11, 10, 9, -1,
				12, 15, 11, 8, -1,
				15, 14, 10, 11, -1,
				14, 13, 9, 10, -1,
				13, 12, 8, 9, -1,
				16, 17, 18, 19, -1,
				12, 13, 21, -1,
				23, 21, 13, -1,
				15, 12, 21, -1,
				22, 23, 13, -1,
				15, 21, 20, -1,
				22, 13, 14, -1,
				14, 15, 20, -1,
				20, 22, 14, -1,
				21, 16, 19, -1,
				19, 20, 21, -1,
				20, 19, 18, -1,
				18, 22, 20, -1,
				22, 18, 17, -1,
				17, 23, 22, -1,
				23, 17, 16, -1,
				16, 21, 23, -1,
				24, 27, 26, 25, -1,
				3, 30, 28, -1,
				30, 3, 2, -1,
				0, 3, 28, -1,
				31, 30, 2, -1,
				0, 28, 29, -1,
				31, 2, 1, -1,
				1, 0, 29, -1,
				29, 31, 1, -1,
				28, 27, 24, -1,
				24, 29, 28, -1,
				30, 26, 27, -1,
				27, 28, 30, -1,
				31, 25, 26, -1,
				26, 30, 31, -1,
				29, 24, 25, -1,
				25, 31, 29, -1,
				32, 35, 34, 33, -1,
				36, 39, 35, 32, -1,
				39, 38, 34, 35, -1,
				38, 37, 33, 34, -1,
				37, 36, 32, 33, -1,
				40, 41, 42, 43, -1,
				36, 37, 45, -1,
				47, 45, 37, -1,
				39, 36, 45, -1,
				46, 47, 37, -1,
				39, 45, 44, -1,
				46, 37, 38, -1,
				38, 39, 44, -1,
				44, 46, 38, -1,
				45, 40, 43, -1,
				43, 44, 45, -1,
				44, 43, 42, -1,
				42, 46, 44, -1,
				46, 42, 41, -1,
				41, 47, 46, -1,
				47, 41, 40, -1,
				40, 45, 47, -1,
			]
			solid FALSE
		}
	}
#---------- SOLID: DetectorCrystal_7:0
	Shape {
		appearance Appearance {
			material Material {
				diffuseColor 1 1 1
				transparency 0.7
			}
		}
		geometry IndexedFaceSet {
			coord Coordinate {
				point [
					35.2236 244.583 -73.5065,
					-14.733 246.667 -73.5065,
					-15.5216 227.76 -119.787,
					34.435 225.676 -119.787,
					34.8378 235.335 -69.7219,
					-15.1188 237.418 -69.7219,
					-15.9074 218.512 -116.003,
					34.0492 216.428 -116.003,
				]
			}
			coordIndex [
				0, 3, 2, 1, -1,
				4, 7, 3, 0, -1,
				7, 6, 2, 3, -1,
				6, 5, 1, 2, -1,
				5, 4, 0, 1, -1,
				4, 5, 6, 7, -1,
			]
			solid FALSE
		}
	}
#---------- SOLID: pixel_7_param:0
	Shape {
		appearance Appearance {
			material Material {
				diffuseColor 1 1 1
				transparency 0.7
			}
		}
		geometry IndexedFaceSet {
			coord Coordinate {
				point [
					35.2236 244.583 -73.5065,
					-14.733 246.667 -73.5065,
					-15.5216 227.76 -119.787,
					34.435 225.676 -119.787,
					34.8378 235.335 -69.7219,
					-15.1188 237.418 -69.7219,
					-15.9074 218.512 -116.003,
					34.0492 216.428 -116.003,
				]
			}
			coordIndex [
				0, 3, 2, 1, -1,
				4, 7, 3, 0, -1,
				7, 6, 2, 3, -1,
				6, 5, 1, 2, -1,
				5, 4, 0, 1, -1,
				4, 5, 6, 7, -1,
			]
			solid FALSE
		}
	}
#---------- SOLID: Collimator_8:0
	Shape {
		appearance Appearance {
			material Material {
				diffuseColor 1 1 1
				transparency 0.7
			}
		}
		geometry IndexedFaceSet {
			coord Coordinate {
				point [
					-30.052 231.929 -68.0674,
					-82.4451 218.854 -68.0674,
					-77.3919 198.605 -117.872,
					-24.9988 211.68 -117.872,
					-38.9968 169.272 -69.3603,
					-45.1093 167.746 -69.3603,
					-44.5198 165.384 -75.1709,
					-38.4073 166.909 -75.1709,
					-30.5498 246.306 -70.7119,
					-88.7644 231.778 -70.7119,
					-83.1497 209.28 -126.05,
					-24.9351 223.808 -126.05,
					-27.4233 233.778 -65.3013,
					-85.6379 219.25 -65.3013,
					-80.0232 196.752 -120.639,
					-21.8086 211.28 -120.639,
					-32.3045 245.07 -72.5573,
					-86.6381 231.511 -72.5573,
					-81.3977 210.513 -124.206,
					-27.0641 224.072 -124.206,
					-23.9378 211.545 -118.796,
					-29.1782 232.543 -67.1471,
					-78.2715 197.985 -118.796,
					-83.5118 218.984 -67.1471,
					-40.7488 168.039 -71.2042,
					-42.9804 167.482 -71.2042,
					-42.7652 166.62 -73.3255,
					-40.5336 167.177 -73.3255,
					-27.1254 211.947 -116.026,
					-31.8042 230.695 -69.9112,
					-75.6367 199.84 -116.026,
					-80.3155 218.589 -69.9112,
					-38.9965 169.272 -69.3604,
					-45.109 167.746 -69.3604,
					-44.5195 165.384 -75.1709,
					-38.407 166.909 -75.1709,
					-37.0428 167.491 -66.8504,
					-45.9969 165.256 -66.8504,
					-45.1333 161.796 -75.3621,
					-36.1792 164.03 -75.3621,
					-40.75 168.037 -71.2051,
					-42.9815 167.48 -71.2051,
					-42.7663 166.618 -73.3264,
					-40.5347 167.175 -73.3264,
					-38.307 164.296 -73.5175,
					-38.7963 166.256 -68.6951,
					-43.3801 163.03 -73.5175,
					-43.8694 164.99 -68.6951,
				]
			}
			coordIndex [
				4, 7, 3, 0, -1,
				7, 6, 2, 3, -1,
				6, 5, 1, 2, -1,
				5, 4, 0, 1, -1,
				4, 5, 6, 7, -1,
				8, 11, 10, 9, -1,
				12, 15, 11, 8, -1,
				15, 14, 10, 11, -1,
				14, 13, 9, 10, -1,
				13, 12, 8, 9, -1,
				16, 17, 18, 19, -1,
				12, 13, 21, -1,
				23, 21, 13, -1,
				15, 12, 21, -1,
				22, 23, 13, -1,
				15, 21, 20, -1,
				22, 13, 14, -1,
				14, 15, 20, -1,
				20, 22, 14, -1,
				21, 16, 19, -1,
				19, 20, 21, -1,
				20, 19, 18, -1,
				18, 22, 20, -1,
				22, 18, 17, -1,
				17, 23, 22, -1,
				23, 17, 16, -1,
				16, 21, 23, -1,
				24, 27, 26, 25, -1,
				3, 30, 28, -1,
				30, 3, 2, -1,
				0, 3, 28, -1,
				31, 30, 2, -1,
				0, 28, 29, -1,
				31, 2, 1, -1,
				1, 0, 29, -1,
				29, 31, 1, -1,
				28, 27, 24, -1,
				24, 29, 28, -1,
				30, 26, 27, -1,
				27, 28, 30, -1,
				31, 25, 26, -1,
				26, 30, 31, -1,
				29, 24, 25, -1,
				25, 31, 29, -1,
				32, 35, 34, 33, -1,
				36, 39, 35, 32, -1,
				39, 38, 34, 35, -1,
				38, 37, 33, 34, -1,
				37, 36, 32, 33, -1,
				40, 41, 42, 43, -1,
				36, 37, 45, -1,
				47, 45, 37, -1,
				39, 36, 45, -1,
				46, 47, 37, -1,
				39, 45, 44, -1,
				46, 37, 38, -1,
				38, 39, 44, -1,
				44, 46, 38, -1,
				45, 40, 43, -1,
				43, 44, 45, -1,
				44, 43, 42, -1,
				42, 46, 44, -1,
				46, 42, 41, -1,
				41, 47, 46, -1,
				47, 41, 40, -1,
				40, 45, 47, -1,
			]
			solid FALSE
		}
	}
#---------- SOLID: DetectorCrystal_8:0
	Shape {
		appearance Appearance {
			material Material {
				diffuseColor 1 1 1
				transparency 0.7
			}
		}
		geometry IndexedFaceSet {
			coord Coordinate {
				point [
					-34.0385 239.643 -73.7767,
					-82.5507 227.536 -73.7767,
					-77.8718 208.788 -119.892,
					-29.3596 220.895 -119.892,
					-31.8053 230.695 -69.912,
					-80.3175 218.588 -69.912,
					-75.6386 199.839 -116.027,
					-27.1264 211.946 -116.027,
				]
			}
			coordIndex [
				0, 3, 2, 1, -1,
				4, 7, 3, 0, -1,
				7, 6, 2, 3, -1,
				6, 5, 1, 2, -1,
				5, 4, 0, 1, -1,
				4, 5, 6, 7, -1,
			]
			solid FALSE
		}
	}
#---------- SOLID: pixel_8_param:0
	Shape {
		appearance Appearance {
			material Material {
				diffuseColor 1 1 1
				transparency 0.7
			}
		}
		geometry IndexedFaceSet {
			coord Coordinate {
				point [
					-34.0385 239.643 -73.7767,
					-82.5507 227.536 -73.7767,
					-77.8718 208.788 -119.892,
					-29.3596 220.895 -119.892,
					-31.8053 230.695 -69.912,
					-80.3175 218.588 -69.912,
					-75.6386 199.839 -116.027,
					-27.1264 211.946 -116.027,
				]
			}
			coordIndex [
				0, 3, 2, 1, -1,
				4, 7, 3, 0, -1,
				7, 6, 2, 3, -1,
				6, 5, 1, 2, -1,
				5, 4, 0, 1, -1,
				4, 5, 6, 7, -1,
			]
			solid FALSE
		}
	}
#---------- SOLID: Collimator_9:0
	Shape {
		appearance Appearance {
			material Material {
				diffuseColor 1 1 1
				transparency 0.7
			}
		}
		geometry IndexedFaceSet {
			coord Coordinate {
				point [
					-96.624 216.714 -67.9321,
					-143.121 189.255 -67.9321,
					-132.66 171.541 -117.86,
					-86.1629 199 -117.86,
					-86.9602 153.448 -69.2559,
					-92.3849 150.244 -69.2559,
					-91.1644 148.178 -75.0807,
					-85.7397 151.381 -75.0807,
					-101.205 230.368 -70.4927,
					-152.869 199.858 -70.4927,
					-141.245 180.176 -125.968,
					-89.5815 210.685 -125.968,
					-94.6227 219.222 -65.1591,
					-146.286 188.712 -65.1591,
					-134.663 169.03 -120.634,
					-82.9993 199.54 -120.634,
					-102.54 228.693 -72.3427,
					-150.76 200.217 -72.3427,
					-139.911 181.847 -124.12,
					-91.6918 210.323 -124.12,
					-85.1102 199.177 -118.786,
					-95.9587 217.548 -67.0095,
					-133.33 170.701 -118.786,
					-144.178 189.072 -67.0095,
					-88.2941 151.777 -71.1042,
					-90.2745 150.607 -71.1042,
					-89.829 149.853 -73.2308,
					-87.8485 151.022 -73.2308,
					-88.2717 198.641 -116.009,
					-97.9577 215.042 -69.7805,
					-131.324 173.216 -116.009,
					-141.01 189.618 -69.7805,
					-86.9598 153.448 -69.2559,
					-92.3845 150.244 -69.2559,
					-91.1641 148.177 -75.0808,
					-85.7394 151.381 -75.0808,
					-84.5871 152.265 -66.7798,
					-92.495 147.595 -66.7798,
					-90.7158 144.583 -75.271,
					-82.808 149.253 -75.271,
					-88.2946 151.774 -71.1051,
					-90.275 150.605 -71.1051,
					-89.8295 149.85 -73.2317,
					-87.849 151.02 -73.2317,
					-84.9178 148.892 -73.4219,
					-85.922 150.592 -68.6291,
					-89.3813 146.256 -73.4219,
					-90.3855 147.956 -68.6291,
				]
			}
			coordIndex [
				4, 7, 3, 0, -1,
				7, 6, 2, 3, -1,
				6, 5, 1, 2, -1,
				5, 4, 0, 1, -1,
				4, 5, 6, 7, -1,
				8, 11, 10, 9, -1,
				12, 15, 11, 8, -1,
				15, 14, 10, 11, -1,
				14, 13, 9, 10, -1,
				13, 12, 8, 9, -1,
				16, 17, 18, 19, -1,
				12, 13, 21, -1,
				23, 21, 13, -1,
				15, 12, 21, -1,
				22, 23, 13, -1,
				15, 21, 20, -1,
				22, 13, 14, -1,
				14, 15, 20, -1,
				20, 22, 14, -1,
				21, 16, 19, -1,
				19, 20, 21, -1,
				20, 19, 18, -1,
				18, 22, 20, -1,
				22, 18, 17, -1,
				17, 23, 22, -1,
				23, 17, 16, -1,
				16, 21, 23, -1,
				24, 27, 26, 25, -1,
				3, 30, 28, -1,
				30, 3, 2, -1,
				0, 3, 28, -1,
				31, 30, 2, -1,
				0, 28, 29, -1,
				31, 2, 1, -1,
				1, 0, 29, -1,
				29, 31, 1, -1,
				28, 27, 24, -1,
				24, 29, 28, -1,
				30, 26, 27, -1,
				27, 28, 30, -1,
				31, 25, 26, -1,
				26, 30, 31, -1,
				29, 24, 25, -1,
				25, 31, 29, -1,
				32, 35, 34, 33, -1,
				36, 39, 35, 32, -1,
				39, 38, 34, 35, -1,
				38, 37, 33, 34, -1,
				37, 36, 32, 33, -1,
				40, 41, 42, 43, -1,
				36, 37, 45, -1,
				47, 45, 37, -1,
				39, 36, 45, -1,
				46, 47, 37, -1,
				39, 45, 44, -1,
				46, 37, 38, -1,
				38, 39, 44, -1,
				44, 46, 38, -1,
				45, 40, 43, -1,
				43, 44, 45, -1,
				44, 43, 42, -1,
				42, 46, 44, -1,
				46, 42, 41, -1,
				41, 47, 46, -1,
				47, 41, 40, -1,
				40, 45, 47, -1,
			]
			solid FALSE
		}
	}
#---------- SOLID: DetectorCrystal_9:0
	Shape {
		appearance Appearance {
			material Material {
				diffuseColor 1 1 1
				transparency 0.7
			}
		}
		geometry IndexedFaceSet {
			coord Coordinate {
				point [
					-102.66 223.003 -73.591,
					-145.713 197.578 -73.591,
					-136.027 181.176 -119.82,
					-92.974 206.601 -119.82,
					-97.9587 215.041 -69.7813,
					-141.012 189.616 -69.7813,
					-131.326 173.214 -116.011,
					-88.2725 198.639 -116.011,
				]
			}
			coordIndex [
				0, 3, 2, 1, -1,
				4, 7, 3, 0, -1,
				7, 6, 2, 3, -1,
				6, 5, 1, 2, -1,
				5, 4, 0, 1, -1,
				4, 5, 6, 7, -1,
			]
			solid FALSE
		}
	}
#---------- SOLID: pixel_9_param:0
	Shape {
		appearance Appearance {
			material Material {
				diffuseColor 1 1 1
				transparency 0.7
			}
		}
		geometry IndexedFaceSet {
			coord Coordinate {
				point [
					-102.66 223.003 -73.591,
					-145.713 197.578 -73.591,
					-136.027 181.176 -119.82,
					-92.974 206.601 -119.82,
					-97.9587 215.041 -69.7813,
					-141.012 189.616 -69.7813,
					-131.326 173.214 -116.011,
					-88.2725 198.639 -116.011,
				]
			}
			coordIndex [
				0, 3, 2, 1, -1,
				4, 7, 3, 0, -1,
				7, 6, 2, 3, -1,
				6, 5, 1, 2, -1,
				5, 4, 0, 1, -1,
				4, 5, 6, 7, -1,
			]
			solid FALSE
		}
	}
#---------- SOLID: Collimator_10:0
	Shape {
		appearance Appearance {
			material Material {
				diffuseColor 1 1 1
				transparency 0.7
			}
		}
		geometry IndexedFaceSet {
			coord Coordinate {
				point [
					-159.067 189.983 -67.546,
					-196.447 151.012 -67.546,
					-182.225 137.37 -117.822,
					-144.845 176.341 -117.822,
					-131.01 130.024 -68.9571,
					-135.371 125.477 -68.9571,
					-133.712 123.886 -74.8225,
					-129.351 128.433 -74.8225,
					-167.188 201.926 -69.8629,
					-208.721 158.625 -69.8629,
					-192.918 143.468 -125.725,
					-151.386 186.769 -125.725,
					-157.781 192.904 -64.7537,
					-199.314 149.602 -64.7537,
					-183.512 134.445 -120.616,
					-141.979 177.746 -120.616,
					-168.046 199.975 -71.7258,
					-206.81 159.561 -71.7258,
					-192.061 145.414 -123.864,
					-153.297 185.829 -123.864,
					-143.891 176.807 -118.755,
					-158.64 190.953 -66.617,
					-182.655 136.392 -118.755,
					-197.404 150.539 -66.617,
					-131.868 128.078 -70.8182,
					-133.46 126.418 -70.8182,
					-132.854 125.837 -72.9596,
					-131.262 127.497 -72.9596,
					-146.756 175.405 -115.958,
					-159.924 188.035 -69.4072,
					-181.366 139.321 -115.958,
					-194.535 151.951 -69.4072,
					-131.01 130.024 -68.9571,
					-135.371 125.477 -68.9571,
					-133.711 123.886 -74.8226,
					-129.351 128.433 -74.8226,
					-128.404 129.432 -66.5804,
					-134.671 122.898 -66.5804,
					-132.286 120.611 -75.0096,
					-126.019 127.145 -75.0096,
					-131.867 128.075 -70.8192,
					-133.46 126.415 -70.8192,
					-132.854 125.834 -72.9606,
					-131.262 127.494 -72.9606,
					-127.93 126.207 -73.1476,
					-129.261 127.483 -68.4426,
					-131.429 122.56 -73.1476,
					-132.76 123.836 -68.4426,
				]
			}
			coordIndex [
				4, 7, 3, 0, -1,
				7, 6, 2, 3, -1,
				6, 5, 1, 2, -1,
				5, 4, 0, 1, -1,
				4, 5, 6, 7, -1,
				8, 11, 10, 9, -1,
				12, 15, 11, 8, -1,
				15, 14, 10, 11, -1,
				14, 13, 9, 10, -1,
				13, 12, 8, 9, -1,
				16, 17, 18, 19, -1,
				12, 13, 21, -1,
				23, 21, 13, -1,
				15, 12, 21, -1,
				22, 23, 13, -1,
				15, 21, 20, -1,
				22, 13, 14, -1,
				14, 15, 20, -1,
				20, 22, 14, -1,
				21, 16, 19, -1,
				19, 20, 21, -1,
				20, 19, 18, -1,
				18, 22, 20, -1,
				22, 18, 17, -1,
				17, 23, 22, -1,
				23, 17, 16, -1,
				16, 21, 23, -1,
				24, 27, 26, 25, -1,
				3, 30, 28, -1,
				30, 3, 2, -1,
				0, 3, 28, -1,
				31, 30, 2, -1,
				0, 28, 29, -1,
				31, 2, 1, -1,
				1, 0, 29, -1,
				29, 31, 1, -1,
				28, 27, 24, -1,
				24, 29, 28, -1,
				30, 26, 27, -1,
				27, 28, 30, -1,
				31, 25, 26, -1,
				26, 30, 31, -1,
				29, 24, 25, -1,
				25, 31, 29, -1,
				32, 35, 34, 33, -1,
				36, 39, 35, 32, -1,
				39, 38, 34, 35, -1,
				38, 37, 33, 34, -1,
				37, 36, 32, 33, -1,
				40, 41, 42, 43, -1,
				36, 37, 45, -1,
				47, 45, 37, -1,
				39, 36, 45, -1,
				46, 47, 37, -1,
				39, 45, 44, -1,
				46, 37, 38, -1,
				38, 39, 44, -1,
				44, 46, 38, -1,
				45, 40, 43, -1,
				43, 44, 45, -1,
				44, 43, 42, -1,
				42, 46, 44, -1,
				46, 42, 41, -1,
				41, 47, 46, -1,
				47, 41, 40, -1,
				40, 45, 47, -1,
			]
			solid FALSE
		}
	}
#---------- SOLID: DetectorCrystal_10:0
	Shape {
		appearance Appearance {
			material Material {
				diffuseColor 1 1 1
				transparency 0.7
			}
		}
		geometry IndexedFaceSet {
			coord Coordinate {
				point [
					-166.644 194.479 -73.0574,
					-201.255 158.394 -73.0574,
					-188.086 145.764 -119.609,
					-153.476 181.848 -119.609,
					-159.925 188.034 -69.408,
					-194.536 151.95 -69.408,
					-181.367 139.319 -115.96,
					-146.756 175.403 -115.96,
				]
			}
			coordIndex [
				0, 3, 2, 1, -1,
				4, 7, 3, 0, -1,
				7, 6, 2, 3, -1,
				6, 5, 1, 2, -1,
				5, 4, 0, 1, -1,
				4, 5, 6, 7, -1,
			]
			solid FALSE
		}
	}
#---------- SOLID: pixel_10_param:0
	Shape {
		appearance Appearance {
			material Material {
				diffuseColor 1 1 1
				transparency 0.7
			}
		}
		geometry IndexedFaceSet {
			coord Coordinate {
				point [
					-166.644 194.479 -73.0574,
					-201.255 158.394 -73.0574,
					-188.086 145.764 -119.609,
					-153.476 181.848 -119.609,
					-159.925 188.034 -69.408,
					-194.536 151.95 -69.408,
					-181.367 139.319 -115.96,
					-146.756 175.403 -115.96,
				]
			}
			coordIndex [
				0, 3, 2, 1, -1,
				4, 7, 3, 0, -1,
				7, 6, 2, 3, -1,
				6, 5, 1, 2, -1,
				5, 4, 0, 1, -1,
				4, 5, 6, 7, -1,
			]
			solid FALSE
		}
	}
#---------- SOLID: Collimator_11:0
	Shape {
		appearance Appearance {
			material Material {
				diffuseColor 1 1 1
				transparency 0.7
			}
		}
		geometry IndexedFaceSet {
			coord Coordinate {
				point [
					-215.149 151.554 -67.0519,
					-241.553 104.449 -67.0519,
					-225.364 95.3747 -117.763,
					-198.96 142.479 -117.763,
					-169.903 98.8498 -68.5737,
					-172.984 93.3543 -68.5737,
					-171.095 92.2956 -74.4899,
					-168.014 97.7911 -74.4899,
					-226.049 161.101 -69.0471,
					-255.387 108.763 -69.0471,
					-237.4 98.6799 -125.392,
					-208.062 151.018 -125.392,
					-214.581 154.672 -64.2356,
					-243.919 102.334 -64.2356,
					-225.932 92.2514 -120.581,
					-196.594 144.59 -120.581,
					-226.427 159.018 -70.9261,
					-253.809 110.169 -70.9261,
					-237.021 100.758 -123.515,
					-209.639 149.607 -123.515,
					-198.171 143.179 -118.704,
					-214.96 152.59 -66.115,
					-225.554 94.3303 -118.704,
					-242.342 103.741 -66.115,
					-170.282 96.7715 -70.4509,
					-171.406 94.7652 -70.4509,
					-170.717 94.3787 -72.6108,
					-169.592 96.385 -72.6108,
					-200.537 141.072 -115.883,
					-215.527 149.474 -68.9291,
					-224.985 97.4577 -115.883,
					-239.975 105.86 -68.9291,
					-169.903 98.8498 -68.5737,
					-172.983 93.3543 -68.5737,
					-171.095 92.2956 -74.49,
					-168.014 97.7912 -74.49,
					-167.201 98.8159 -66.3298,
					-171.544 91.0672 -66.3298,
					-168.881 89.5744 -74.6718,
					-164.538 97.3232 -74.6718,
					-170.281 96.769 -70.452,
					-171.406 94.7627 -70.452,
					-170.716 94.3762 -72.6119,
					-169.592 96.3825 -72.6119,
					-166.115 95.9145 -72.7937,
					-167.579 96.7351 -68.2081,
					-168.503 91.655 -72.7937,
					-169.967 92.4756 -68.2081,
				]
			}
			coordIndex [
				4, 7, 3, 0, -1,
				7, 6, 2, 3, -1,
				6, 5, 1, 2, -1,
				5, 4, 0, 1, -1,
				4, 5, 6, 7, -1,
				8, 11, 10, 9, -1,
				12, 15, 11, 8, -1,
				15, 14, 10, 11, -1,
				14, 13, 9, 10, -1,
				13, 12, 8, 9, -1,
				16, 17, 18, 19, -1,
				12, 13, 21, -1,
				23, 21, 13, -1,
				15, 12, 21, -1,
				22, 23, 13, -1,
				15, 21, 20, -1,
				22, 13, 14, -1,
				14, 15, 20, -1,
				20, 22, 14, -1,
				21, 16, 19, -1,
				19, 20, 21, -1,
				20, 19, 18, -1,
				18, 22, 20, -1,
				22, 18, 17, -1,
				17, 23, 22, -1,
				23, 17, 16, -1,
				16, 21, 23, -1,
				24, 27, 26, 25, -1,
				3, 30, 28, -1,
				30, 3, 2, -1,
				0, 3, 28, -1,
				31, 30, 2, -1,
				0, 28, 29, -1,
				31, 2, 1, -1,
				1, 0, 29, -1,
				29, 31, 1, -1,
				28, 27, 24, -1,
				24, 29, 28, -1,
				30, 26, 27, -1,
				27, 28, 30, -1,
				31, 25, 26, -1,
				26, 30, 31, -1,
				29, 24, 25, -1,
				25, 31, 29, -1,
				32, 35, 34, 33, -1,
				36, 39, 35, 32, -1,
				39, 38, 34, 35, -1,
				38, 37, 33, 34, -1,
				37, 36, 32, 33, -1,
				40, 41, 42, 43, -1,
				36, 37, 45, -1,
				47, 45, 37, -1,
				39, 36, 45, -1,
				46, 47, 37, -1,
				39, 45, 44, -1,
				46, 37, 38, -1,
				38, 39, 44, -1,
				44, 46, 38, -1,
				45, 40, 43, -1,
				43, 44, 45, -1,
				44, 43, 42, -1,
				42, 46, 44, -1,
				46, 42, 41, -1,
				41, 47, 46, -1,
				47, 41, 40, -1,
				40, 45, 47, -1,
			]
			solid FALSE
		}
	}
#---------- SOLID: DetectorCrystal_11:0
	Shape {
		appearance Appearance {
			material Material {
				diffuseColor 1 1 1
				transparency 0.7
			}
		}
		geometry IndexedFaceSet {
			coord Coordinate {
				point [
					-223.719 154.065 -72.3668,
					-248.167 110.45 -72.3668,
					-233.178 102.047 -119.321,
					-208.729 145.662 -119.321,
					-215.527 149.473 -68.9301,
					-239.975 105.858 -68.9301,
					-224.986 97.4554 -115.884,
					-200.538 141.071 -115.884,
				]
			}
			coordIndex [
				0, 3, 2, 1, -1,
				4, 7, 3, 0, -1,
				7, 6, 2, 3, -1,
				6, 5, 1, 2, -1,
				5, 4, 0, 1, -1,
				4, 5, 6, 7, -1,
			]
			solid FALSE
		}
	}
#---------- SOLID: pixel_11_param:0
	Shape {
		appearance Appearance {
			material Material {
				diffuseColor 1 1 1
				transparency 0.7
			}
		}
		geometry IndexedFaceSet {
			coord Coordinate {
				point [
					-223.719 154.065 -72.3668,
					-248.167 110.45 -72.3668,
					-233.178 102.047 -119.321,
					-208.729 145.662 -119.321,
					-215.527 149.473 -68.9301,
					-239.975 105.858 -68.9301,
					-224.986 97.4554 -115.884,
					-200.538 141.071 -115.884,
				]
			}
			coordIndex [
				0, 3, 2, 1, -1,
				4, 7, 3, 0, -1,
				7, 6, 2, 3, -1,
				6, 5, 1, 2, -1,
				5, 4, 0, 1, -1,
				4, 5, 6, 7, -1,
			]
			solid FALSE
		}
	}
#---------- SOLID: Collimator_12:0
	Shape {
		appearance Appearance {
			material Material {
				diffuseColor 1 1 1
				transparency 0.7
			}
		}
		geometry IndexedFaceSet {
			coord Coordinate {
				point [
					-261.506 102.096 -66.5713,
					-276.216 50.1378 -66.5713,
					-259.477 45.3988 -117.692,
					-244.767 97.3567 -117.692,
					-201.376 60.2851 -68.1997,
					-203.093 54.2233 -68.1997,
					-201.14 53.6704 -74.1639,
					-199.423 59.7322 -74.1639,
					-274.371 108.854 -68.2426,
					-290.715 51.1226 -68.2426,
					-272.116 45.8571 -125.044,
					-255.772 103.588 -125.044,
					-261.618 105.243 -63.7323,
					-277.962 47.5123 -63.7323,
					-259.363 42.2468 -120.533,
					-243.019 99.9778 -120.533,
					-274.295 106.752 -70.1369,
					-289.549 52.8694 -70.1369,
					-272.19 47.955 -123.151,
					-256.936 101.837 -123.151,
					-244.184 98.2272 -118.641,
					-261.543 103.142 -65.6269,
					-259.439 44.3449 -118.641,
					-276.798 49.2594 -65.6269,
					-201.302 58.1875 -70.0921,
					-201.929 55.9745 -70.0921,
					-201.216 55.7727 -72.2694,
					-200.589 57.9857 -72.2694,
					-245.932 95.6096 -115.797,
					-261.431 99.9974 -68.4637,
					-259.552 47.5012 -115.797,
					-275.051 51.889 -68.4637,
					-201.376 60.2852 -68.1998,
					-203.092 54.2234 -68.1998,
					-201.139 53.6705 -74.1639,
					-199.423 59.7323 -74.1639,
					-198.689 60.7782 -66.0912,
					-201.062 52.3949 -66.0912,
					-198.361 51.6303 -74.3395,
					-195.988 60.0136 -74.3395,
					-201.301 58.1851 -70.0932,
					-201.927 55.9721 -70.0932,
					-201.214 55.7702 -72.2706,
					-200.588 57.9833 -72.2706,
					-197.153 58.2645 -72.4462,
					-198.614 58.6781 -67.9847,
					-198.436 53.73 -72.4462,
					-199.897 54.1436 -67.9847,
				]
			}
			coordIndex [
				4, 7, 3, 0, -1,
				7, 6, 2, 3, -1,
				6, 5, 1, 2, -1,
				5, 4, 0, 1, -1,
				4, 5, 6, 7, -1,
				8, 11, 10, 9, -1,
				12, 15, 11, 8, -1,
				15, 14, 10, 11, -1,
				14, 13, 9, 10, -1,
				13, 12, 8, 9, -1,
				16, 17, 18, 19, -1,
				12, 13, 21, -1,
				23, 21, 13, -1,
				15, 12, 21, -1,
				22, 23, 13, -1,
				15, 21, 20, -1,
				22, 13, 14, -1,
				14, 15, 20, -1,
				20, 22, 14, -1,
				21, 16, 19, -1,
				19, 20, 21, -1,
				20, 19, 18, -1,
				18, 22, 20, -1,
				22, 18, 17, -1,
				17, 23, 22, -1,
				23, 17, 16, -1,
				16, 21, 23, -1,
				24, 27, 26, 25, -1,
				3, 30, 28, -1,
				30, 3, 2, -1,
				0, 3, 28, -1,
				31, 30, 2, -1,
				0, 28, 29, -1,
				31, 2, 1, -1,
				1, 0, 29, -1,
				29, 31, 1, -1,
				28, 27, 24, -1,
				24, 29, 28, -1,
				30, 26, 27, -1,
				27, 28, 30, -1,
				31, 25, 26, -1,
				26, 30, 31, -1,
				29, 24, 25, -1,
				25, 31, 29, -1,
				32, 35, 34, 33, -1,
				36, 39, 35, 32, -1,
				39, 38, 34, 35, -1,
				38, 37, 33, 34, -1,
				37, 36, 32, 33, -1,
				40, 41, 42, 43, -1,
				36, 37, 45, -1,
				47, 45, 37, -1,
				39, 36, 45, -1,
				46, 47, 37, -1,
				39, 45, 44, -1,
				46, 37, 38, -1,
				38, 39, 44, -1,
				44, 46, 38, -1,
				45, 40, 43, -1,
				43, 44, 45, -1,
				44, 43, 42, -1,
				42, 46, 44, -1,
				46, 42, 41, -1,
				41, 47, 46, -1,
				47, 41, 40, -1,
				40, 45, 47, -1,
			]
			solid FALSE
		}
	}
#---------- SOLID: DetectorCrystal_12:0
	Shape {
		appearance Appearance {
			material Material {
				diffuseColor 1 1 1
				transparency 0.7
			}
		}
		geometry IndexedFaceSet {
			coord Coordinate {
				point [
					-270.54 102.575 -71.6864,
					-284.16 54.4654 -71.6864,
					-268.661 50.0775 -119.021,
					-255.041 98.1867 -119.021,
					-261.431 99.9958 -68.4647,
					-275.051 51.8866 -68.4647,
					-259.552 47.4987 -115.799,
					-245.932 95.6079 -115.799,
				]
			}
			coordIndex [
				0, 3, 2, 1, -1,
				4, 7, 3, 0, -1,
				7, 6, 2, 3, -1,
				6, 5, 1, 2, -1,
				5, 4, 0, 1, -1,
				4, 5, 6, 7, -1,
			]
			solid FALSE
		}
	}
#---------- SOLID: pixel_12_param:0
	Shape {
		appearance Appearance {
			material Material {
				diffuseColor 1 1 1
				transparency 0.7
			}
		}
		geometry IndexedFaceSet {
			coord Coordinate {
				point [
					-270.54 102.575 -71.6864,
					-284.16 54.4654 -71.6864,
					-268.661 50.0775 -119.021,
					-255.041 98.1867 -119.021,
					-261.431 99.9958 -68.4647,
					-275.051 51.8866 -68.4647,
					-259.552 47.4987 -115.799,
					-245.932 95.6079 -115.799,
				]
			}
			coordIndex [
				0, 3, 2, 1, -1,
				4, 7, 3, 0, -1,
				7, 6, 2, 3, -1,
				6, 5, 1, 2, -1,
				5, 4, 0, 1, -1,
				4, 5, 6, 7, -1,
			]
			solid FALSE
		}
	}
#---------- SOLID: Collimator_13:0
	Shape {
		appearance Appearance {
			material Material {
				diffuseColor 1 1 1
				transparency 0.7
			}
		}
		geometry IndexedFaceSet {
			coord Coordinate {
				point [
					-294.381 43.7052 -66.1759,
					-297.432 -10.2085 -66.1759,
					-281.052 -11.1356 -117.623,
					-278 42.7781 -117.623,
					-222.726 15.7613 -67.8914,
					-223.082 9.47141 -67.8914,
					-221.17 9.36324 -73.8936,
					-220.814 15.6532 -73.8936,
					-308.437 47.5037 -67.5723,
					-311.827 -12.4004 -67.5723,
					-293.627 -13.4305 -124.736,
					-290.236 46.4736 -124.736,
					-295.12 46.75 -63.3187,
					-298.51 -13.1541 -63.3187,
					-280.31 -14.1843 -120.482,
					-276.919 45.7198 -120.482,
					-307.942 45.4708 -69.4787,
					-311.106 -10.4397 -69.4787,
					-294.119 -11.4012 -122.831,
					-290.955 44.5093 -122.831,
					-277.639 43.7556 -118.578,
					-294.626 44.7171 -65.2254,
					-280.803 -12.1549 -118.578,
					-297.79 -11.1934 -65.2254,
					-222.233 13.7324 -69.7957,
					-222.363 11.4361 -69.7957,
					-221.666 11.3966 -71.987,
					-221.536 13.6929 -71.987,
					-278.721 40.8174 -115.716,
					-293.887 41.6758 -68.0802,
					-281.546 -9.10192 -115.716,
					-296.713 -8.24348 -68.0802,
					-222.725 15.7615 -67.8915,
					-223.081 9.47159 -67.8915,
					-221.17 9.36342 -73.8937,
					-220.814 15.6534 -73.8937,
					-220.152 16.7523 -65.899,
					-220.636 8.19674 -65.899,
					-218.037 8.04962 -74.0632,
					-217.552 16.6052 -74.0632,
					-222.231 13.7302 -69.797,
					-222.361 11.4339 -69.797,
					-221.664 11.3944 -71.9883,
					-221.534 13.6907 -71.9883,
					-218.272 14.6425 -72.1578,
					-219.658 14.721 -67.8046,
					-218.53 10.0806 -72.1578,
					-219.916 10.1591 -67.8046,
				]
			}
			coordIndex [
				4, 7, 3, 0, -1,
				7, 6, 2, 3, -1,
				6, 5, 1, 2, -1,
				5, 4, 0, 1, -1,
				4, 5, 6, 7, -1,
				8, 11, 10, 9, -1,
				12, 15, 11, 8, -1,
				15, 14, 10, 11, -1,
				14, 13, 9, 10, -1,
				13, 12, 8, 9, -1,
				16, 17, 18, 19, -1,
				12, 13, 21, -1,
				23, 21, 13, -1,
				15, 12, 21, -1,
				22, 23, 13, -1,
				15, 21, 20, -1,
				22, 13, 14, -1,
				14, 15, 20, -1,
				20, 22, 14, -1,
				21, 16, 19, -1,
				19, 20, 21, -1,
				20, 19, 18, -1,
				18, 22, 20, -1,
				22, 18, 17, -1,
				17, 23, 22, -1,
				23, 17, 16, -1,
				16, 21, 23, -1,
				24, 27, 26, 25, -1,
				3, 30, 28, -1,
				30, 3, 2, -1,
				0, 3, 28, -1,
				31, 30, 2, -1,
				0, 28, 29, -1,
				31, 2, 1, -1,
				1, 0, 29, -1,
				29, 31, 1, -1,
				28, 27, 24, -1,
				24, 29, 28, -1,
				30, 26, 27, -1,
				27, 28, 30, -1,
				31, 25, 26, -1,
				26, 30, 31, -1,
				29, 24, 25, -1,
				25, 31, 29, -1,
				32, 35, 34, 33, -1,
				36, 39, 35, 32, -1,
				39, 38, 34, 35, -1,
				38, 37, 33, 34, -1,
				37, 36, 32, 33, -1,
				40, 41, 42, 43, -1,
				36, 37, 45, -1,
				47, 45, 37, -1,
				39, 36, 45, -1,
				46, 47, 37, -1,
				39, 45, 44, -1,
				46, 37, 38, -1,
				38, 39, 44, -1,
				44, 46, 38, -1,
				45, 40, 43, -1,
				43, 44, 45, -1,
				44, 43, 42, -1,
				42, 46, 44, -1,
				46, 42, 41, -1,
				41, 47, 46, -1,
				47, 41, 40, -1,
				40, 45, 47, -1,
			]
			solid FALSE
		}
	}
#---------- SOLID: DetectorCrystal_13:0
	Shape {
		appearance Appearance {
			material Material {
				diffuseColor 1 1 1
				transparency 0.7
			}
		}
		geometry IndexedFaceSet {
			coord Coordinate {
				point [
					-303.399 42.2124 -71.1196,
					-306.225 -7.70766 -71.1196,
					-291.058 -8.56611 -118.756,
					-288.232 41.354 -118.756,
					-293.887 41.6741 -68.0814,
					-296.712 -8.24604 -68.0814,
					-281.545 -9.1045 -115.718,
					-278.72 40.8156 -115.718,
				]
			}
			coordIndex [
				0, 3, 2, 1, -1,
				4, 7, 3, 0, -1,
				7, 6, 2, 3, -1,
				6, 5, 1, 2, -1,
				5, 4, 0, 1, -1,
				4, 5, 6, 7, -1,
			]
			solid FALSE
		}
	}
#---------- SOLID: pixel_13_param:0
	Shape {
		appearance Appearance {
			material Material {
				diffuseColor 1 1 1
				transparency 0.7
			}
		}
		geometry IndexedFaceSet {
			coord Coordinate {
				point [
					-303.399 42.2124 -71.1196,
					-306.225 -7.70766 -71.1196,
					-291.058 -8.56611 -118.756,
					-288.232 41.354 -118.756,
					-293.887 41.6741 -68.0814,
					-296.712 -8.24604 -68.0814,
					-281.545 -9.1045 -115.718,
					-278.72 40.8156 -115.718,
				]
			}
			coordIndex [
				0, 3, 2, 1, -1,
				4, 7, 3, 0, -1,
				7, 6, 2, 3, -1,
				6, 5, 1, 2, -1,
				5, 4, 0, 1, -1,
				4, 5, 6, 7, -1,
			]
			solid FALSE
		}
	}
#---------- SOLID: Collimator_14:0
	Shape {
		appearance Appearance {
			material Material {
				diffuseColor 1 1 1
				transparency 0.7
			}
		}
		geometry IndexedFaceSet {
			coord Coordinate {
				point [
					-310.847 -20.0542 -65.9275,
					-302.712 -73.438 -65.9275,
					-287.215 -71.0765 -117.602,
					-295.349 -17.6927 -117.602,
					-231.802 -32.1348 -67.6965,
					-230.853 -38.3629 -67.6965,
					-229.044 -38.0874 -73.7251,
					-229.993 -31.8593 -73.7251,
					-325.402 -19.2393 -67.1221,
					-316.364 -78.5547 -67.1221,
					-299.144 -75.9308 -124.538,
					-308.183 -16.6155 -124.538,
					-312.158 -17.2212 -63.0578,
					-303.12 -76.5366 -63.0578,
					-285.9 -73.9127 -120.474,
					-294.938 -14.5974 -120.474,
					-324.526 -21.1306 -69.0369,
					-316.09 -76.4916 -69.0369,
					-300.018 -74.0426 -122.625,
					-308.454 -18.6816 -122.625,
					-295.211 -16.6637 -118.561,
					-311.282 -19.1126 -64.9729,
					-286.775 -72.0246 -118.561,
					-302.847 -74.4736 -64.9729,
					-230.928 -34.0225 -69.6091,
					-230.582 -36.2963 -69.6091,
					-229.922 -36.1957 -71.81,
					-230.268 -33.922 -71.81,
					-295.623 -19.7556 -115.686,
					-309.972 -21.9421 -67.8402,
					-288.091 -69.1842 -115.686,
					-302.44 -71.3708 -67.8402,
					-231.801 -32.1346 -67.6965,
					-230.852 -38.3627 -67.6965,
					-229.044 -38.0872 -73.7252,
					-229.993 -31.8591 -73.7252,
					-229.437 -30.68 -65.7905,
					-228.162 -39.0469 -65.7905,
					-225.733 -38.6768 -73.8894,
					-227.008 -30.3099 -73.8894,
					-230.926 -34.0244 -69.6105,
					-230.579 -36.2982 -69.6105,
					-229.919 -36.1976 -71.8114,
					-230.266 -33.9238 -71.8114,
					-227.28 -32.3747 -71.9756,
					-228.561 -32.5699 -67.7045,
					-226.608 -36.7872 -71.9756,
					-227.889 -36.9824 -67.7045,
				]
			}
			coordIndex [
				4, 7, 3, 0, -1,
				7, 6, 2, 3, -1,
				6, 5, 1, 2, -1,
				5, 4, 0, 1, -1,
				4, 5, 6, 7, -1,
				8, 11, 10, 9, -1,
				12, 15, 11, 8, -1,
				15, 14, 10, 11, -1,
				14, 13, 9, 10, -1,
				13, 12, 8, 9, -1,
				16, 17, 18, 19, -1,
				12, 13, 21, -1,
				23, 21, 13, -1,
				15, 12, 21, -1,
				22, 23, 13, -1,
				15, 21, 20, -1,
				22, 13, 14, -1,
				14, 15, 20, -1,
				20, 22, 14, -1,
				21, 16, 19, -1,
				19, 20, 21, -1,
				20, 19, 18, -1,
				18, 22, 20, -1,
				22, 18, 17, -1,
				17, 23, 22, -1,
				23, 17, 16, -1,
				16, 21, 23, -1,
				24, 27, 26, 25, -1,
				3, 30, 28, -1,
				30, 3, 2, -1,
				0, 3, 28, -1,
				31, 30, 2, -1,
				0, 28, 29, -1,
				31, 2, 1, -1,
				1, 0, 29, -1,
				29, 31, 1, -1,
				28, 27, 24, -1,
				24, 29, 28, -1,
				30, 26, 27, -1,
				27, 28, 30, -1,
				31, 25, 26, -1,
				26, 30, 31, -1,
				29, 24, 25, -1,
				25, 31, 29, -1,
				32, 35, 34, 33, -1,
				36, 39, 35, 32, -1,
				39, 38, 34, 35, -1,
				38, 37, 33, 34, -1,
				37, 36, 32, 33, -1,
				40, 41, 42, 43, -1,
				36, 37, 45, -1,
				47, 45, 37, -1,
				39, 36, 45, -1,
				46, 47, 37, -1,
				39, 45, 44, -1,
				46, 37, 38, -1,
				38, 39, 44, -1,
				44, 46, 38, -1,
				45, 40, 43, -1,
				43, 44, 45, -1,
				44, 43, 42, -1,
				42, 46, 44, -1,
				46, 42, 41, -1,
				41, 47, 46, -1,
				47, 41, 40, -1,
				40, 45, 47, -1,
			]
			solid FALSE
		}
	}
#---------- SOLID: DetectorCrystal_14:0
	Shape {
		appearance Appearance {
			material Material {
				diffuseColor 1 1 1
				transparency 0.7
			}
		}
		geometry IndexedFaceSet {
			coord Coordinate {
				point [
					-319.432 -23.3854 -70.7445,
					-311.9 -72.8148 -70.7445,
					-297.55 -70.6283 -118.591,
					-305.082 -21.1988 -118.591,
					-309.972 -21.9439 -67.8414,
					-302.44 -71.3733 -67.8414,
					-288.09 -69.1868 -115.688,
					-295.622 -19.7573 -115.688,
				]
			}
			coordIndex [
				0, 3, 2, 1, -1,
				4, 7, 3, 0, -1,
				7, 6, 2, 3, -1,
				6, 5, 1, 2, -1,
				5, 4, 0, 1, -1,
				4, 5, 6, 7, -1,
			]
			solid FALSE
		}
	}
#---------- SOLID: pixel_14_param:0
	Shape {
		appearance Appearance {
			material Material {
				diffuseColor 1 1 1
				transparency 0.7
			}
		}
		geometry IndexedFaceSet {
			coord Coordinate {
				point [
					-319.432 -23.3854 -70.7445,
					-311.9 -72.8148 -70.7445,
					-297.55 -70.6283 -118.591,
					-305.082 -21.1988 -118.591,
					-309.972 -21.9439 -67.8414,
					-302.44 -71.3733 -67.8414,
					-288.09 -69.1868 -115.688,
					-295.622 -19.7573 -115.688,
				]
			}
			coordIndex [
				0, 3, 2, 1, -1,
				4, 7, 3, 0, -1,
				7, 6, 2, 3, -1,
				6, 5, 1, 2, -1,
				5, 4, 0, 1, -1,
				4, 5, 6, 7, -1,
			]
			solid FALSE
		}
	}
#---------- SOLID: Collimator_15:0
	Shape {
		appearance Appearance {
			material Material {
				diffuseColor 1 1 1
				transparency 0.7
			}
		}
		geometry IndexedFaceSet {
			coord Coordinate {
				point [
					-309.838 -84.9779 -65.7671,
					-291.229 -135.67 -65.7671,
					-276.961 -130.433 -117.584,
					-295.57 -79.7402 -117.584,
					-227.845 -80.285 -67.5704,
					-225.674 -86.1991 -67.5704,
					-224.009 -85.588 -73.6158,
					-226.18 -79.6739 -73.6158,
					-324.274 -87.0834 -66.8299,
					-303.597 -143.408 -66.8299,
					-287.744 -137.589 -124.404,
					-308.42 -81.2638 -124.404,
					-311.662 -82.4539 -62.8894,
					-290.986 -138.779 -62.8894,
					-275.133 -132.959 -120.464,
					-295.809 -76.6343 -120.464,
					-323.054 -88.7681 -68.75,
					-303.756 -141.338 -68.75,
					-288.96 -135.906 -122.486,
					-308.258 -83.3364 -122.486,
					-295.647 -78.7073 -118.546,
					-310.444 -84.1389 -64.8098,
					-276.349 -131.277 -118.546,
					-291.146 -136.709 -64.8098,
					-226.63 -81.9669 -69.4883,
					-225.837 -84.126 -69.4883,
					-225.229 -83.9029 -71.6953,
					-226.022 -81.7438 -71.6953,
					-295.41 -81.8101 -115.663,
					-308.621 -86.6598 -67.6849,
					-278.18 -128.747 -115.663,
					-291.391 -133.596 -67.6849,
					-227.845 -80.2847 -67.5705,
					-225.674 -86.1988 -67.5705,
					-224.009 -85.5877 -73.6158,
					-226.18 -79.6736 -73.6158,
					-225.78 -78.4111 -65.7211,
					-222.887 -86.2916 -65.7211,
					-220.669 -85.4773 -73.7764,
					-223.562 -77.5968 -73.7764,
					-226.627 -81.9683 -69.4897,
					-225.834 -84.1274 -69.4897,
					-225.226 -83.9043 -71.6967,
					-226.019 -81.7452 -71.6967,
					-223.401 -79.6684 -71.8574,
					-224.562 -80.0947 -67.6404,
					-221.887 -83.7939 -71.8574,
					-223.048 -84.2202 -67.6404,
				]
			}
			coordIndex [
				4, 7, 3, 0, -1,
				7, 6, 2, 3, -1,
				6, 5, 1, 2, -1,
				5, 4, 0, 1, -1,
				4, 5, 6, 7, -1,
				8, 11, 10, 9, -1,
				12, 15, 11, 8, -1,
				15, 14, 10, 11, -1,
				14, 13, 9, 10, -1,
				13, 12, 8, 9, -1,
				16, 17, 18, 19, -1,
				12, 13, 21, -1,
				23, 21, 13, -1,
				15, 12, 21, -1,
				22, 23, 13, -1,
				15, 21, 20, -1,
				22, 13, 14, -1,
				14, 15, 20, -1,
				20, 22, 14, -1,
				21, 16, 19, -1,
				19, 20, 21, -1,
				20, 19, 18, -1,
				18, 22, 20, -1,
				22, 18, 17, -1,
				17, 23, 22, -1,
				23, 17, 16, -1,
				16, 21, 23, -1,
				24, 27, 26, 25, -1,
				3, 30, 28, -1,
				30, 3, 2, -1,
				0, 3, 28, -1,
				31, 30, 2, -1,
				0, 28, 29, -1,
				31, 2, 1, -1,
				1, 0, 29, -1,
				29, 31, 1, -1,
				28, 27, 24, -1,
				24, 29, 28, -1,
				30, 26, 27, -1,
				27, 28, 30, -1,
				31, 25, 26, -1,
				26, 30, 31, -1,
				29, 24, 25, -1,
				25, 31, 29, -1,
				32, 35, 34, 33, -1,
				36, 39, 35, 32, -1,
				39, 38, 34, 35, -1,
				38, 37, 33, 34, -1,
				37, 36, 32, 33, -1,
				40, 41, 42, 43, -1,
				36, 37, 45, -1,
				47, 45, 37, -1,
				39, 36, 45, -1,
				46, 47, 37, -1,
				39, 45, 44, -1,
				46, 37, 38, -1,
				38, 39, 44, -1,
				44, 46, 38, -1,
				45, 40, 43, -1,
				43, 44, 45, -1,
				44, 43, 42, -1,
				42, 46, 44, -1,
				46, 42, 41, -1,
				41, 47, 46, -1,
				47, 41, 40, -1,
				40, 45, 47, -1,
			]
			solid FALSE
		}
	}
#---------- SOLID: DetectorCrystal_15:0
	Shape {
		appearance Appearance {
			material Material {
				diffuseColor 1 1 1
				transparency 0.7
			}
		}
		geometry IndexedFaceSet {
			coord Coordinate {
				point [
					-317.628 -89.9682 -70.5008,
					-300.398 -136.906 -70.5008,
					-287.187 -132.056 -118.479,
					-304.417 -85.1185 -118.479,
					-308.62 -86.6614 -67.6862,
					-291.39 -133.599 -67.6862,
					-278.179 -128.749 -115.665,
					-295.409 -81.8117 -115.665,
				]
			}
			coordIndex [
				0, 3, 2, 1, -1,
				4, 7, 3, 0, -1,
				7, 6, 2, 3, -1,
				6, 5, 1, 2, -1,
				5, 4, 0, 1, -1,
				4, 5, 6, 7, -1,
			]
			solid FALSE
		}
	}
#---------- SOLID: pixel_15_param:0
	Shape {
		appearance Appearance {
			material Material {
				diffuseColor 1 1 1
				transparency 0.7
			}
		}
		geometry IndexedFaceSet {
			coord Coordinate {
				point [
					-317.628 -89.9682 -70.5008,
					-300.398 -136.906 -70.5008,
					-287.187 -132.056 -118.479,
					-304.417 -85.1185 -118.479,
					-308.62 -86.6614 -67.6862,
					-291.39 -133.599 -67.6862,
					-278.179 -128.749 -115.665,
					-295.409 -81.8117 -115.665,
				]
			}
			coordIndex [
				0, 3, 2, 1, -1,
				4, 7, 3, 0, -1,
				7, 6, 2, 3, -1,
				6, 5, 1, 2, -1,
				5, 4, 0, 1, -1,
				4, 5, 6, 7, -1,
			]
			solid FALSE
		}
	}
#---------- SOLID: Collimator_16:0
	Shape {
		appearance Appearance {
			material Material {
				diffuseColor 1 1 1
				transparency 0.7
			}
		}
		geometry IndexedFaceSet {
			coord Coordinate {
				point [
					-292.269 -147.016 -65.6761,
					-264.105 -193.089 -65.6761,
					-251.371 -185.305 -117.572,
					-279.535 -139.231 -117.572,
					-211.615 -125.665 -67.499,
					-208.329 -131.041 -67.499,
					-206.843 -130.133 -73.5536,
					-210.129 -124.757 -73.5536,
					-306.019 -151.907 -66.6636,
					-274.726 -203.1 -66.6636,
					-260.576 -194.45 -124.326,
					-291.87 -143.257 -124.326,
					-294.539 -144.889 -62.794,
					-263.246 -196.082 -62.794,
					-249.096 -187.433 -120.457,
					-280.39 -136.24 -120.457,
					-304.502 -153.326 -68.5866,
					-275.295 -201.106 -68.5866,
					-262.089 -193.033 -122.405,
					-291.296 -145.253 -122.405,
					-279.817 -138.236 -118.536,
					-293.023 -146.309 -64.7174,
					-250.61 -186.016 -118.536,
					-263.816 -194.089 -64.7174,
					-210.103 -127.082 -69.4198,
					-208.903 -129.045 -69.4198,
					-208.361 -128.713 -71.6302,
					-209.56 -126.751 -71.6302,
					-278.965 -141.224 -115.648,
					-290.756 -148.432 -67.5969,
					-252.887 -183.885 -115.648,
					-264.678 -191.092 -67.5969,
					-211.615 -125.665 -67.4991,
					-208.329 -131.04 -67.4991,
					-206.843 -130.132 -73.5537,
					-210.129 -124.757 -73.5537,
					-209.933 -123.433 -65.6822,
					-205.575 -130.562 -65.6822,
					-203.605 -129.357 -73.7122,
					-207.963 -122.228 -73.7122,
					-210.1 -127.083 -69.4212,
					-208.9 -129.046 -69.4212,
					-208.358 -128.714 -71.6316,
					-209.557 -126.752 -71.6316,
					-207.391 -124.223 -71.7902,
					-208.418 -124.851 -67.6044,
					-205.119 -127.939 -71.7902,
					-206.147 -128.567 -67.6044,
				]
			}
			coordIndex [
				4, 7, 3, 0, -1,
				7, 6, 2, 3, -1,
				6, 5, 1, 2, -1,
				5, 4, 0, 1, -1,
				4, 5, 6, 7, -1,
				8, 11, 10, 9, -1,
				12, 15, 11, 8, -1,
				15, 14, 10, 11, -1,
				14, 13, 9, 10, -1,
				13, 12, 8, 9, -1,
				16, 17, 18, 19, -1,
				12, 13, 21, -1,
				23, 21, 13, -1,
				15, 12, 21, -1,
				22, 23, 13, -1,
				15, 21, 20, -1,
				22, 13, 14, -1,
				14, 15, 20, -1,
				20, 22, 14, -1,
				21, 16, 19, -1,
				19, 20, 21, -1,
				20, 19, 18, -1,
				18, 22, 20, -1,
				22, 18, 17, -1,
				17, 23, 22, -1,
				23, 17, 16, -1,
				16, 21, 23, -1,
				24, 27, 26, 25, -1,
				3, 30, 28, -1,
				30, 3, 2, -1,
				0, 3, 28, -1,
				31, 30, 2, -1,
				0, 28, 29, -1,
				31, 2, 1, -1,
				1, 0, 29, -1,
				29, 31, 1, -1,
				28, 27, 24, -1,
				24, 29, 28, -1,
				30, 26, 27, -1,
				27, 28, 30, -1,
				31, 25, 26, -1,
				26, 30, 31, -1,
				29, 24, 25, -1,
				25, 31, 29, -1,
				32, 35, 34, 33, -1,
				36, 39, 35, 32, -1,
				39, 38, 34, 35, -1,
				38, 37, 33, 34, -1,
				37, 36, 32, 33, -1,
				40, 41, 42, 43, -1,
				36, 37, 45, -1,
				47, 45, 37, -1,
				39, 36, 45, -1,
				46, 47, 37, -1,
				39, 45, 44, -1,
				46, 37, 38, -1,
				38, 39, 44, -1,
				44, 46, 38, -1,
				45, 40, 43, -1,
				43, 44, 45, -1,
				44, 43, 42, -1,
				42, 46, 44, -1,
				46, 42, 41, -1,
				41, 47, 46, -1,
				47, 41, 40, -1,
				40, 45, 47, -1,
			]
			solid FALSE
		}
	}
#---------- SOLID: DetectorCrystal_16:0
	Shape {
		appearance Appearance {
			material Material {
				diffuseColor 1 1 1
				transparency 0.7
			}
		}
		geometry IndexedFaceSet {
			coord Coordinate {
				point [
					-298.954 -153.446 -70.3622,
					-272.876 -196.107 -70.3622,
					-261.085 -188.899 -118.414,
					-287.163 -146.238 -118.414,
					-290.755 -148.434 -67.5982,
					-264.677 -191.094 -67.5982,
					-252.885 -183.887 -115.65,
					-278.963 -141.226 -115.65,
				]
			}
			coordIndex [
				0, 3, 2, 1, -1,
				4, 7, 3, 0, -1,
				7, 6, 2, 3, -1,
				6, 5, 1, 2, -1,
				5, 4, 0, 1, -1,
				4, 5, 6, 7, -1,
			]
			solid FALSE
		}
	}
#---------- SOLID: pixel_16_param:0
	Shape {
		appearance Appearance {
			material Material {
				diffuseColor 1 1 1
				transparency 0.7
			}
		}
		geometry IndexedFaceSet {
			coord Coordinate {
				point [
					-298.954 -153.446 -70.3622,
					-272.876 -196.107 -70.3622,
					-261.085 -188.899 -118.414,
					-287.163 -146.238 -118.414,
					-290.755 -148.434 -67.5982,
					-264.677 -191.094 -67.5982,
					-252.885 -183.887 -115.65,
					-278.963 -141.226 -115.65,
				]
			}
			coordIndex [
				0, 3, 2, 1, -1,
				4, 7, 3, 0, -1,
				7, 6, 2, 3, -1,
				6, 5, 1, 2, -1,
				5, 4, 0, 1, -1,
				4, 5, 6, 7, -1,
			]
			solid FALSE
		}
	}
#---------- SOLID: Collimator_17:0
	Shape {
		appearance Appearance {
			material Material {
				diffuseColor 1 1 1
				transparency 0.7
			}
		}
		geometry IndexedFaceSet {
			coord Coordinate {
				point [
					-260.566 -202.986 -65.6292,
					-224.009 -242.73 -65.6292,
					-213.128 -232.722 -117.566,
					-249.685 -192.978 -117.566,
					-185.04 -165.921 -67.4621,
					-180.775 -170.558 -67.4621,
					-179.506 -169.391 -73.5215,
					-183.771 -164.754 -73.5215,
					-273.109 -210.45 -66.5776,
					-232.491 -254.61 -66.5776,
					-220.401 -243.49 -124.285,
					-261.02 -199.33 -124.285,
					-263.199 -201.334 -62.7448,
					-222.58 -245.494 -62.7448,
					-210.491 -234.374 -120.453,
					-251.11 -190.214 -120.453,
					-271.35 -211.552 -68.5021,
					-233.44 -252.768 -68.5021,
					-222.156 -242.389 -122.363,
					-260.067 -201.173 -122.363,
					-250.157 -192.058 -118.53,
					-261.441 -202.437 -64.6697,
					-212.246 -233.274 -118.53,
					-223.53 -243.653 -64.6697,
					-183.286 -167.022 -69.3844,
					-181.729 -168.715 -69.3844,
					-181.266 -168.289 -71.5965,
					-182.823 -166.596 -71.5965,
					-248.736 -194.819 -115.641,
					-258.811 -204.086 -67.5515,
					-214.888 -231.619 -115.641,
					-224.962 -240.885 -67.5515,
					-185.04 -165.921 -67.4622,
					-180.775 -170.558 -67.4622,
					-179.506 -169.39 -73.5215,
					-183.771 -164.753 -73.5215,
					-183.81 -163.407 -65.6622,
					-178.168 -169.542 -65.6622,
					-176.488 -167.997 -73.6789,
					-182.131 -161.863 -73.6789,
					-183.283 -167.022 -69.3859,
					-181.726 -168.715 -69.3859,
					-181.263 -168.289 -71.598,
					-182.82 -166.596 -71.598,
					-181.18 -163.705 -71.7554,
					-182.053 -164.509 -67.5859,
					-178.245 -166.896 -71.7554,
					-179.119 -167.699 -67.5859,
				]
			}
			coordIndex [
				4, 7, 3, 0, -1,
				7, 6, 2, 3, -1,
				6, 5, 1, 2, -1,
				5, 4, 0, 1, -1,
				4, 5, 6, 7, -1,
				8, 11, 10, 9, -1,
				12, 15, 11, 8, -1,
				15, 14, 10, 11, -1,
				14, 13, 9, 10, -1,
				13, 12, 8, 9, -1,
				16, 17, 18, 19, -1,
				12, 13, 21, -1,
				23, 21, 13, -1,
				15, 12, 21, -1,
				22, 23, 13, -1,
				15, 21, 20, -1,
				22, 13, 14, -1,
				14, 15, 20, -1,
				20, 22, 14, -1,
				21, 16, 19, -1,
				19, 20, 21, -1,
				20, 19, 18, -1,
				18, 22, 20, -1,
				22, 18, 17, -1,
				17, 23, 22, -1,
				23, 17, 16, -1,
				16, 21, 23, -1,
				24, 27, 26, 25, -1,
				3, 30, 28, -1,
				30, 3, 2, -1,
				0, 3, 28, -1,
				31, 30, 2, -1,
				0, 28, 29, -1,
				31, 2, 1, -1,
				1, 0, 29, -1,
				29, 31, 1, -1,
				28, 27, 24, -1,
				24, 29, 28, -1,
				30, 26, 27, -1,
				27, 28, 30, -1,
				31, 25, 26, -1,
				26, 30, 31, -1,
				29, 24, 25, -1,
				25, 31, 29, -1,
				32, 35, 34, 33, -1,
				36, 39, 35, 32, -1,
				39, 38, 34, 35, -1,
				38, 37, 33, 34, -1,
				37, 36, 32, 33, -1,
				40, 41, 42, 43, -1,
				36, 37, 45, -1,
				47, 45, 37, -1,
				39, 36, 45, -1,
				46, 47, 37, -1,
				39, 45, 44, -1,
				46, 37, 38, -1,
				38, 39, 44, -1,
				44, 46, 38, -1,
				45, 40, 43, -1,
				43, 44, 45, -1,
				44, 43, 42, -1,
				42, 46, 44, -1,
				46, 42, 41, -1,
				41, 47, 46, -1,
				47, 41, 40, -1,
				40, 45, 47, -1,
			]
			solid FALSE
		}
	}
#---------- SOLID: DetectorCrystal_17:0
	Shape {
		appearance Appearance {
			material Material {
				diffuseColor 1 1 1
				transparency 0.7
			}
		}
		geometry IndexedFaceSet {
			coord Coordinate {
				point [
					-265.888 -210.598 -70.2904,
					-232.039 -247.398 -70.2904,
					-221.964 -238.132 -118.38,
					-255.813 -201.332 -118.38,
					-258.809 -204.087 -67.5528,
					-224.96 -240.887 -67.5528,
					-214.885 -231.62 -115.643,
					-248.734 -194.82 -115.643,
				]
			}
			coordIndex [
				0, 3, 2, 1, -1,
				4, 7, 3, 0, -1,
				7, 6, 2, 3, -1,
				6, 5, 1, 2, -1,
				5, 4, 0, 1, -1,
				4, 5, 6, 7, -1,
			]
			solid FALSE
		}
	}
#---------- SOLID: pixel_17_param:0
	Shape {
		appearance Appearance {
			material Material {
				diffuseColor 1 1 1
				transparency 0.7
			}
		}
		geometry IndexedFaceSet {
			coord Coordinate {
				point [
					-265.888 -210.598 -70.2904,
					-232.039 -247.398 -70.2904,
					-221.964 -238.132 -118.38,
					-255.813 -201.332 -118.38,
					-258.809 -204.087 -67.5528,
					-224.96 -240.887 -67.5528,
					-214.885 -231.62 -115.643,
					-248.734 -194.82 -115.643,
				]
			}
			coordIndex [
				0, 3, 2, 1, -1,
				4, 7, 3, 0, -1,
				7, 6, 2, 3, -1,
				6, 5, 1, 2, -1,
				5, 4, 0, 1, -1,
				4, 5, 6, 7, -1,
			]
			solid FALSE
		}
	}
#---------- SOLID: Collimator_18:0
	Shape {
		appearance Appearance {
			material Material {
				diffuseColor 1 1 1
				transparency 0.7
			}
		}
		geometry IndexedFaceSet {
			coord Coordinate {
				point [
					-217.763 -250.946 -65.6005,
					-174.237 -282.907 -65.6005,
					-165.539 -271.061 -117.562,
					-209.065 -239.101 -117.562,
					-150.519 -199.666 -67.4396,
					-145.441 -203.394 -67.4396,
					-144.427 -202.012 -73.5018,
					-149.505 -198.284 -73.5018,
					-228.635 -260.687 -66.5249,
					-180.273 -296.199 -66.5249,
					-170.609 -283.037 -124.26,
					-218.971 -247.526 -124.26,
					-220.662 -249.829 -62.7148,
					-172.3 -285.34 -62.7148,
					-162.635 -272.179 -120.45,
					-210.998 -236.667 -120.45,
					-226.699 -261.432 -68.4504,
					-181.561 -294.577 -68.4504,
					-172.541 -282.292 -122.337,
					-217.679 -249.148 -122.337,
					-209.706 -238.29 -118.527,
					-218.726 -250.574 -64.6405,
					-164.568 -271.434 -118.527,
					-173.588 -283.719 -64.6405,
					-148.588 -200.411 -69.3627,
					-146.734 -201.772 -69.3627,
					-146.364 -201.267 -71.5759,
					-148.218 -199.906 -71.5759,
					-207.777 -240.722 -115.636,
					-215.831 -251.69 -67.5237,
					-167.476 -270.315 -115.636,
					-175.529 -281.283 -67.5237,
					-150.519 -199.665 -67.4397,
					-145.441 -203.394 -67.4397,
					-144.427 -202.012 -73.5019,
					-149.505 -198.283 -73.5019,
					-149.789 -196.962 -65.65,
					-143.081 -201.888 -65.65,
					-141.74 -200.062 -73.6586,
					-148.448 -195.136 -73.6586,
					-148.585 -200.41 -69.3642,
					-146.731 -201.772 -69.3642,
					-146.361 -201.267 -71.5774,
					-148.215 -199.906 -71.5774,
					-147.158 -196.759 -71.7342,
					-147.855 -197.707 -67.5747,
					-143.674 -199.317 -71.7342,
					-144.37 -200.265 -67.5747,
				]
			}
			coordIndex [
				4, 7, 3, 0, -1,
				7, 6, 2, 3, -1,
				6, 5, 1, 2, -1,
				5, 4, 0, 1, -1,
				4, 5, 6, 7, -1,
				8, 11, 10, 9, -1,
				12, 15, 11, 8, -1,
				15, 14, 10, 11, -1,
				14, 13, 9, 10, -1,
				13, 12, 8, 9, -1,
				16, 17, 18, 19, -1,
				12, 13, 21, -1,
				23, 21, 13, -1,
				15, 12, 21, -1,
				22, 23, 13, -1,
				15, 21, 20, -1,
				22, 13, 14, -1,
				14, 15, 20, -1,
				20, 22, 14, -1,
				21, 16, 19, -1,
				19, 20, 21, -1,
				20, 19, 18, -1,
				18, 22, 20, -1,
				22, 18, 17, -1,
				17, 23, 22, -1,
				23, 17, 16, -1,
				16, 21, 23, -1,
				24, 27, 26, 25, -1,
				3, 30, 28, -1,
				30, 3, 2, -1,
				0, 3, 28, -1,
				31, 30, 2, -1,
				0, 28, 29, -1,
				31, 2, 1, -1,
				1, 0, 29, -1,
				29, 31, 1, -1,
				28, 27, 24, -1,
				24, 29, 28, -1,
				30, 26, 27, -1,
				27, 28, 30, -1,
				31, 25, 26, -1,
				26, 30, 31, -1,
				29, 24, 25, -1,
				25, 31, 29, -1,
				32, 35, 34, 33, -1,
				36, 39, 35, 32, -1,
				39, 38, 34, 35, -1,
				38, 37, 33, 34, -1,
				37, 36, 32, 33, -1,
				40, 41, 42, 43, -1,
				36, 37, 45, -1,
				47, 45, 37, -1,
				39, 36, 45, -1,
				46, 47, 37, -1,
				39, 45, 44, -1,
				46, 37, 38, -1,
				38, 39, 44, -1,
				44, 46, 38, -1,
				45, 40, 43, -1,
				43, 44, 45, -1,
				44, 43, 42, -1,
				42, 46, 44, -1,
				46, 42, 41, -1,
				41, 47, 46, -1,
				47, 41, 40, -1,
				40, 45, 47, -1,
			]
			solid FALSE
		}
	}
#---------- SOLID: DetectorCrystal_18:0
	Shape {
		appearance Appearance {
			material Material {
				diffuseColor 1 1 1
				transparency 0.7
			}
		}
		geometry IndexedFaceSet {
			coord Coordinate {
				point [
					-221.524 -259.447 -70.2465,
					-181.222 -289.04 -70.2465,
					-173.168 -278.072 -118.359,
					-213.47 -248.479 -118.359,
					-215.829 -251.691 -67.525,
					-175.527 -281.284 -67.525,
					-167.473 -270.316 -115.638,
					-207.775 -240.723 -115.638,
				]
			}
			coordIndex [
				0, 3, 2, 1, -1,
				4, 7, 3, 0, -1,
				7, 6, 2, 3, -1,
				6, 5, 1, 2, -1,
				5, 4, 0, 1, -1,
				4, 5, 6, 7, -1,
			]
			solid FALSE
		}
	}
#---------- SOLID: pixel_18_param:0
	Shape {
		appearance Appearance {
			material Material {
				diffuseColor 1 1 1
				transparency 0.7
			}
		}
		geometry IndexedFaceSet {
			coord Coordinate {
				point [
					-221.524 -259.447 -70.2465,
					-181.222 -289.04 -70.2465,
					-173.168 -278.072 -118.359,
					-213.47 -248.479 -118.359,
					-215.829 -251.691 -67.525,
					-175.527 -281.284 -67.525,
					-167.473 -270.316 -115.638,
					-207.775 -240.723 -115.638,
				]
			}
			coordIndex [
				0, 3, 2, 1, -1,
				4, 7, 3, 0, -1,
				7, 6, 2, 3, -1,
				6, 5, 1, 2, -1,
				5, 4, 0, 1, -1,
				4, 5, 6, 7, -1,
			]
			solid FALSE
		}
	}
#---------- SOLID: Collimator_19:0
	Shape {
		appearance Appearance {
			material Material {
				diffuseColor 1 1 1
				transparency 0.7
			}
		}
		geometry IndexedFaceSet {
			coord Coordinate {
				point [
					-166.767 -289.982 -65.5679,
					-117.936 -313.037 -65.5679,
					-111.704 -299.837 -117.558,
					-160.535 -276.783 -117.558,
					-110.337 -226.323 -67.414,
					-104.64 -229.013 -67.414,
					-103.913 -227.473 -73.4794,
					-109.61 -224.783 -73.4794,
					-175.578 -301.623 -66.4649,
					-121.321 -327.239 -66.4649,
					-114.397 -312.573 -124.231,
					-168.654 -286.957 -124.231,
					-169.824 -289.434 -62.6806,
					-115.567 -315.05 -62.6806,
					-108.642 -300.384 -120.447,
					-162.899 -274.768 -120.447,
					-173.537 -301.987 -68.3914,
					-122.897 -325.896 -68.3914,
					-116.434 -312.208 -122.307,
					-167.074 -288.299 -122.307,
					-161.32 -276.111 -118.523,
					-167.782 -289.8 -64.6074,
					-110.68 -300.02 -118.523,
					-117.143 -313.708 -64.6074,
					-108.301 -226.689 -69.3381,
					-106.221 -227.671 -69.3381,
					-105.955 -227.108 -71.5525,
					-108.035 -226.126 -71.5525,
					-158.959 -278.125 -115.63,
					-164.729 -290.347 -67.4921,
					-113.746 -299.472 -115.63,
					-119.516 -311.693 -67.4921,
					-110.337 -226.323 -67.414,
					-104.64 -229.012 -67.414,
					-103.913 -227.473 -73.4795,
					-109.61 -224.783 -73.4795,
					-110.128 -223.528 -65.6362,
					-102.615 -227.075 -65.6362,
					-101.656 -225.044 -73.6354,
					-109.169 -221.497 -73.6354,
					-108.298 -226.688 -69.3397,
					-106.218 -227.67 -69.3397,
					-105.952 -227.108 -71.554,
					-108.032 -226.126 -71.554,
					-107.591 -222.84 -71.71,
					-108.088 -223.893 -67.5619,
					-103.695 -224.679 -71.71,
					-104.192 -225.732 -67.5619,
				]
			}
			coordIndex [
				4, 7, 3, 0, -1,
				7, 6, 2, 3, -1,
				6, 5, 1, 2, -1,
				5, 4, 0, 1, -1,
				4, 5, 6, 7, -1,
				8, 11, 10, 9, -1,
				12, 15, 11, 8, -1,
				15, 14, 10, 11, -1,
				14, 13, 9, 10, -1,
				13, 12, 8, 9, -1,
				16, 17, 18, 19, -1,
				12, 13, 21, -1,
				23, 21, 13, -1,
				15, 12, 21, -1,
				22, 23, 13, -1,
				15, 21, 20, -1,
				22, 13, 14, -1,
				14, 15, 20, -1,
				20, 22, 14, -1,
				21, 16, 19, -1,
				19, 20, 21, -1,
				20, 19, 18, -1,
				18, 22, 20, -1,
				22, 18, 17, -1,
				17, 23, 22, -1,
				23, 17, 16, -1,
				16, 21, 23, -1,
				24, 27, 26, 25, -1,
				3, 30, 28, -1,
				30, 3, 2, -1,
				0, 3, 28, -1,
				31, 30, 2, -1,
				0, 28, 29, -1,
				31, 2, 1, -1,
				1, 0, 29, -1,
				29, 31, 1, -1,
				28, 27, 24, -1,
				24, 29, 28, -1,
				30, 26, 27, -1,
				27, 28, 30, -1,
				31, 25, 26, -1,
				26, 30, 31, -1,
				29, 24, 25, -1,
				25, 31, 29, -1,
				32, 35, 34, 33, -1,
				36, 39, 35, 32, -1,
				39, 38, 34, 35, -1,
				38, 37, 33, 34, -1,
				37, 36, 32, 33, -1,
				40, 41, 42, 43, -1,
				36, 37, 45, -1,
				47, 45, 37, -1,
				39, 36, 45, -1,
				46, 47, 37, -1,
				39, 45, 44, -1,
				46, 37, 38, -1,
				38, 39, 44, -1,
				44, 46, 38, -1,
				45, 40, 43, -1,
				43, 44, 45, -1,
				44, 43, 42, -1,
				42, 46, 44, -1,
				46, 42, 41, -1,
				41, 47, 46, -1,
				47, 41, 40, -1,
				40, 45, 47, -1,
			]
			solid FALSE
		}
	}
#---------- SOLID: DetectorCrystal_19:0
	Shape {
		appearance Appearance {
			material Material {
				diffuseColor 1 1 1
				transparency 0.7
			}
		}
		geometry IndexedFaceSet {
			coord Coordinate {
				point [
					-168.838 -299.053 -70.1965,
					-123.624 -320.4 -70.1965,
					-117.854 -308.178 -118.335,
					-163.068 -286.832 -118.335,
					-164.727 -290.347 -67.4934,
					-119.513 -311.694 -67.4934,
					-113.743 -299.472 -115.632,
					-158.957 -278.125 -115.632,
				]
			}
			coordIndex [
				0, 3, 2, 1, -1,
				4, 7, 3, 0, -1,
				7, 6, 2, 3, -1,
				6, 5, 1, 2, -1,
				5, 4, 0, 1, -1,
				4, 5, 6, 7, -1,
			]
			solid FALSE
		}
	}
#---------- SOLID: pixel_19_param:0
	Shape {
		appearance Appearance {
			material Material {
				diffuseColor 1 1 1
				transparency 0.7
			}
		}
		geometry IndexedFaceSet {
			coord Coordinate {
				point [
					-168.838 -299.053 -70.1965,
					-123.624 -320.4 -70.1965,
					-117.854 -308.178 -118.335,
					-163.068 -286.832 -118.335,
					-164.727 -290.347 -67.4934,
					-119.513 -311.694 -67.4934,
					-113.743 -299.472 -115.632,
					-158.957 -278.125 -115.632,
				]
			}
			coordIndex [
				0, 3, 2, 1, -1,
				4, 7, 3, 0, -1,
				7, 6, 2, 3, -1,
				6, 5, 1, 2, -1,
				5, 4, 0, 1, -1,
				4, 5, 6, 7, -1,
			]
			solid FALSE
		}
	}
#---------- SOLID: Collimator_20:0
	Shape {
		appearance Appearance {
			material Material {
				diffuseColor 1 1 1
				transparency 0.7
			}
		}
		geometry IndexedFaceSet {
			coord Coordinate {
				point [
					-109.988 -319.805 -65.516,
					-57.6841 -333.234 -65.516,
					-54.0936 -319.25 -117.55,
					-106.397 -305.821 -117.55,
					-66.3673 -245.817 -67.3732,
					-60.2652 -247.384 -67.3732,
					-59.8463 -245.753 -73.4438,
					-65.9484 -244.186 -73.4438,
					-116.446 -332.901 -66.3693,
					-58.3306 -347.823 -66.3693,
					-54.3412 -332.285 -124.185,
					-112.456 -317.364 -124.185,
					-113.091 -319.835 -62.6262,
					-54.9757 -334.756 -62.6262,
					-50.9863 -319.218 -120.442,
					-109.101 -304.297 -120.442,
					-114.373 -332.88 -68.2975,
					-60.1328 -346.807 -68.2975,
					-56.4094 -332.305 -122.259,
					-110.65 -318.378 -122.259,
					-107.295 -305.312 -118.516,
					-111.019 -319.814 -64.5547,
					-53.0547 -319.239 -118.516,
					-56.7781 -333.741 -64.5547,
					-64.2999 -245.798 -69.299,
					-62.0722 -246.37 -69.299,
					-61.9193 -245.774 -71.5152,
					-64.147 -245.202 -71.5152,
					-104.595 -306.836 -115.621,
					-107.92 -319.784 -67.4418,
					-56.1667 -319.271 -115.621,
					-59.4912 -332.218 -67.4418,
					-66.3674 -245.817 -67.3732,
					-60.2653 -247.384 -67.3732,
					-59.8464 -245.752 -73.4439,
					-65.9485 -244.186 -73.4439,
					-66.6762 -243.027 -65.6144,
					-58.6507 -245.088 -65.6144,
					-58.0998 -242.942 -73.5986,
					-66.1253 -240.882 -73.5986,
					-64.2971 -245.796 -69.3005,
					-62.0694 -246.368 -69.3005,
					-61.9164 -245.773 -71.5168,
					-64.1442 -245.201 -71.5168,
					-64.3209 -241.897 -71.6714,
					-64.6059 -243.007 -67.5417,
					-60.1698 -242.963 -71.6714,
					-60.4548 -244.073 -67.5417,
				]
			}
			coordIndex [
				4, 7, 3, 0, -1,
				7, 6, 2, 3, -1,
				6, 5, 1, 2, -1,
				5, 4, 0, 1, -1,
				4, 5, 6, 7, -1,
				8, 11, 10, 9, -1,
				12, 15, 11, 8, -1,
				15, 14, 10, 11, -1,
				14, 13, 9, 10, -1,
				13, 12, 8, 9, -1,
				16, 17, 18, 19, -1,
				12, 13, 21, -1,
				23, 21, 13, -1,
				15, 12, 21, -1,
				22, 23, 13, -1,
				15, 21, 20, -1,
				22, 13, 14, -1,
				14, 15, 20, -1,
				20, 22, 14, -1,
				21, 16, 19, -1,
				19, 20, 21, -1,
				20, 19, 18, -1,
				18, 22, 20, -1,
				22, 18, 17, -1,
				17, 23, 22, -1,
				23, 17, 16, -1,
				16, 21, 23, -1,
				24, 27, 26, 25, -1,
				3, 30, 28, -1,
				30, 3, 2, -1,
				0, 3, 28, -1,
				31, 30, 2, -1,
				0, 28, 29, -1,
				31, 2, 1, -1,
				1, 0, 29, -1,
				29, 31, 1, -1,
				28, 27, 24, -1,
				24, 29, 28, -1,
				30, 26, 27, -1,
				27, 28, 30, -1,
				31, 25, 26, -1,
				26, 30, 31, -1,
				29, 24, 25, -1,
				25, 31, 29, -1,
				32, 35, 34, 33, -1,
				36, 39, 35, 32, -1,
				39, 38, 34, 35, -1,
				38, 37, 33, 34, -1,
				37, 36, 32, 33, -1,
				40, 41, 42, 43, -1,
				36, 37, 45, -1,
				47, 45, 37, -1,
				39, 36, 45, -1,
				46, 47, 37, -1,
				39, 45, 44, -1,
				46, 37, 38, -1,
				38, 39, 44, -1,
				44, 46, 38, -1,
				45, 40, 43, -1,
				43, 44, 45, -1,
				44, 43, 42, -1,
				42, 46, 44, -1,
				46, 42, 41, -1,
				41, 47, 46, -1,
				47, 41, 40, -1,
				40, 45, 47, -1,
			]
			solid FALSE
		}
	}
#---------- SOLID: DetectorCrystal_20:0
	Shape {
		appearance Appearance {
			material Material {
				diffuseColor 1 1 1
				transparency 0.7
			}
		}
		geometry IndexedFaceSet {
			coord Coordinate {
				point [
					-110.314 -329.118 -70.1168,
					-61.8847 -341.552 -70.1168,
					-58.5602 -328.604 -118.297,
					-106.989 -316.169 -118.297,
					-107.917 -319.784 -67.4432,
					-59.4883 -332.219 -67.4432,
					-56.1638 -319.271 -115.623,
					-104.593 -306.836 -115.623,
				]
			}
			coordIndex [
				0, 3, 2, 1, -1,
				4, 7, 3, 0, -1,
				7, 6, 2, 3, -1,
				6, 5, 1, 2, -1,
				5, 4, 0, 1, -1,
				4, 5, 6, 7, -1,
			]
			solid FALSE
		}
	}
#---------- SOLID: pixel_20_param:0
	Shape {
		appearance Appearance {
			material Material {
				diffuseColor 1 1 1
				transparency 0.7
			}
		}
		geometry IndexedFaceSet {
			coord Coordinate {
				point [
					-110.314 -329.118 -70.1168,
					-61.8847 -341.552 -70.1168,
					-58.5602 -328.604 -118.297,
					-106.989 -316.169 -118.297,
					-107.917 -319.784 -67.4432,
					-59.4883 -332.219 -67.4432,
					-56.1638 -319.271 -115.623,
					-104.593 -306.836 -115.623,
				]
			}
			coordIndex [
				0, 3, 2, 1, -1,
				4, 7, 3, 0, -1,
				7, 6, 2, 3, -1,
				6, 5, 1, 2, -1,
				5, 4, 0, 1, -1,
				4, 5, 6, 7, -1,
			]
			solid FALSE
		}
	}
#---------- SOLID: Collimator_21:0
	Shape {
		appearance Appearance {
			material Material {
				diffuseColor 1 1 1
				transparency 0.7
			}
		}
		geometry IndexedFaceSet {
			coord Coordinate {
				point [
					369.478 66.0067 -3.59326,
					356.182 118.344 -3.59326,
					351.906 117.258 -57.4128,
					365.203 64.9206 -57.4128,
					278.027 67.3816 -20.286,
					276.476 73.4876 -20.286,
					275.977 73.3609 -26.565,
					277.528 67.2549 -26.565,
					383.976 66.5966 -1.74824,
					369.203 124.749 -1.74824,
					364.452 123.543 -61.5477,
					379.226 65.3897 -61.5477,
					370.453 63.161 -0.604574,
					355.679 121.314 -0.604574,
					350.929 120.107 -60.404,
					365.702 61.9541 -60.404,
					383.324 68.4962 -3.74276,
					369.535 122.772 -3.74276,
					365.102 121.646 -59.5556,
					378.89 67.3698 -59.5556,
					365.368 63.9344 -58.412,
					369.801 65.0608 -2.59917,
					351.579 118.21 -58.412,
					356.013 119.337 -2.59917,
					277.378 69.2776 -22.2775,
					276.812 71.5068 -22.2775,
					276.63 71.4605 -24.5698,
					277.196 69.2313 -24.5698,
					364.869 66.8971 -55.4171,
					368.828 67.9028 -5.58499,
					352.558 115.357 -55.4171,
					356.517 116.363 -5.58499,
					278.027 67.3813 -20.2861,
					276.476 73.4874 -20.2861,
					275.977 73.3607 -26.5651,
					277.528 67.2546 -26.5651,
					275.424 65.7857 -19.1386,
					273.426 73.647 -19.1386,
					272.784 73.4838 -27.2225,
					274.781 65.6226 -27.2225,
					277.376 69.2796 -22.2795,
					276.81 71.5088 -22.2795,
					276.627 71.4626 -24.5719,
					277.194 69.2334 -24.5719,
					274.447 67.6014 -25.2292,
					274.773 67.6841 -21.132,
					273.435 71.5858 -25.2292,
					273.76 71.6684 -21.132,
				]
			}
			coordIndex [
				4, 7, 3, 0, -1,
				7, 6, 2, 3, -1,
				6, 5, 1, 2, -1,
				5, 4, 0, 1, -1,
				4, 5, 6, 7, -1,
				8, 11, 10, 9, -1,
				12, 15, 11, 8, -1,
				15, 14, 10, 11, -1,
				14, 13, 9, 10, -1,
				13, 12, 8, 9, -1,
				16, 17, 18, 19, -1,
				12, 13, 21, -1,
				23, 21, 13, -1,
				15, 12, 21, -1,
				22, 23, 13, -1,
				15, 21, 20, -1,
				22, 13, 14, -1,
				14, 15, 20, -1,
				20, 22, 14, -1,
				21, 16, 19, -1,
				19, 20, 21, -1,
				20, 19, 18, -1,
				18, 22, 20, -1,
				22, 18, 17, -1,
				17, 23, 22, -1,
				23, 17, 16, -1,
				16, 21, 23, -1,
				24, 27, 26, 25, -1,
				3, 30, 28, -1,
				30, 3, 2, -1,
				0, 3, 28, -1,
				31, 30, 2, -1,
				0, 28, 29, -1,
				31, 2, 1, -1,
				1, 0, 29, -1,
				29, 31, 1, -1,
				28, 27, 24, -1,
				24, 29, 28, -1,
				30, 26, 27, -1,
				27, 28, 30, -1,
				31, 25, 26, -1,
				26, 30, 31, -1,
				29, 24, 25, -1,
				25, 31, 29, -1,
				32, 35, 34, 33, -1,
				36, 39, 35, 32, -1,
				39, 38, 34, 35, -1,
				38, 37, 33, 34, -1,
				37, 36, 32, 33, -1,
				40, 41, 42, 43, -1,
				36, 37, 45, -1,
				47, 45, 37, -1,
				39, 36, 45, -1,
				46, 47, 37, -1,
				39, 45, 44, -1,
				46, 37, 38, -1,
				38, 39, 44, -1,
				44, 46, 38, -1,
				45, 40, 43, -1,
				43, 44, 45, -1,
				44, 43, 42, -1,
				42, 46, 44, -1,
				46, 42, 41, -1,
				41, 47, 46, -1,
				47, 41, 40, -1,
				40, 45, 47, -1,
			]
			solid FALSE
		}
	}
#---------- SOLID: DetectorCrystal_21:0
	Shape {
		appearance Appearance {
			material Material {
				diffuseColor 1 1 1
				transparency 0.7
			}
		}
		geometry IndexedFaceSet {
			coord Coordinate {
				point [
					378.487 70.359 -6.40348,
					366.176 118.82 -6.40348,
					362.217 117.814 -56.2364,
					374.528 69.3533 -56.2364,
					368.827 67.9049 -5.58657,
					356.516 116.366 -5.58657,
					352.557 115.36 -55.4195,
					364.868 66.8992 -55.4195,
				]
			}
			coordIndex [
				0, 3, 2, 1, -1,
				4, 7, 3, 0, -1,
				7, 6, 2, 3, -1,
				6, 5, 1, 2, -1,
				5, 4, 0, 1, -1,
				4, 5, 6, 7, -1,
			]
			solid FALSE
		}
	}
#---------- SOLID: pixel_21_param:0
	Shape {
		appearance Appearance {
			material Material {
				diffuseColor 1 1 1
				transparency 0.7
			}
		}
		geometry IndexedFaceSet {
			coord Coordinate {
				point [
					378.487 70.359 -6.40348,
					366.176 118.82 -6.40348,
					362.217 117.814 -56.2364,
					374.528 69.3533 -56.2364,
					368.827 67.9049 -5.58657,
					356.516 116.366 -5.58657,
					352.557 115.36 -55.4195,
					364.868 66.8992 -55.4195,
				]
			}
			coordIndex [
				0, 3, 2, 1, -1,
				4, 7, 3, 0, -1,
				7, 6, 2, 3, -1,
				6, 5, 1, 2, -1,
				5, 4, 0, 1, -1,
				4, 5, 6, 7, -1,
			]
			solid FALSE
		}
	}
#---------- SOLID: Collimator_22:0
	Shape {
		appearance Appearance {
			material Material {
				diffuseColor 1 1 1
				transparency 0.7
			}
		}
		geometry IndexedFaceSet {
			coord Coordinate {
				point [
					328.919 115.74 -3.67593,
					307.104 165.137 -3.67593,
					302.747 163.213 -57.4655,
					324.562 113.816 -57.4655,
					244.41 104.492 -20.3719,
					241.865 110.255 -20.3719,
					241.356 110.03 -26.6473,
					243.901 104.267 -26.6473,
					343.128 118.737 -1.9237,
					318.889 173.623 -1.9237,
					314.048 171.486 -61.6899,
					338.287 116.599 -61.6899,
					330.371 113.104 -0.688911,
					306.132 167.99 -0.688911,
					301.292 165.852 -60.4551,
					325.53 110.966 -60.4551,
					342.157 120.497 -3.9171,
					319.534 171.724 -3.9171,
					315.016 169.729 -59.6989,
					337.639 118.501 -59.6989,
					324.883 112.868 -58.4642,
					329.401 114.863 -2.6824,
					302.26 164.095 -58.4642,
					306.778 166.091 -2.6824,
					243.443 106.248 -22.3624,
					242.514 108.352 -22.3624,
					242.328 108.27 -24.6534,
					243.257 106.166 -24.6534,
					323.916 115.715 -55.471,
					327.95 117.496 -5.66671,
					303.718 161.453 -55.471,
					307.752 163.234 -5.66671,
					244.41 104.491 -20.372,
					241.865 110.254 -20.372,
					241.356 110.03 -26.6474,
					243.901 104.267 -26.6474,
					242.151 102.423 -19.1313,
					238.814 109.978 -19.1313,
					238.148 109.684 -27.3589,
					241.484 102.128 -27.3589,
					243.44 106.25 -22.3643,
					242.511 108.354 -22.3643,
					242.325 108.272 -24.6553,
					243.255 106.168 -24.6553,
					240.838 104.029 -25.3668,
					241.182 104.181 -21.1236,
					239.117 107.926 -25.3668,
					239.461 108.078 -21.1236,
				]
			}
			coordIndex [
				4, 7, 3, 0, -1,
				7, 6, 2, 3, -1,
				6, 5, 1, 2, -1,
				5, 4, 0, 1, -1,
				4, 5, 6, 7, -1,
				8, 11, 10, 9, -1,
				12, 15, 11, 8, -1,
				15, 14, 10, 11, -1,
				14, 13, 9, 10, -1,
				13, 12, 8, 9, -1,
				16, 17, 18, 19, -1,
				12, 13, 21, -1,
				23, 21, 13, -1,
				15, 12, 21, -1,
				22, 23, 13, -1,
				15, 21, 20, -1,
				22, 13, 14, -1,
				14, 15, 20, -1,
				20, 22, 14, -1,
				21, 16, 19, -1,
				19, 20, 21, -1,
				20, 19, 18, -1,
				18, 22, 20, -1,
				22, 18, 17, -1,
				17, 23, 22, -1,
				23, 17, 16, -1,
				16, 21, 23, -1,
				24, 27, 26, 25, -1,
				3, 30, 28, -1,
				30, 3, 2, -1,
				0, 3, 28, -1,
				31, 30, 2, -1,
				0, 28, 29, -1,
				31, 2, 1, -1,
				1, 0, 29, -1,
				29, 31, 1, -1,
				28, 27, 24, -1,
				24, 29, 28, -1,
				30, 26, 27, -1,
				27, 28, 30, -1,
				31, 25, 26, -1,
				26, 30, 31, -1,
				29, 24, 25, -1,
				25, 31, 29, -1,
				32, 35, 34, 33, -1,
				36, 39, 35, 32, -1,
				39, 38, 34, 35, -1,
				38, 37, 33, 34, -1,
				37, 36, 32, 33, -1,
				40, 41, 42, 43, -1,
				36, 37, 45, -1,
				47, 45, 37, -1,
				39, 36, 45, -1,
				46, 47, 37, -1,
				39, 45, 44, -1,
				46, 37, 38, -1,
				38, 39, 44, -1,
				44, 46, 38, -1,
				45, 40, 43, -1,
				43, 44, 45, -1,
				44, 43, 42, -1,
				42, 46, 44, -1,
				46, 42, 41, -1,
				41, 47, 46, -1,
				47, 41, 40, -1,
				40, 45, 47, -1,
			]
			solid FALSE
		}
	}
#---------- SOLID: DetectorCrystal_22:0
	Shape {
		appearance Appearance {
			material Material {
				diffuseColor 1 1 1
				transparency 0.7
			}
		}
		geometry IndexedFaceSet {
			coord Coordinate {
				point [
					337.062 121.522 -6.55013,
					316.863 167.261 -6.55013,
					312.829 165.479 -56.3553,
					333.027 119.741 -56.3553,
					327.95 117.498 -5.66814,
					307.751 163.237 -5.66814,
					303.717 161.455 -55.4733,
					323.915 115.717 -55.4733,
				]
			}
			coordIndex [
				0, 3, 2, 1, -1,
				4, 7, 3, 0, -1,
				7, 6, 2, 3, -1,
				6, 5, 1, 2, -1,
				5, 4, 0, 1, -1,
				4, 5, 6, 7, -1,
			]
			solid FALSE
		}
	}
#---------- SOLID: pixel_22_param:0
	Shape {
		appearance Appearance {
			material Material {
				diffuseColor 1 1 1
				transparency 0.7
			}
		}
		geometry IndexedFaceSet {
			coord Coordinate {
				point [
					337.062 121.522 -6.55013,
					316.863 167.261 -6.55013,
					312.829 165.479 -56.3553,
					333.027 119.741 -56.3553,
					327.95 117.498 -5.66814,
					307.751 163.237 -5.66814,
					303.717 161.455 -55.4733,
					323.915 115.717 -55.4733,
				]
			}
			coordIndex [
				0, 3, 2, 1, -1,
				4, 7, 3, 0, -1,
				7, 6, 2, 3, -1,
				6, 5, 1, 2, -1,
				5, 4, 0, 1, -1,
				4, 5, 6, 7, -1,
			]
			solid FALSE
		}
	}
#---------- SOLID: Collimator_23:0
	Shape {
		appearance Appearance {
			material Material {
				diffuseColor 1 1 1
				transparency 0.7
			}
		}
		geometry IndexedFaceSet {
			coord Coordinate {
				point [
					278.641 156.778 -3.78209,
					248.282 201.435 -3.78209,
					243.97 198.504 -57.5297,
					274.329 153.846 -57.5297,
					203.355 134.436 -20.4847,
					199.813 139.646 -20.4847,
					199.31 139.304 -26.7553,
					202.852 134.094 -26.7553,
					292.089 162.295 -2.14935,
					258.357 211.914 -2.14935,
					253.565 208.657 -61.8689,
					287.298 159.037 -61.8689,
					280.565 154.46 -0.797391,
					246.833 204.08 -0.797391,
					242.041 200.823 -60.517,
					275.774 151.203 -60.517,
					290.803 163.841 -4.14119,
					259.32 210.153 -4.14119,
					254.847 207.112 -59.8795,
					286.331 160.801 -59.8795,
					274.808 152.967 -58.5276,
					279.28 156.007 -2.78933,
					243.324 199.279 -58.5276,
					247.797 202.319 -2.78933,
					202.073 135.98 -22.4738,
					200.78 137.882 -22.4738,
					200.597 137.758 -24.7631,
					201.89 135.855 -24.7631,
					273.365 155.607 -55.537,
					277.358 158.322 -5.77148,
					245.255 196.956 -55.537,
					249.248 199.671 -5.77148,
					203.355 134.436 -20.4848,
					199.813 139.646 -20.4848,
					199.31 139.304 -26.7554,
					202.852 134.094 -26.7554,
					201.577 131.925 -19.1234,
					196.824 138.916 -19.1234,
					196.149 138.457 -27.5374,
					200.902 131.466 -27.5374,
					202.071 135.981 -22.4756,
					200.778 137.883 -22.4756,
					200.594 137.758 -24.7648,
					201.887 135.856 -24.7648,
					199.937 133.229 -25.5468,
					200.293 133.47 -21.1142,
					197.433 136.912 -25.5468,
					197.789 137.153 -21.1142,
				]
			}
			coordIndex [
				4, 7, 3, 0, -1,
				7, 6, 2, 3, -1,
				6, 5, 1, 2, -1,
				5, 4, 0, 1, -1,
				4, 5, 6, 7, -1,
				8, 11, 10, 9, -1,
				12, 15, 11, 8, -1,
				15, 14, 10, 11, -1,
				14, 13, 9, 10, -1,
				13, 12, 8, 9, -1,
				16, 17, 18, 19, -1,
				12, 13, 21, -1,
				23, 21, 13, -1,
				15, 12, 21, -1,
				22, 23, 13, -1,
				15, 21, 20, -1,
				22, 13, 14, -1,
				14, 15, 20, -1,
				20, 22, 14, -1,
				21, 16, 19, -1,
				19, 20, 21, -1,
				20, 19, 18, -1,
				18, 22, 20, -1,
				22, 18, 17, -1,
				17, 23, 22, -1,
				23, 17, 16, -1,
				16, 21, 23, -1,
				24, 27, 26, 25, -1,
				3, 30, 28, -1,
				30, 3, 2, -1,
				0, 3, 28, -1,
				31, 30, 2, -1,
				0, 28, 29, -1,
				31, 2, 1, -1,
				1, 0, 29, -1,
				29, 31, 1, -1,
				28, 27, 24, -1,
				24, 29, 28, -1,
				30, 26, 27, -1,
				27, 28, 30, -1,
				31, 25, 26, -1,
				26, 30, 31, -1,
				29, 24, 25, -1,
				25, 31, 29, -1,
				32, 35, 34, 33, -1,
				36, 39, 35, 32, -1,
				39, 38, 34, 35, -1,
				38, 37, 33, 34, -1,
				37, 36, 32, 33, -1,
				40, 41, 42, 43, -1,
				36, 37, 45, -1,
				47, 45, 37, -1,
				39, 36, 45, -1,
				46, 47, 37, -1,
				39, 45, 44, -1,
				46, 37, 38, -1,
				38, 39, 44, -1,
				44, 46, 38, -1,
				45, 40, 43, -1,
				43, 44, 45, -1,
				44, 43, 42, -1,
				42, 46, 44, -1,
				46, 42, 41, -1,
				41, 47, 46, -1,
				47, 41, 40, -1,
				40, 45, 47, -1,
			]
			solid FALSE
		}
	}
#---------- SOLID: DetectorCrystal_23:0
	Shape {
		appearance Appearance {
			material Material {
				diffuseColor 1 1 1
				transparency 0.7
			}
		}
		geometry IndexedFaceSet {
			coord Coordinate {
				point [
					285.588 163.919 -6.73843,
					257.478 205.269 -6.73843,
					253.485 202.554 -56.5047,
					281.595 161.204 -56.5047,
					277.357 158.323 -5.77275,
					249.247 199.673 -5.77275,
					245.254 196.958 -55.5391,
					273.364 155.609 -55.5391,
				]
			}
			coordIndex [
				0, 3, 2, 1, -1,
				4, 7, 3, 0, -1,
				7, 6, 2, 3, -1,
				6, 5, 1, 2, -1,
				5, 4, 0, 1, -1,
				4, 5, 6, 7, -1,
			]
			solid FALSE
		}
	}
#---------- SOLID: pixel_23_param:0
	Shape {
		appearance Appearance {
			material Material {
				diffuseColor 1 1 1
				transparency 0.7
			}
		}
		geometry IndexedFaceSet {
			coord Coordinate {
				point [
					285.588 163.919 -6.73843,
					257.478 205.269 -6.73843,
					253.485 202.554 -56.5047,
					281.595 161.204 -56.5047,
					277.357 158.323 -5.77275,
					249.247 199.673 -5.77275,
					245.254 196.958 -55.5391,
					273.364 155.609 -55.5391,
				]
			}
			coordIndex [
				0, 3, 2, 1, -1,
				4, 7, 3, 0, -1,
				7, 6, 2, 3, -1,
				6, 5, 1, 2, -1,
				5, 4, 0, 1, -1,
				4, 5, 6, 7, -1,
			]
			solid FALSE
		}
	}
#---------- SOLID: Collimator_24:0
	Shape {
		appearance Appearance {
			material Material {
				diffuseColor 1 1 1
				transparency 0.7
			}
		}
		geometry IndexedFaceSet {
			coord Coordinate {
				point [
					222.008 188.31 -3.90881,
					183.408 226.074 -3.90881,
					179.385 221.961 -57.6014,
					217.984 184.197 -57.6014,
					157.504 156.484 -20.6232,
					153.001 160.89 -20.6232,
					152.532 160.41 -26.8874,
					157.035 156.004 -26.8874,
					234.108 196.392 -2.41895,
					191.22 238.351 -2.41895,
					186.749 233.781 -62.0773,
					229.637 191.822 -62.0773,
					224.373 186.441 -0.927155,
					181.486 228.401 -0.927155,
					177.014 223.831 -60.5856,
					219.902 181.871 -60.5856,
					232.528 197.638 -4.40874,
					192.499 236.801 -4.40874,
					188.326 232.535 -60.0899,
					228.355 193.373 -60.0899,
					218.62 183.423 -58.5982,
					222.794 187.689 -2.91705,
					178.592 222.586 -58.5982,
					182.765 226.851 -2.91705,
					155.928 157.73 -22.6105,
					154.284 159.339 -22.6105,
					154.113 159.163 -24.8974,
					155.757 157.555 -24.8974,
					216.704 185.747 -55.6109,
					220.43 189.556 -5.89633,
					180.965 220.713 -55.6109,
					184.691 224.522 -5.89633,
					157.504 156.484 -20.6234,
					153.001 160.89 -20.6234,
					152.532 160.41 -26.8875,
					157.035 156.004 -26.8875,
					156.361 153.608 -19.1163,
					150.15 159.684 -19.1163,
					149.503 159.022 -27.7552,
					155.714 152.946 -27.7552,
					155.926 157.73 -22.6121,
					154.282 159.339 -22.6121,
					154.11 159.164 -24.899,
					155.754 157.555 -24.899,
					154.433 154.497 -25.7667,
					154.782 154.854 -21.105,
					151.082 157.776 -25.7667,
					151.431 158.133 -21.105,
				]
			}
			coordIndex [
				4, 7, 3, 0, -1,
				7, 6, 2, 3, -1,
				6, 5, 1, 2, -1,
				5, 4, 0, 1, -1,
				4, 5, 6, 7, -1,
				8, 11, 10, 9, -1,
				12, 15, 11, 8, -1,
				15, 14, 10, 11, -1,
				14, 13, 9, 10, -1,
				13, 12, 8, 9, -1,
				16, 17, 18, 19, -1,
				12, 13, 21, -1,
				23, 21, 13, -1,
				15, 12, 21, -1,
				22, 23, 13, -1,
				15, 21, 20, -1,
				22, 13, 14, -1,
				14, 15, 20, -1,
				20, 22, 14, -1,
				21, 16, 19, -1,
				19, 20, 21, -1,
				20, 19, 18, -1,
				18, 22, 20, -1,
				22, 18, 17, -1,
				17, 23, 22, -1,
				23, 17, 16, -1,
				16, 21, 23, -1,
				24, 27, 26, 25, -1,
				3, 30, 28, -1,
				30, 3, 2, -1,
				0, 3, 28, -1,
				31, 30, 2, -1,
				0, 28, 29, -1,
				31, 2, 1, -1,
				1, 0, 29, -1,
				29, 31, 1, -1,
				28, 27, 24, -1,
				24, 29, 28, -1,
				30, 26, 27, -1,
				27, 28, 30, -1,
				31, 25, 26, -1,
				26, 30, 31, -1,
				29, 24, 25, -1,
				25, 31, 29, -1,
				32, 35, 34, 33, -1,
				36, 39, 35, 32, -1,
				39, 38, 34, 35, -1,
				38, 37, 33, 34, -1,
				37, 36, 32, 33, -1,
				40, 41, 42, 43, -1,
				36, 37, 45, -1,
				47, 45, 37, -1,
				39, 36, 45, -1,
				46, 47, 37, -1,
				39, 45, 44, -1,
				46, 37, 38, -1,
				38, 39, 44, -1,
				44, 46, 38, -1,
				45, 40, 43, -1,
				43, 44, 45, -1,
				44, 43, 42, -1,
				42, 46, 44, -1,
				46, 42, 41, -1,
				41, 47, 46, -1,
				47, 41, 40, -1,
				40, 45, 47, -1,
			]
			solid FALSE
		}
	}
#---------- SOLID: DetectorCrystal_24:0
	Shape {
		appearance Appearance {
			material Material {
				diffuseColor 1 1 1
				transparency 0.7
			}
		}
		geometry IndexedFaceSet {
			coord Coordinate {
				point [
					227.383 196.664 -6.96299,
					191.643 231.63 -6.96299,
					187.917 227.822 -56.6783,
					223.657 192.856 -56.6783,
					220.429 189.557 -5.89742,
					184.689 224.523 -5.89742,
					180.963 220.715 -55.6128,
					216.703 185.748 -55.6128,
				]
			}
			coordIndex [
				0, 3, 2, 1, -1,
				4, 7, 3, 0, -1,
				7, 6, 2, 3, -1,
				6, 5, 1, 2, -1,
				5, 4, 0, 1, -1,
				4, 5, 6, 7, -1,
			]
			solid FALSE
		}
	}
#---------- SOLID: pixel_24_param:0
	Shape {
		appearance Appearance {
			material Material {
				diffuseColor 1 1 1
				transparency 0.7
			}
		}
		geometry IndexedFaceSet {
			coord Coordinate {
				point [
					227.383 196.664 -6.96299,
					191.643 231.63 -6.96299,
					187.917 227.822 -56.6783,
					223.657 192.856 -56.6783,
					220.429 189.557 -5.89742,
					184.689 224.523 -5.89742,
					180.963 220.715 -55.6128,
					216.703 185.748 -55.6128,
				]
			}
			coordIndex [
				0, 3, 2, 1, -1,
				4, 7, 3, 0, -1,
				7, 6, 2, 3, -1,
				6, 5, 1, 2, -1,
				5, 4, 0, 1, -1,
				4, 5, 6, 7, -1,
			]
			solid FALSE
		}
	}
#---------- SOLID: Collimator_25:0
	Shape {
		appearance Appearance {
			material Material {
				diffuseColor 1 1 1
				transparency 0.7
			}
		}
		geometry IndexedFaceSet {
			coord Coordinate {
				point [
					161.812 210.473 -4.04677,
					115.876 238.861 -4.04677,
					112.542 233.466 -57.673,
					158.478 205.078 -57.673,
					109.145 170.618 -20.7789,
					103.786 173.93 -20.7789,
					103.397 173.3 -27.0353,
					108.756 169.988 -27.0353,
					171.856 221.022 -2.71303,
					120.816 252.565 -2.71303,
					117.112 246.57 -62.2978,
					168.152 215.028 -62.2978,
					164.547 209.195 -1.06876,
					113.507 240.738 -1.06876,
					109.803 234.743 -60.6535,
					160.843 203.201 -60.6535,
					170.029 221.874 -4.70035,
					122.392 251.313 -4.70035,
					118.935 245.719 -60.3128,
					166.572 216.279 -60.3128,
					159.263 204.453 -58.6686,
					162.721 210.048 -3.0562,
					111.626 233.892 -58.6686,
					115.084 239.487 -3.0562,
					107.322 171.469 -22.7638,
					105.366 172.679 -22.7638,
					105.224 172.449 -25.0479,
					107.18 171.24 -25.0479,
					156.902 206.328 -55.6851,
					159.989 211.324 -6.03198,
					114.369 232.613 -55.6851,
					117.456 237.609 -6.03198,
					109.145 170.617 -20.779,
					103.786 173.929 -20.779,
					103.397 173.3 -27.0354,
					108.756 169.988 -27.0354,
					108.788 167.519 -19.1107,
					101.174 172.224 -19.1107,
					100.622 171.33 -27.9991,
					108.235 166.625 -27.9991,
					107.32 171.469 -22.7653,
					105.363 172.678 -22.7653,
					105.221 172.448 -25.0494,
					107.178 171.239 -25.0494,
					106.657 167.876 -26.013,
					106.963 168.371 -21.097,
					102.446 170.478 -26.013,
					102.752 170.973 -21.097,
				]
			}
			coordIndex [
				4, 7, 3, 0, -1,
				7, 6, 2, 3, -1,
				6, 5, 1, 2, -1,
				5, 4, 0, 1, -1,
				4, 5, 6, 7, -1,
				8, 11, 10, 9, -1,
				12, 15, 11, 8, -1,
				15, 14, 10, 11, -1,
				14, 13, 9, 10, -1,
				13, 12, 8, 9, -1,
				16, 17, 18, 19, -1,
				12, 13, 21, -1,
				23, 21, 13, -1,
				15, 12, 21, -1,
				22, 23, 13, -1,
				15, 21, 20, -1,
				22, 13, 14, -1,
				14, 15, 20, -1,
				20, 22, 14, -1,
				21, 16, 19, -1,
				19, 20, 21, -1,
				20, 19, 18, -1,
				18, 22, 20, -1,
				22, 18, 17, -1,
				17, 23, 22, -1,
				23, 17, 16, -1,
				16, 21, 23, -1,
				24, 27, 26, 25, -1,
				3, 30, 28, -1,
				30, 3, 2, -1,
				0, 3, 28, -1,
				31, 30, 2, -1,
				0, 28, 29, -1,
				31, 2, 1, -1,
				1, 0, 29, -1,
				29, 31, 1, -1,
				28, 27, 24, -1,
				24, 29, 28, -1,
				30, 26, 27, -1,
				27, 28, 30, -1,
				31, 25, 26, -1,
				26, 30, 31, -1,
				29, 24, 25, -1,
				25, 31, 29, -1,
				32, 35, 34, 33, -1,
				36, 39, 35, 32, -1,
				39, 38, 34, 35, -1,
				38, 37, 33, 34, -1,
				37, 36, 32, 33, -1,
				40, 41, 42, 43, -1,
				36, 37, 45, -1,
				47, 45, 37, -1,
				39, 36, 45, -1,
				46, 47, 37, -1,
				39, 45, 44, -1,
				46, 37, 38, -1,
				38, 39, 44, -1,
				44, 46, 38, -1,
				45, 40, 43, -1,
				43, 44, 45, -1,
				44, 43, 42, -1,
				42, 46, 44, -1,
				46, 42, 41, -1,
				41, 47, 46, -1,
				47, 41, 40, -1,
				40, 45, 47, -1,
			]
			solid FALSE
		}
	}
#---------- SOLID: DetectorCrystal_25:0
	Shape {
		appearance Appearance {
			material Material {
				diffuseColor 1 1 1
				transparency 0.7
			}
		}
		geometry IndexedFaceSet {
			coord Coordinate {
				point [
					165.208 219.772 -7.2074,
					122.675 246.057 -7.2074,
					119.588 241.062 -56.8614,
					162.121 214.777 -56.8614,
					159.987 211.324 -6.03293,
					117.454 237.61 -6.03293,
					114.367 232.614 -55.6869,
					156.9 206.329 -55.6869,
				]
			}
			coordIndex [
				0, 3, 2, 1, -1,
				4, 7, 3, 0, -1,
				7, 6, 2, 3, -1,
				6, 5, 1, 2, -1,
				5, 4, 0, 1, -1,
				4, 5, 6, 7, -1,
			]
			solid FALSE
		}
	}
#---------- SOLID: pixel_25_param:0
	Shape {
		appearance Appearance {
			material Material {
				diffuseColor 1 1 1
				transparency 0.7
			}
		}
		geometry IndexedFaceSet {
			coord Coordinate {
				point [
					165.208 219.772 -7.2074,
					122.675 246.057 -7.2074,
					119.588 241.062 -56.8614,
					162.121 214.777 -56.8614,
					159.987 211.324 -6.03293,
					117.454 237.61 -6.03293,
					114.367 232.614 -55.6869,
					156.9 206.329 -55.6869,
				]
			}
			coordIndex [
				0, 3, 2, 1, -1,
				4, 7, 3, 0, -1,
				7, 6, 2, 3, -1,
				6, 5, 1, 2, -1,
				5, 4, 0, 1, -1,
				4, 5, 6, 7, -1,
			]
			solid FALSE
		}
	}
#---------- SOLID: Collimator_26:0
	Shape {
		appearance Appearance {
			material Material {
				diffuseColor 1 1 1
				transparency 0.7
			}
		}
		geometry IndexedFaceSet {
			coord Coordinate {
				point [
					99.7873 223.841 -4.1785,
					48.3442 240.261 -4.1785,
					46.2448 233.683 -57.7353,
					97.688 217.264 -57.7353,
					59.8639 177.196 -20.9324,
					53.8622 179.112 -20.9324,
					53.6172 178.344 -27.1806,
					59.6189 176.429 -27.1806,
					106.982 236.521 -2.99425,
					49.8229 254.765 -2.99425,
					47.4903 247.457 -62.5018,
					104.649 229.213 -62.5018,
					102.76 223.294 -1.20423,
					45.601 241.538 -1.20423,
					43.2683 234.229 -60.7118,
					100.427 215.986 -60.7118,
					104.997 236.885 -4.97899,
					51.6485 253.913 -4.97899,
					49.4714 247.092 -60.5194,
					102.82 230.064 -60.5194,
					98.5981 216.838 -58.7295,
					100.775 223.659 -3.1891,
					45.2497 233.865 -58.7295,
					47.4268 240.686 -3.1891,
					57.8827 177.561 -22.9148,
					55.6916 178.261 -22.9148,
					55.6022 177.98 -25.1959,
					57.7933 177.281 -25.1959,
					95.8617 218.115 -55.7501,
					97.8055 224.205 -6.16125,
					48.2299 233.318 -55.7501,
					50.1738 239.408 -6.16125,
					59.864 177.196 -20.9325,
					53.8623 179.111 -20.9325,
					53.6174 178.344 -27.1808,
					59.6191 176.428 -27.1808,
					60.4006 174.096 -19.1072,
					51.6293 176.896 -19.1072,
					51.2714 175.775 -28.2389,
					60.0426 172.975 -28.2389,
					57.8807 177.56 -22.9162,
					55.6896 178.26 -22.9162,
					55.6002 177.979 -25.1973,
					57.7913 177.28 -25.1973,
					58.2149 173.827 -26.2554,
					58.4173 174.461 -21.091,
					53.2543 175.41 -26.2554,
					53.4567 176.044 -21.091,
				]
			}
			coordIndex [
				4, 7, 3, 0, -1,
				7, 6, 2, 3, -1,
				6, 5, 1, 2, -1,
				5, 4, 0, 1, -1,
				4, 5, 6, 7, -1,
				8, 11, 10, 9, -1,
				12, 15, 11, 8, -1,
				15, 14, 10, 11, -1,
				14, 13, 9, 10, -1,
				13, 12, 8, 9, -1,
				16, 17, 18, 19, -1,
				12, 13, 21, -1,
				23, 21, 13, -1,
				15, 12, 21, -1,
				22, 23, 13, -1,
				15, 21, 20, -1,
				22, 13, 14, -1,
				14, 15, 20, -1,
				20, 22, 14, -1,
				21, 16, 19, -1,
				19, 20, 21, -1,
				20, 19, 18, -1,
				18, 22, 20, -1,
				22, 18, 17, -1,
				17, 23, 22, -1,
				23, 17, 16, -1,
				16, 21, 23, -1,
				24, 27, 26, 25, -1,
				3, 30, 28, -1,
				30, 3, 2, -1,
				0, 3, 28, -1,
				31, 30, 2, -1,
				0, 28, 29, -1,
				31, 2, 1, -1,
				1, 0, 29, -1,
				29, 31, 1, -1,
				28, 27, 24, -1,
				24, 29, 28, -1,
				30, 26, 27, -1,
				27, 28, 30, -1,
				31, 25, 26, -1,
				26, 30, 31, -1,
				29, 24, 25, -1,
				25, 31, 29, -1,
				32, 35, 34, 33, -1,
				36, 39, 35, 32, -1,
				39, 38, 34, 35, -1,
				38, 37, 33, 34, -1,
				37, 36, 32, 33, -1,
				40, 41, 42, 43, -1,
				36, 37, 45, -1,
				47, 45, 37, -1,
				39, 36, 45, -1,
				46, 47, 37, -1,
				39, 45, 44, -1,
				46, 37, 38, -1,
				38, 39, 44, -1,
				44, 46, 38, -1,
				45, 40, 43, -1,
				43, 44, 45, -1,
				44, 43, 42, -1,
				42, 46, 44, -1,
				46, 42, 41, -1,
				41, 47, 46, -1,
				47, 41, 40, -1,
				40, 45, 47, -1,
			]
			solid FALSE
		}
	}
#---------- SOLID: DetectorCrystal_26:0
	Shape {
		appearance Appearance {
			material Material {
				diffuseColor 1 1 1
				transparency 0.7
			}
		}
		geometry IndexedFaceSet {
			coord Coordinate {
				point [
					100.82 233.654 -7.44066,
					53.1875 248.857 -7.44066,
					51.2436 242.767 -57.0303,
					98.8761 227.564 -57.0303,
					97.8043 224.206 -6.16208,
					50.1717 239.409 -6.16208,
					48.2279 233.319 -55.7517,
					95.8604 218.115 -55.7517,
				]
			}
			coordIndex [
				0, 3, 2, 1, -1,
				4, 7, 3, 0, -1,
				7, 6, 2, 3, -1,
				6, 5, 1, 2, -1,
				5, 4, 0, 1, -1,
				4, 5, 6, 7, -1,
			]
			solid FALSE
		}
	}
#---------- SOLID: pixel_26_param:0
	Shape {
		appearance Appearance {
			material Material {
				diffuseColor 1 1 1
				transparency 0.7
			}
		}
		geometry IndexedFaceSet {
			coord Coordinate {
				point [
					100.82 233.654 -7.44066,
					53.1875 248.857 -7.44066,
					51.2436 242.767 -57.0303,
					98.8761 227.564 -57.0303,
					97.8043 224.206 -6.16208,
					50.1717 239.409 -6.16208,
					48.2279 233.319 -55.7517,
					95.8604 218.115 -55.7517,
				]
			}
			coordIndex [
				0, 3, 2, 1, -1,
				4, 7, 3, 0, -1,
				7, 6, 2, 3, -1,
				6, 5, 1, 2, -1,
				5, 4, 0, 1, -1,
				4, 5, 6, 7, -1,
			]
			solid FALSE
		}
	}
#---------- SOLID: Collimator_27:0
	Shape {
		appearance Appearance {
			material Material {
				diffuseColor 1 1 1
				transparency 0.7
			}
		}
		geometry IndexedFaceSet {
			coord Coordinate {
				point [
					36.5657 228.768 -4.27841,
					-17.3874 231.019 -4.27841,
					-17.693 223.694 -57.7784,
					36.2601 221.443 -57.7784,
					10.5165 176.542 -21.052,
					4.22198 176.805 -21.052,
					4.18633 175.95 -27.2936,
					10.4809 175.688 -27.2936,
					40.1564 242.908 -3.20801,
					-19.7915 245.408 -3.20801,
					-20.131 237.269 -62.6525,
					39.8169 234.769 -62.6525,
					39.5783 229.049 -1.30729,
					-20.3696 231.55 -1.30729,
					-20.7091 223.411 -60.7517,
					39.2388 220.91 -60.7517,
					38.145 242.719 -5.19064,
					-17.8064 245.052 -5.19064,
					-18.1232 237.456 -60.6721,
					37.8281 235.122 -60.6721,
					37.2501 221.265 -58.7715,
					37.567 228.861 -3.29005,
					-18.7012 223.599 -58.7715,
					-18.3844 231.195 -3.29005,
					8.50853 176.355 -23.0324,
					6.21053 176.451 -23.0324,
					6.19752 176.139 -25.3111,
					8.49552 176.043 -25.3111,
					34.2743 221.798 -55.7954,
					34.5572 228.58 -6.25914,
					-15.6814 223.882 -55.7954,
					-15.3985 230.664 -6.25914,
					10.5167 176.542 -21.0521,
					4.22218 176.804 -21.0521,
					4.18654 175.95 -27.2938,
					10.4811 175.687 -27.2938,
					11.9539 173.718 -19.1056,
					2.55486 174.11 -19.1056,
					2.50164 172.834 -28.4257,
					11.9006 172.442 -28.4257,
					8.50696 176.354 -23.0337,
					6.20896 176.45 -23.0337,
					6.19594 176.138 -25.3124,
					8.49394 176.042 -25.3124,
					9.91349 172.797 -26.4443,
					9.94408 173.53 -21.0872,
					4.5111 173.022 -26.4443,
					4.54169 173.756 -21.0872,
				]
			}
			coordIndex [
				4, 7, 3, 0, -1,
				7, 6, 2, 3, -1,
				6, 5, 1, 2, -1,
				5, 4, 0, 1, -1,
				4, 5, 6, 7, -1,
				8, 11, 10, 9, -1,
				12, 15, 11, 8, -1,
				15, 14, 10, 11, -1,
				14, 13, 9, 10, -1,
				13, 12, 8, 9, -1,
				16, 17, 18, 19, -1,
				12, 13, 21, -1,
				23, 21, 13, -1,
				15, 12, 21, -1,
				22, 23, 13, -1,
				15, 21, 20, -1,
				22, 13, 14, -1,
				14, 15, 20, -1,
				20, 22, 14, -1,
				21, 16, 19, -1,
				19, 20, 21, -1,
				20, 19, 18, -1,
				18, 22, 20, -1,
				22, 18, 17, -1,
				17, 23, 22, -1,
				23, 17, 16, -1,
				16, 21, 23, -1,
				24, 27, 26, 25, -1,
				3, 30, 28, -1,
				30, 3, 2, -1,
				0, 3, 28, -1,
				31, 30, 2, -1,
				0, 28, 29, -1,
				31, 2, 1, -1,
				1, 0, 29, -1,
				29, 31, 1, -1,
				28, 27, 24, -1,
				24, 29, 28, -1,
				30, 26, 27, -1,
				27, 28, 30, -1,
				31, 25, 26, -1,
				26, 30, 31, -1,
				29, 24, 25, -1,
				25, 31, 29, -1,
				32, 35, 34, 33, -1,
				36, 39, 35, 32, -1,
				39, 38, 34, 35, -1,
				38, 37, 33, 34, -1,
				37, 36, 32, 33, -1,
				40, 41, 42, 43, -1,
				36, 37, 45, -1,
				47, 45, 37, -1,
				39, 36, 45, -1,
				46, 47, 37, -1,
				39, 45, 44, -1,
				46, 37, 38, -1,
				38, 39, 44, -1,
				44, 46, 38, -1,
				45, 40, 43, -1,
				43, 44, 45, -1,
				44, 43, 42, -1,
				42, 46, 44, -1,
				46, 42, 41, -1,
				41, 47, 46, -1,
				47, 41, 40, -1,
				40, 45, 47, -1,
			]
			solid FALSE
		}
	}
#---------- SOLID: DetectorCrystal_27:0
	Shape {
		appearance Appearance {
			material Material {
				diffuseColor 1 1 1
				transparency 0.7
			}
		}
		geometry IndexedFaceSet {
			coord Coordinate {
				point [
					34.969 238.479 -7.61755,
					-14.9876 240.563 -7.61755,
					-15.2705 233.78 -57.1546,
					34.6861 231.697 -57.1546,
					34.5561 228.58 -6.25989,
					-15.4005 230.664 -6.25989,
					-15.6834 223.882 -55.7969,
					34.2732 221.798 -55.7969,
				]
			}
			coordIndex [
				0, 3, 2, 1, -1,
				4, 7, 3, 0, -1,
				7, 6, 2, 3, -1,
				6, 5, 1, 2, -1,
				5, 4, 0, 1, -1,
				4, 5, 6, 7, -1,
			]
			solid FALSE
		}
	}
#---------- SOLID: pixel_27_param:0
	Shape {
		appearance Appearance {
			material Material {
				diffuseColor 1 1 1
				transparency 0.7
			}
		}
		geometry IndexedFaceSet {
			coord Coordinate {
				point [
					34.969 238.479 -7.61755,
					-14.9876 240.563 -7.61755,
					-15.2705 233.78 -57.1546,
					34.6861 231.697 -57.1546,
					34.5561 228.58 -6.25989,
					-15.4005 230.664 -6.25989,
					-15.6834 223.882 -55.7969,
					34.2732 221.798 -55.7969,
				]
			}
			coordIndex [
				0, 3, 2, 1, -1,
				4, 7, 3, 0, -1,
				7, 6, 2, 3, -1,
				6, 5, 1, 2, -1,
				5, 4, 0, 1, -1,
				4, 5, 6, 7, -1,
			]
			solid FALSE
		}
	}
#---------- SOLID: Collimator_28:0
	Shape {
		appearance Appearance {
			material Material {
				diffuseColor 1 1 1
				transparency 0.7
			}
		}
		geometry IndexedFaceSet {
			coord Coordinate {
				point [
					-28.2551 224.729 -4.32035,
					-80.6483 211.654 -4.32035,
					-78.8297 204.366 -57.7955,
					-26.4366 217.442 -57.7955,
					-38.8081 168.516 -21.103,
					-44.9206 166.99 -21.103,
					-44.7085 166.14 -27.3418,
					-38.596 167.666 -27.3418,
					-28.8037 239.31 -3.29783,
					-87.0183 224.782 -3.29783,
					-84.9976 216.685 -62.7146,
					-26.7831 231.213 -62.7146,
					-25.4468 225.859 -1.35061,
					-83.6614 211.33 -1.35061,
					-81.6407 203.234 -60.7674,
					-23.4262 217.762 -60.7674,
					-30.6783 238.554 -5.27954,
					-85.0119 224.995 -5.27954,
					-83.1259 217.438 -60.7352,
					-28.7923 230.997 -60.7352,
					-25.4356 217.547 -58.7881,
					-27.3216 225.104 -3.33245,
					-79.7692 203.987 -58.7881,
					-81.6552 211.544 -3.33245,
					-40.68 167.763 -23.0826,
					-42.9115 167.206 -23.0826,
					-42.8341 166.896 -25.3602,
					-40.6025 167.453 -25.3602,
					-28.4433 217.228 -55.8134,
					-30.1272 223.975 -6.30018,
					-76.9547 205.121 -55.8134,
					-78.6385 211.868 -6.30018,
					-38.8078 168.515 -21.1031,
					-44.9204 166.99 -21.1031,
					-44.7082 166.14 -27.3419,
					-38.5957 167.665 -27.3419,
					-36.5935 166.235 -19.1051,
					-45.8036 163.936 -19.1051,
					-45.4839 162.655 -28.5054,
					-36.2738 164.954 -28.5054,
					-40.6811 167.761 -23.0838,
					-42.9127 167.204 -23.0838,
					-42.8352 166.894 -25.3615,
					-40.6036 167.451 -25.3615,
					-38.2818 164.74 -26.5249,
					-38.4668 165.481 -21.0858,
					-43.6109 163.41 -26.5249,
					-43.7958 164.151 -21.0858,
				]
			}
			coordIndex [
				4, 7, 3, 0, -1,
				7, 6, 2, 3, -1,
				6, 5, 1, 2, -1,
				5, 4, 0, 1, -1,
				4, 5, 6, 7, -1,
				8, 11, 10, 9, -1,
				12, 15, 11, 8, -1,
				15, 14, 10, 11, -1,
				14, 13, 9, 10, -1,
				13, 12, 8, 9, -1,
				16, 17, 18, 19, -1,
				12, 13, 21, -1,
				23, 21, 13, -1,
				15, 12, 21, -1,
				22, 23, 13, -1,
				15, 21, 20, -1,
				22, 13, 14, -1,
				14, 15, 20, -1,
				20, 22, 14, -1,
				21, 16, 19, -1,
				19, 20, 21, -1,
				20, 19, 18, -1,
				18, 22, 20, -1,
				22, 18, 17, -1,
				17, 23, 22, -1,
				23, 17, 16, -1,
				16, 21, 23, -1,
				24, 27, 26, 25, -1,
				3, 30, 28, -1,
				30, 3, 2, -1,
				0, 3, 28, -1,
				31, 30, 2, -1,
				0, 28, 29, -1,
				31, 2, 1, -1,
				1, 0, 29, -1,
				29, 31, 1, -1,
				28, 27, 24, -1,
				24, 29, 28, -1,
				30, 26, 27, -1,
				27, 28, 30, -1,
				31, 25, 26, -1,
				26, 30, 31, -1,
				29, 24, 25, -1,
				25, 31, 29, -1,
				32, 35, 34, 33, -1,
				36, 39, 35, 32, -1,
				39, 38, 34, 35, -1,
				38, 37, 33, 34, -1,
				37, 36, 32, 33, -1,
				40, 41, 42, 43, -1,
				36, 37, 45, -1,
				47, 45, 37, -1,
				39, 36, 45, -1,
				46, 47, 37, -1,
				39, 45, 44, -1,
				46, 37, 38, -1,
				38, 39, 44, -1,
				44, 46, 38, -1,
				45, 40, 43, -1,
				43, 44, 45, -1,
				44, 43, 42, -1,
				42, 46, 44, -1,
				46, 42, 41, -1,
				41, 47, 46, -1,
				47, 41, 40, -1,
				40, 45, 47, -1,
			]
			solid FALSE
		}
	}
#---------- SOLID: DetectorCrystal_28:0
	Shape {
		appearance Appearance {
			material Material {
				diffuseColor 1 1 1
				transparency 0.7
			}
		}
		geometry IndexedFaceSet {
			coord Coordinate {
				point [
					-32.5261 233.583 -7.69178,
					-81.0382 221.476 -7.69178,
					-79.3543 214.729 -57.2058,
					-30.8422 226.835 -57.2058,
					-30.1283 223.975 -6.30091,
					-78.6404 211.868 -6.30091,
					-76.9565 205.12 -55.8149,
					-28.4444 217.227 -55.8149,
				]
			}
			coordIndex [
				0, 3, 2, 1, -1,
				4, 7, 3, 0, -1,
				7, 6, 2, 3, -1,
				6, 5, 1, 2, -1,
				5, 4, 0, 1, -1,
				4, 5, 6, 7, -1,
			]
			solid FALSE
		}
	}
#---------- SOLID: pixel_28_param:0
	Shape {
		appearance Appearance {
			material Material {
				diffuseColor 1 1 1
				transparency 0.7
			}
		}
		geometry IndexedFaceSet {
			coord Coordinate {
				point [
					-32.5261 233.583 -7.69178,
					-81.0382 221.476 -7.69178,
					-79.3543 214.729 -57.2058,
					-30.8422 226.835 -57.2058,
					-30.1283 223.975 -6.30091,
					-78.6404 211.868 -6.30091,
					-76.9565 205.12 -55.8149,
					-28.4444 217.227 -55.8149,
				]
			}
			coordIndex [
				0, 3, 2, 1, -1,
				4, 7, 3, 0, -1,
				7, 6, 2, 3, -1,
				6, 5, 1, 2, -1,
				5, 4, 0, 1, -1,
				4, 5, 6, 7, -1,
			]
			solid FALSE
		}
	}
#---------- SOLID: Collimator_29:0
	Shape {
		appearance Appearance {
			material Material {
				diffuseColor 1 1 1
				transparency 0.7
			}
		}
		geometry IndexedFaceSet {
			coord Coordinate {
				point [
					-92.9117 210.428 -4.29158,
					-139.409 182.969 -4.29158,
					-135.653 176.608 -57.7839,
					-89.1552 204.067 -57.7839,
					-86.5691 152.785 -21.0679,
					-91.9938 149.582 -21.0679,
					-91.5555 148.84 -27.3087,
					-86.1308 152.043 -27.3087,
					-97.5902 224.247 -3.23615,
					-149.254 193.737 -3.23615,
					-145.08 186.669 -62.672,
					-93.4163 217.179 -62.672,
					-90.5381 212.305 -1.32089,
					-142.202 181.795 -1.32089,
					-138.028 174.728 -60.7568,
					-86.3642 205.238 -60.7568,
					-99.1741 222.993 -5.21849,
					-147.394 194.517 -5.21849,
					-143.498 187.92 -60.692,
					-95.2785 216.396 -60.692,
					-88.2269 204.455 -58.7769,
					-92.1225 211.052 -3.30336,
					-136.446 175.979 -58.7769,
					-140.342 182.576 -3.30336,
					-88.1513 151.534 -23.0481,
					-90.1317 150.365 -23.0481,
					-89.9717 150.094 -25.3265,
					-87.9913 151.264 -25.3265,
					-91.0156 203.287 -55.8011,
					-94.4938 209.176 -6.27203,
					-134.068 177.862 -55.8011,
					-137.546 183.752 -6.27203,
					-86.5687 152.785 -21.068,
					-91.9934 149.582 -21.068,
					-91.5552 148.84 -27.3088,
					-86.1305 152.043 -27.3088,
					-83.8174 151.208 -19.1055,
					-91.9405 146.411 -19.1055,
					-91.2842 145.299 -28.4505,
					-83.1611 150.096 -28.4505,
					-88.1518 151.533 -23.0493,
					-90.1323 150.363 -23.0493,
					-89.9723 150.092 -25.3277,
					-87.9918 151.262 -25.3277,
					-85.0226 149.315 -26.4694,
					-85.4006 149.955 -21.0868,
					-89.7013 146.552 -26.4694,
					-90.0793 147.192 -21.0868,
				]
			}
			coordIndex [
				4, 7, 3, 0, -1,
				7, 6, 2, 3, -1,
				6, 5, 1, 2, -1,
				5, 4, 0, 1, -1,
				4, 5, 6, 7, -1,
				8, 11, 10, 9, -1,
				12, 15, 11, 8, -1,
				15, 14, 10, 11, -1,
				14, 13, 9, 10, -1,
				13, 12, 8, 9, -1,
				16, 17, 18, 19, -1,
				12, 13, 21, -1,
				23, 21, 13, -1,
				15, 12, 21, -1,
				22, 23, 13, -1,
				15, 21, 20, -1,
				22, 13, 14, -1,
				14, 15, 20, -1,
				20, 22, 14, -1,
				21, 16, 19, -1,
				19, 20, 21, -1,
				20, 19, 18, -1,
				18, 22, 20, -1,
				22, 18, 17, -1,
				17, 23, 22, -1,
				23, 17, 16, -1,
				16, 21, 23, -1,
				24, 27, 26, 25, -1,
				3, 30, 28, -1,
				30, 3, 2, -1,
				0, 3, 28, -1,
				31, 30, 2, -1,
				0, 28, 29, -1,
				31, 2, 1, -1,
				1, 0, 29, -1,
				29, 31, 1, -1,
				28, 27, 24, -1,
				24, 29, 28, -1,
				30, 26, 27, -1,
				27, 28, 30, -1,
				31, 25, 26, -1,
				26, 30, 31, -1,
				29, 24, 25, -1,
				25, 31, 29, -1,
				32, 35, 34, 33, -1,
				36, 39, 35, 32, -1,
				39, 38, 34, 35, -1,
				38, 37, 33, 34, -1,
				37, 36, 32, 33, -1,
				40, 41, 42, 43, -1,
				36, 37, 45, -1,
				47, 45, 37, -1,
				39, 36, 45, -1,
				46, 47, 37, -1,
				39, 45, 44, -1,
				46, 37, 38, -1,
				38, 39, 44, -1,
				44, 46, 38, -1,
				45, 40, 43, -1,
				43, 44, 45, -1,
				44, 43, 42, -1,
				42, 46, 44, -1,
				46, 42, 41, -1,
				41, 47, 46, -1,
				47, 41, 40, -1,
				40, 45, 47, -1,
			]
			solid FALSE
		}
	}
#---------- SOLID: DetectorCrystal_29:0
	Shape {
		appearance Appearance {
			material Material {
				diffuseColor 1 1 1
				transparency 0.7
			}
		}
		geometry IndexedFaceSet {
			coord Coordinate {
				point [
					-99.5319 217.705 -7.64082,
					-142.585 192.28 -7.64082,
					-139.107 186.391 -57.1707,
					-96.0537 211.816 -57.1707,
					-94.4947 209.176 -6.27277,
					-137.548 183.751 -6.27277,
					-134.07 177.861 -55.8027,
					-91.0165 203.286 -55.8027,
				]
			}
			coordIndex [
				0, 3, 2, 1, -1,
				4, 7, 3, 0, -1,
				7, 6, 2, 3, -1,
				6, 5, 1, 2, -1,
				5, 4, 0, 1, -1,
				4, 5, 6, 7, -1,
			]
			solid FALSE
		}
	}
#---------- SOLID: pixel_29_param:0
	Shape {
		appearance Appearance {
			material Material {
				diffuseColor 1 1 1
				transparency 0.7
			}
		}
		geometry IndexedFaceSet {
			coord Coordinate {
				point [
					-99.5319 217.705 -7.64082,
					-142.585 192.28 -7.64082,
					-139.107 186.391 -57.1707,
					-96.0537 211.816 -57.1707,
					-94.4947 209.176 -6.27277,
					-137.548 183.751 -6.27277,
					-134.07 177.861 -55.8027,
					-91.0165 203.286 -55.8027,
				]
			}
			coordIndex [
				0, 3, 2, 1, -1,
				4, 7, 3, 0, -1,
				7, 6, 2, 3, -1,
				6, 5, 1, 2, -1,
				5, 4, 0, 1, -1,
				4, 5, 6, 7, -1,
			]
			solid FALSE
		}
	}
#---------- SOLID: Collimator_30:0
	Shape {
		appearance Appearance {
			material Material {
				diffuseColor 1 1 1
				transparency 0.7
			}
		}
		geometry IndexedFaceSet {
			coord Coordinate {
				point [
					-154.049 185.17 -4.20853,
					-191.429 146.198 -4.20853,
					-186.353 141.33 -57.7486,
					-148.974 180.301 -57.7486,
					-130.477 129.512 -20.968,
					-134.838 124.966 -20.968,
					-134.245 124.398 -27.2144,
					-129.884 128.944 -27.2144,
					-162.273 197.212 -3.05851,
					-203.806 153.91 -3.05851,
					-198.166 148.501 -62.5475,
					-156.633 191.802 -62.5475,
					-152.255 187.603 -1.23519,
					-193.788 144.302 -1.23519,
					-188.148 138.893 -60.7242,
					-146.616 182.194 -60.7242,
					-163.469 195.586 -5.04263,
					-202.233 155.171 -5.04263,
					-196.97 150.123 -60.5657,
					-158.206 190.537 -60.5657,
					-148.189 180.93 -58.7425,
					-153.452 185.978 -3.21943,
					-186.953 140.515 -58.7425,
					-192.217 145.563 -3.21943,
					-131.673 127.891 -22.9499,
					-133.265 126.231 -22.9499,
					-133.049 126.023 -25.2303,
					-131.456 127.683 -25.2303,
					-150.545 179.039 -55.764,
					-155.245 183.547 -6.19069,
					-185.156 142.955 -55.764,
					-189.855 147.463 -6.19069,
					-130.476 129.512 -20.9681,
					-134.837 124.966 -20.9681,
					-134.245 124.398 -27.2145,
					-129.884 128.944 -27.2145,
					-127.442 128.658 -19.1066,
					-133.857 121.97 -19.1066,
					-132.986 121.134 -28.2946,
					-126.571 127.822 -28.2946,
					-131.673 127.888 -22.9512,
					-133.265 126.228 -22.9512,
					-133.049 126.021 -25.2316,
					-131.457 127.681 -25.2316,
					-128.144 126.559 -26.3117,
					-128.639 127.034 -21.0897,
					-131.789 122.758 -26.3117,
					-132.285 123.233 -21.0897,
				]
			}
			coordIndex [
				4, 7, 3, 0, -1,
				7, 6, 2, 3, -1,
				6, 5, 1, 2, -1,
				5, 4, 0, 1, -1,
				4, 5, 6, 7, -1,
				8, 11, 10, 9, -1,
				12, 15, 11, 8, -1,
				15, 14, 10, 11, -1,
				14, 13, 9, 10, -1,
				13, 12, 8, 9, -1,
				16, 17, 18, 19, -1,
				12, 13, 21, -1,
				23, 21, 13, -1,
				15, 12, 21, -1,
				22, 23, 13, -1,
				15, 21, 20, -1,
				22, 13, 14, -1,
				14, 15, 20, -1,
				20, 22, 14, -1,
				21, 16, 19, -1,
				19, 20, 21, -1,
				20, 19, 18, -1,
				18, 22, 20, -1,
				22, 18, 17, -1,
				17, 23, 22, -1,
				23, 17, 16, -1,
				16, 21, 23, -1,
				24, 27, 26, 25, -1,
				3, 30, 28, -1,
				30, 3, 2, -1,
				0, 3, 28, -1,
				31, 30, 2, -1,
				0, 28, 29, -1,
				31, 2, 1, -1,
				1, 0, 29, -1,
				29, 31, 1, -1,
				28, 27, 24, -1,
				24, 29, 28, -1,
				30, 26, 27, -1,
				27, 28, 30, -1,
				31, 25, 26, -1,
				26, 30, 31, -1,
				29, 24, 25, -1,
				25, 31, 29, -1,
				32, 35, 34, 33, -1,
				36, 39, 35, 32, -1,
				39, 38, 34, 35, -1,
				38, 37, 33, 34, -1,
				37, 36, 32, 33, -1,
				40, 41, 42, 43, -1,
				36, 37, 45, -1,
				47, 45, 37, -1,
				39, 36, 45, -1,
				46, 47, 37, -1,
				39, 45, 44, -1,
				46, 37, 38, -1,
				38, 39, 44, -1,
				44, 46, 38, -1,
				45, 40, 43, -1,
				43, 44, 45, -1,
				44, 43, 42, -1,
				42, 46, 44, -1,
				46, 42, 41, -1,
				41, 47, 46, -1,
				47, 41, 40, -1,
				40, 45, 47, -1,
			]
			solid FALSE
		}
	}
#---------- SOLID: DetectorCrystal_30:0
	Shape {
		appearance Appearance {
			material Material {
				diffuseColor 1 1 1
				transparency 0.7
			}
		}
		geometry IndexedFaceSet {
			coord Coordinate {
				point [
					-162.401 190.409 -7.49386,
					-197.012 154.325 -7.49386,
					-192.312 149.817 -57.068,
					-157.702 185.901 -57.068,
					-155.246 183.546 -6.19149,
					-189.856 147.461 -6.19149,
					-185.157 142.954 -55.7656,
					-150.546 179.038 -55.7656,
				]
			}
			coordIndex [
				0, 3, 2, 1, -1,
				4, 7, 3, 0, -1,
				7, 6, 2, 3, -1,
				6, 5, 1, 2, -1,
				5, 4, 0, 1, -1,
				4, 5, 6, 7, -1,
			]
			solid FALSE
		}
	}
#---------- SOLID: pixel_30_param:0
	Shape {
		appearance Appearance {
			material Material {
				diffuseColor 1 1 1
				transparency 0.7
			}
		}
		geometry IndexedFaceSet {
			coord Coordinate {
				point [
					-162.401 190.409 -7.49386,
					-197.012 154.325 -7.49386,
					-192.312 149.817 -57.068,
					-157.702 185.901 -57.068,
					-155.246 183.546 -6.19149,
					-189.856 147.461 -6.19149,
					-185.157 142.954 -55.7656,
					-150.546 179.038 -55.7656,
				]
			}
			coordIndex [
				0, 3, 2, 1, -1,
				4, 7, 3, 0, -1,
				7, 6, 2, 3, -1,
				6, 5, 1, 2, -1,
				5, 4, 0, 1, -1,
				4, 5, 6, 7, -1,
			]
			solid FALSE
		}
	}
#---------- SOLID: Collimator_31:0
	Shape {
		appearance Appearance {
			material Material {
				diffuseColor 1 1 1
				transparency 0.7
			}
		}
		geometry IndexedFaceSet {
			coord Coordinate {
				point [
					-209.477 148.374 -4.10076,
					-235.881 101.27 -4.10076,
					-230.148 98.0563 -57.6993,
					-203.744 145.161 -57.6993,
					-169.293 98.5079 -20.8412,
					-172.374 93.0124 -20.8412,
					-171.705 92.6375 -27.0944,
					-168.624 98.133 -27.0944,
					-220.45 157.962 -2.82821,
					-249.788 105.624 -2.82821,
					-243.418 102.053 -62.3821,
					-214.08 154.392 -62.3821,
					-208.329 151.168 -1.12425,
					-237.667 98.8295 -1.12425,
					-231.296 95.2588 -60.6782,
					-201.958 147.597 -60.6782,
					-221.215 156.097 -4.81451,
					-248.598 107.248 -4.81451,
					-242.652 103.915 -60.3982,
					-215.27 152.764 -60.3982,
					-203.149 145.97 -58.6943,
					-209.095 149.302 -3.11066,
					-230.532 97.1208 -58.6943,
					-236.477 100.454 -3.11066,
					-170.059 96.6464 -22.8252,
					-171.184 94.6401 -22.8252,
					-170.939 94.5032 -25.1081,
					-169.815 96.5095 -25.1081,
					-204.934 143.536 -55.7125,
					-210.242 146.512 -6.085,
					-229.382 99.9219 -55.7125,
					-234.69 102.898 -6.085,
					-169.293 98.508 -20.8413,
					-172.373 93.0125 -20.8413,
					-171.704 92.6375 -27.0945,
					-168.624 98.133 -27.0945,
					-166.168 98.3354 -19.1091,
					-170.596 90.437 -19.1091,
					-169.634 89.8981 -28.0965,
					-165.207 97.7966 -28.0965,
					-170.058 96.6442 -22.8266,
					-171.183 94.6379 -22.8266,
					-170.939 94.501 -25.1095,
					-169.814 96.5073 -25.1095,
					-166.397 96.1708 -26.1114,
					-166.934 96.4716 -21.0944,
					-168.869 91.7616 -26.1114,
					-169.405 92.0624 -21.0944,
				]
			}
			coordIndex [
				4, 7, 3, 0, -1,
				7, 6, 2, 3, -1,
				6, 5, 1, 2, -1,
				5, 4, 0, 1, -1,
				4, 5, 6, 7, -1,
				8, 11, 10, 9, -1,
				12, 15, 11, 8, -1,
				15, 14, 10, 11, -1,
				14, 13, 9, 10, -1,
				13, 12, 8, 9, -1,
				16, 17, 18, 19, -1,
				12, 13, 21, -1,
				23, 21, 13, -1,
				15, 12, 21, -1,
				22, 23, 13, -1,
				15, 21, 20, -1,
				22, 13, 14, -1,
				14, 15, 20, -1,
				20, 22, 14, -1,
				21, 16, 19, -1,
				19, 20, 21, -1,
				20, 19, 18, -1,
				18, 22, 20, -1,
				22, 18, 17, -1,
				17, 23, 22, -1,
				23, 17, 16, -1,
				16, 21, 23, -1,
				24, 27, 26, 25, -1,
				3, 30, 28, -1,
				30, 3, 2, -1,
				0, 3, 28, -1,
				31, 30, 2, -1,
				0, 28, 29, -1,
				31, 2, 1, -1,
				1, 0, 29, -1,
				29, 31, 1, -1,
				28, 27, 24, -1,
				24, 29, 28, -1,
				30, 26, 27, -1,
				27, 28, 30, -1,
				31, 25, 26, -1,
				26, 30, 31, -1,
				29, 24, 25, -1,
				25, 31, 29, -1,
				32, 35, 34, 33, -1,
				36, 39, 35, 32, -1,
				39, 38, 34, 35, -1,
				38, 37, 33, 34, -1,
				37, 36, 32, 33, -1,
				40, 41, 42, 43, -1,
				36, 37, 45, -1,
				47, 45, 37, -1,
				39, 36, 45, -1,
				46, 47, 37, -1,
				39, 45, 44, -1,
				46, 37, 38, -1,
				38, 39, 44, -1,
				44, 46, 38, -1,
				45, 40, 43, -1,
				43, 44, 45, -1,
				44, 43, 42, -1,
				42, 46, 44, -1,
				46, 42, 41, -1,
				41, 47, 46, -1,
				47, 41, 40, -1,
				40, 45, 47, -1,
			]
			solid FALSE
		}
	}
#---------- SOLID: DetectorCrystal_31:0
	Shape {
		appearance Appearance {
			material Material {
				diffuseColor 1 1 1
				transparency 0.7
			}
		}
		geometry IndexedFaceSet {
			coord Coordinate {
				point [
					-218.901 151.364 -7.30301,
					-243.349 107.749 -7.30301,
					-238.041 104.773 -56.9313,
					-213.592 148.388 -56.9313,
					-210.243 146.511 -6.08589,
					-234.691 102.896 -6.08589,
					-229.383 99.9199 -55.7142,
					-204.934 143.535 -55.7142,
				]
			}
			coordIndex [
				0, 3, 2, 1, -1,
				4, 7, 3, 0, -1,
				7, 6, 2, 3, -1,
				6, 5, 1, 2, -1,
				5, 4, 0, 1, -1,
				4, 5, 6, 7, -1,
			]
			solid FALSE
		}
	}
#---------- SOLID: pixel_31_param:0
	Shape {
		appearance Appearance {
			material Material {
				diffuseColor 1 1 1
				transparency 0.7
			}
		}
		geometry IndexedFaceSet {
			coord Coordinate {
				point [
					-218.901 151.364 -7.30301,
					-243.349 107.749 -7.30301,
					-238.041 104.773 -56.9313,
					-213.592 148.388 -56.9313,
					-210.243 146.511 -6.08589,
					-234.691 102.896 -6.08589,
					-229.383 99.9199 -55.7142,
					-204.934 143.535 -55.7142,
				]
			}
			coordIndex [
				0, 3, 2, 1, -1,
				4, 7, 3, 0, -1,
				7, 6, 2, 3, -1,
				6, 5, 1, 2, -1,
				5, 4, 0, 1, -1,
				4, 5, 6, 7, -1,
			]
			solid FALSE
		}
	}
#---------- SOLID: Collimator_32:0
	Shape {
		appearance Appearance {
			material Material {
				diffuseColor 1 1 1
				transparency 0.7
			}
		}
		geometry IndexedFaceSet {
			coord Coordinate {
				point [
					-255.681 100.446 -3.99402,
					-270.39 48.4885 -3.99402,
					-264.504 46.8221 -57.6464,
					-249.795 98.78 -57.6464,
					-200.743 60.1058 -20.7188,
					-202.459 54.0441 -20.7188,
					-201.773 53.8497 -26.9782,
					-200.057 59.9114 -26.9782,
					-268.574 107.212 -2.60053,
					-284.918 49.4814 -2.60053,
					-278.378 47.6299 -62.2143,
					-262.034 105.361 -62.2143,
					-255.19 103.423 -1.01458,
					-271.534 45.6924 -1.01458,
					-264.994 43.8409 -60.6284,
					-248.65 101.572 -60.6284,
					-268.9 105.224 -4.58883,
					-284.154 51.3421 -4.58883,
					-278.05 49.6141 -60.2283,
					-262.796 103.496 -60.2283,
					-249.413 99.7075 -58.6425,
					-255.517 101.436 -3.00299,
					-264.667 45.8252 -58.6425,
					-270.771 47.5533 -3.00299,
					-201.071 58.1219 -22.7046,
					-201.697 55.9089 -22.7046,
					-201.447 55.8379 -24.9898,
					-200.82 58.0509 -24.9898,
					-250.557 96.9189 -55.6575,
					-256.007 98.4618 -5.98014,
					-264.177 48.8105 -55.6575,
					-269.627 50.3534 -5.98014,
					-200.743 60.1059 -20.7189,
					-202.459 54.0442 -20.7189,
					-201.772 53.8498 -26.9783,
					-200.056 59.9115 -26.9783,
					-197.667 60.5598 -19.1125,
					-200.077 52.0451 -19.1125,
					-199.113 51.772 -27.905,
					-196.702 60.2868 -27.905,
					-201.07 58.1197 -22.7061,
					-201.696 55.9067 -22.7061,
					-201.446 55.8357 -24.9913,
					-200.819 58.0487 -24.9913,
					-197.465 58.4239 -25.918,
					-197.994 58.5736 -21.0998,
					-198.786 53.758 -25.918,
					-199.314 53.9076 -21.0998,
				]
			}
			coordIndex [
				4, 7, 3, 0, -1,
				7, 6, 2, 3, -1,
				6, 5, 1, 2, -1,
				5, 4, 0, 1, -1,
				4, 5, 6, 7, -1,
				8, 11, 10, 9, -1,
				12, 15, 11, 8, -1,
				15, 14, 10, 11, -1,
				14, 13, 9, 10, -1,
				13, 12, 8, 9, -1,
				16, 17, 18, 19, -1,
				12, 13, 21, -1,
				23, 21, 13, -1,
				15, 12, 21, -1,
				22, 23, 13, -1,
				15, 21, 20, -1,
				22, 13, 14, -1,
				14, 15, 20, -1,
				20, 22, 14, -1,
				21, 16, 19, -1,
				19, 20, 21, -1,
				20, 19, 18, -1,
				18, 22, 20, -1,
				22, 18, 17, -1,
				17, 23, 22, -1,
				23, 17, 16, -1,
				16, 21, 23, -1,
				24, 27, 26, 25, -1,
				3, 30, 28, -1,
				30, 3, 2, -1,
				0, 3, 28, -1,
				31, 30, 2, -1,
				0, 28, 29, -1,
				31, 2, 1, -1,
				1, 0, 29, -1,
				29, 31, 1, -1,
				28, 27, 24, -1,
				24, 29, 28, -1,
				30, 26, 27, -1,
				27, 28, 30, -1,
				31, 25, 26, -1,
				26, 30, 31, -1,
				29, 24, 25, -1,
				25, 31, 29, -1,
				32, 35, 34, 33, -1,
				36, 39, 35, 32, -1,
				39, 38, 34, 35, -1,
				38, 37, 33, 34, -1,
				37, 36, 32, 33, -1,
				40, 41, 42, 43, -1,
				36, 37, 45, -1,
				47, 45, 37, -1,
				39, 36, 45, -1,
				46, 47, 37, -1,
				39, 45, 44, -1,
				46, 37, 38, -1,
				38, 39, 44, -1,
				44, 46, 38, -1,
				45, 40, 43, -1,
				43, 44, 45, -1,
				44, 43, 42, -1,
				42, 46, 44, -1,
				46, 42, 41, -1,
				41, 47, 46, -1,
				47, 41, 40, -1,
				40, 45, 47, -1,
			]
			solid FALSE
		}
	}
#---------- SOLID: DetectorCrystal_32:0
	Shape {
		appearance Appearance {
			material Material {
				diffuseColor 1 1 1
				transparency 0.7
			}
		}
		geometry IndexedFaceSet {
			coord Coordinate {
				point [
					-265.567 101.167 -7.11396,
					-279.187 53.0576 -7.11396,
					-273.737 51.5147 -56.7921,
					-260.117 99.6239 -56.7921,
					-256.007 98.4603 -5.98114,
					-269.627 50.3511 -5.98114,
					-264.178 48.8082 -55.6593,
					-250.557 96.9174 -55.6593,
				]
			}
			coordIndex [
				0, 3, 2, 1, -1,
				4, 7, 3, 0, -1,
				7, 6, 2, 3, -1,
				6, 5, 1, 2, -1,
				5, 4, 0, 1, -1,
				4, 5, 6, 7, -1,
			]
			solid FALSE
		}
	}
#---------- SOLID: pixel_32_param:0
	Shape {
		appearance Appearance {
			material Material {
				diffuseColor 1 1 1
				transparency 0.7
			}
		}
		geometry IndexedFaceSet {
			coord Coordinate {
				point [
					-265.567 101.167 -7.11396,
					-279.187 53.0576 -7.11396,
					-273.737 51.5147 -56.7921,
					-260.117 99.6239 -56.7921,
					-256.007 98.4603 -5.98114,
					-269.627 50.3511 -5.98114,
					-264.178 48.8082 -55.6593,
					-250.557 96.9174 -55.6593,
				]
			}
			coordIndex [
				0, 3, 2, 1, -1,
				4, 7, 3, 0, -1,
				7, 6, 2, 3, -1,
				6, 5, 1, 2, -1,
				5, 4, 0, 1, -1,
				4, 5, 6, 7, -1,
			]
			solid FALSE
		}
	}
#---------- SOLID: Collimator_33:0
	Shape {
		appearance Appearance {
			material Material {
				diffuseColor 1 1 1
				transparency 0.7
			}
		}
		geometry IndexedFaceSet {
			coord Coordinate {
				point [
					-288.71 43.3842 -3.90475,
					-291.761 -10.5295 -3.90475,
					-286.034 -10.8537 -57.5992,
					-282.982 43.06 -57.5992,
					-222.104 15.7262 -20.6187,
					-222.46 9.43623 -20.6187,
					-221.792 9.39841 -26.8831,
					-221.436 15.6883 -26.8831,
					-302.756 47.1822 -2.41029,
					-306.146 -12.7219 -2.41029,
					-299.782 -13.0821 -62.0707,
					-296.392 46.822 -62.0707,
					-288.857 46.3955 -0.922991,
					-292.248 -13.5086 -0.922991,
					-285.884 -13.8688 -60.5835,
					-282.493 46.0353 -60.5835,
					-302.656 45.1716 -4.40015,
					-305.82 -10.7389 -4.40015,
					-299.881 -11.0751 -60.0832,
					-296.716 44.8354 -60.0832,
					-282.818 44.0488 -58.5961,
					-288.758 44.385 -2.91295,
					-285.983 -11.8617 -58.5961,
					-291.923 -11.5255 -2.91295,
					-222.006 13.7195 -22.606,
					-222.136 11.4231 -22.606,
					-221.892 11.4093 -24.893,
					-221.762 13.7057 -24.893,
					-283.307 41.0769 -55.6086,
					-288.611 41.3771 -5.89233,
					-286.133 -8.8424 -55.6086,
					-291.436 -8.54224 -5.89233,
					-222.104 15.7264 -20.6188,
					-222.46 9.43642 -20.6188,
					-221.792 9.3986 -26.8832,
					-221.436 15.6885 -26.8832,
					-219.185 16.7534 -19.1165,
					-219.675 8.08648 -19.1165,
					-218.754 8.03437 -27.7482,
					-218.264 16.7013 -27.7482,
					-222.005 13.7174 -22.6076,
					-222.135 11.4211 -22.6076,
					-221.891 11.4073 -24.8946,
					-221.761 13.7036 -24.8946,
					-218.589 14.7164 -25.7596,
					-219.085 14.7445 -21.1053,
					-218.853 10.0431 -25.7596,
					-219.35 10.0712 -21.1053,
				]
			}
			coordIndex [
				4, 7, 3, 0, -1,
				7, 6, 2, 3, -1,
				6, 5, 1, 2, -1,
				5, 4, 0, 1, -1,
				4, 5, 6, 7, -1,
				8, 11, 10, 9, -1,
				12, 15, 11, 8, -1,
				15, 14, 10, 11, -1,
				14, 13, 9, 10, -1,
				13, 12, 8, 9, -1,
				16, 17, 18, 19, -1,
				12, 13, 21, -1,
				23, 21, 13, -1,
				15, 12, 21, -1,
				22, 23, 13, -1,
				15, 21, 20, -1,
				22, 13, 14, -1,
				14, 15, 20, -1,
				20, 22, 14, -1,
				21, 16, 19, -1,
				19, 20, 21, -1,
				20, 19, 18, -1,
				18, 22, 20, -1,
				22, 18, 17, -1,
				17, 23, 22, -1,
				23, 17, 16, -1,
				16, 21, 23, -1,
				24, 27, 26, 25, -1,
				3, 30, 28, -1,
				30, 3, 2, -1,
				0, 3, 28, -1,
				31, 30, 2, -1,
				0, 28, 29, -1,
				31, 2, 1, -1,
				1, 0, 29, -1,
				29, 31, 1, -1,
				28, 27, 24, -1,
				24, 29, 28, -1,
				30, 26, 27, -1,
				27, 28, 30, -1,
				31, 25, 26, -1,
				26, 30, 31, -1,
				29, 24, 25, -1,
				25, 31, 29, -1,
				32, 35, 34, 33, -1,
				36, 39, 35, 32, -1,
				39, 38, 34, 35, -1,
				38, 37, 33, 34, -1,
				37, 36, 32, 33, -1,
				40, 41, 42, 43, -1,
				36, 37, 45, -1,
				47, 45, 37, -1,
				39, 36, 45, -1,
				46, 47, 37, -1,
				39, 45, 44, -1,
				46, 37, 38, -1,
				38, 39, 44, -1,
				44, 46, 38, -1,
				45, 40, 43, -1,
				43, 44, 45, -1,
				44, 43, 42, -1,
				42, 46, 44, -1,
				46, 42, 41, -1,
				41, 47, 46, -1,
				47, 41, 40, -1,
				40, 45, 47, -1,
			]
			solid FALSE
		}
	}
#---------- SOLID: DetectorCrystal_33:0
	Shape {
		appearance Appearance {
			material Material {
				diffuseColor 1 1 1
				transparency 0.7
			}
		}
		geometry IndexedFaceSet {
			coord Coordinate {
				point [
					-298.538 41.9373 -6.95579,
					-301.364 -7.98279 -6.95579,
					-296.06 -8.28296 -56.6728,
					-293.235 41.6371 -56.6728,
					-288.611 41.3754 -5.89343,
					-291.436 -8.54469 -5.89343,
					-286.133 -8.84486 -55.6105,
					-283.307 41.0752 -55.6105,
				]
			}
			coordIndex [
				0, 3, 2, 1, -1,
				4, 7, 3, 0, -1,
				7, 6, 2, 3, -1,
				6, 5, 1, 2, -1,
				5, 4, 0, 1, -1,
				4, 5, 6, 7, -1,
			]
			solid FALSE
		}
	}
#---------- SOLID: pixel_33_param:0
	Shape {
		appearance Appearance {
			material Material {
				diffuseColor 1 1 1
				transparency 0.7
			}
		}
		geometry IndexedFaceSet {
			coord Coordinate {
				point [
					-298.538 41.9373 -6.95579,
					-301.364 -7.98279 -6.95579,
					-296.06 -8.28296 -56.6728,
					-293.235 41.6371 -56.6728,
					-288.611 41.3754 -5.89343,
					-291.436 -8.54469 -5.89343,
					-286.133 -8.84486 -55.6105,
					-283.307 41.0752 -55.6105,
				]
			}
			coordIndex [
				0, 3, 2, 1, -1,
				4, 7, 3, 0, -1,
				7, 6, 2, 3, -1,
				6, 5, 1, 2, -1,
				5, 4, 0, 1, -1,
				4, 5, 6, 7, -1,
			]
			solid FALSE
		}
	}
#---------- SOLID: Collimator_34:0
	Shape {
		appearance Appearance {
			material Material {
				diffuseColor 1 1 1
				transparency 0.7
			}
		}
		geometry IndexedFaceSet {
			coord Coordinate {
				point [
					-305.5 -19.2394 -3.8393,
					-297.366 -72.6232 -3.8393,
					-291.97 -71.801 -57.5627,
					-300.104 -18.4172 -57.5627,
					-231.212 -32.045 -20.5467,
					-230.263 -38.2731 -20.5467,
					-229.634 -38.1772 -26.8145,
					-230.583 -31.9491 -26.8145,
					-320.02 -18.4191 -2.27101,
					-310.981 -77.7345 -2.27101,
					-304.986 -76.8209 -61.9637,
					-314.024 -17.5056 -61.9637,
					-306.25 -16.321 -0.855933,
					-297.212 -75.6364 -0.855933,
					-291.217 -74.7228 -60.5486,
					-300.255 -15.4075 -60.5486,
					-319.517 -20.3674 -4.26195,
					-311.082 -75.7284 -4.26195,
					-305.486 -74.8758 -59.9752,
					-313.922 -19.5148 -59.9752,
					-300.153 -17.4168 -58.5602,
					-305.749 -18.2694 -2.84697,
					-291.717 -72.7778 -58.5602,
					-297.313 -73.6304 -2.84697,
					-230.713 -33.9898 -22.535,
					-230.366 -36.2636 -22.535,
					-230.136 -36.2285 -24.8232,
					-230.483 -33.9548 -24.8232,
					-300.003 -20.4232 -55.571,
					-304.999 -21.1845 -5.82787,
					-292.471 -69.8518 -55.571,
					-297.468 -70.6131 -5.82787,
					-231.212 -32.0448 -20.5469,
					-230.263 -38.2729 -20.5469,
					-229.633 -38.177 -26.8146,
					-230.583 -31.9488 -26.8146,
					-228.544 -30.4958 -19.1199,
					-227.255 -38.9571 -19.1199,
					-226.4 -38.8268 -27.6351,
					-227.689 -30.3654 -27.6351,
					-230.711 -33.9916 -22.5367,
					-230.364 -36.2654 -22.5367,
					-230.135 -36.2304 -24.8249,
					-230.481 -33.9566 -24.8249,
					-227.588 -32.3732 -25.6454,
					-228.043 -32.4427 -21.1098,
					-226.901 -36.8801 -25.6454,
					-227.357 -36.9496 -21.1098,
				]
			}
			coordIndex [
				4, 7, 3, 0, -1,
				7, 6, 2, 3, -1,
				6, 5, 1, 2, -1,
				5, 4, 0, 1, -1,
				4, 5, 6, 7, -1,
				8, 11, 10, 9, -1,
				12, 15, 11, 8, -1,
				15, 14, 10, 11, -1,
				14, 13, 9, 10, -1,
				13, 12, 8, 9, -1,
				16, 17, 18, 19, -1,
				12, 13, 21, -1,
				23, 21, 13, -1,
				15, 12, 21, -1,
				22, 23, 13, -1,
				15, 21, 20, -1,
				22, 13, 14, -1,
				14, 15, 20, -1,
				20, 22, 14, -1,
				21, 16, 19, -1,
				19, 20, 21, -1,
				20, 19, 18, -1,
				18, 22, 20, -1,
				22, 18, 17, -1,
				17, 23, 22, -1,
				23, 17, 16, -1,
				16, 21, 23, -1,
				24, 27, 26, 25, -1,
				3, 30, 28, -1,
				30, 3, 2, -1,
				0, 3, 28, -1,
				31, 30, 2, -1,
				0, 28, 29, -1,
				31, 2, 1, -1,
				1, 0, 29, -1,
				29, 31, 1, -1,
				28, 27, 24, -1,
				24, 29, 28, -1,
				30, 26, 27, -1,
				27, 28, 30, -1,
				31, 25, 26, -1,
				26, 30, 31, -1,
				29, 24, 25, -1,
				25, 31, 29, -1,
				32, 35, 34, 33, -1,
				36, 39, 35, 32, -1,
				39, 38, 34, 35, -1,
				38, 37, 33, 34, -1,
				37, 36, 32, 33, -1,
				40, 41, 42, 43, -1,
				36, 37, 45, -1,
				47, 45, 37, -1,
				39, 36, 45, -1,
				46, 47, 37, -1,
				39, 45, 44, -1,
				46, 37, 38, -1,
				38, 39, 44, -1,
				44, 46, 38, -1,
				45, 40, 43, -1,
				43, 44, 45, -1,
				44, 43, 42, -1,
				42, 46, 44, -1,
				46, 42, 41, -1,
				41, 47, 46, -1,
				47, 41, 40, -1,
				40, 45, 47, -1,
			]
			solid FALSE
		}
	}
#---------- SOLID: DetectorCrystal_34:0
	Shape {
		appearance Appearance {
			material Material {
				diffuseColor 1 1 1
				transparency 0.7
			}
		}
		geometry IndexedFaceSet {
			coord Coordinate {
				point [
					-314.834 -22.6848 -6.83983,
					-307.302 -72.1143 -6.83983,
					-302.306 -71.353 -56.5838,
					-309.838 -21.9235 -56.5838,
					-304.999 -21.1862 -5.82906,
					-297.467 -70.6156 -5.82906,
					-292.471 -69.8543 -55.573,
					-300.003 -20.4249 -55.573,
				]
			}
			coordIndex [
				0, 3, 2, 1, -1,
				4, 7, 3, 0, -1,
				7, 6, 2, 3, -1,
				6, 5, 1, 2, -1,
				5, 4, 0, 1, -1,
				4, 5, 6, 7, -1,
			]
			solid FALSE
		}
	}
#---------- SOLID: pixel_34_param:0
	Shape {
		appearance Appearance {
			material Material {
				diffuseColor 1 1 1
				transparency 0.7
			}
		}
		geometry IndexedFaceSet {
			coord Coordinate {
				point [
					-314.834 -22.6848 -6.83983,
					-307.302 -72.1143 -6.83983,
					-302.306 -71.353 -56.5838,
					-309.838 -21.9235 -56.5838,
					-304.999 -21.1862 -5.82906,
					-297.467 -70.6156 -5.82906,
					-292.471 -69.8543 -55.573,
					-300.003 -20.4249 -55.573,
				]
			}
			coordIndex [
				0, 3, 2, 1, -1,
				4, 7, 3, 0, -1,
				7, 6, 2, 3, -1,
				6, 5, 1, 2, -1,
				5, 4, 0, 1, -1,
				4, 5, 6, 7, -1,
			]
			solid FALSE
		}
	}
#---------- SOLID: Collimator_35:0
	Shape {
		appearance Appearance {
			material Material {
				diffuseColor 1 1 1
				transparency 0.7
			}
		}
		geometry IndexedFaceSet {
			coord Coordinate {
				point [
					-304.926 -83.1748 -3.79701,
					-286.317 -133.867 -3.79701,
					-281.363 -132.048 -57.5385,
					-299.971 -81.356 -57.5385,
					-227.302 -80.0855 -20.5008,
					-225.131 -85.9996 -20.5008,
					-224.552 -85.7875 -26.7706,
					-226.723 -79.8734 -26.7706,
					-319.313 -85.2624 -2.18098,
					-298.636 -141.587 -2.18098,
					-293.131 -139.566 -61.8937,
					-313.808 -83.2415 -61.8937,
					-306.233 -80.461 -0.812643,
					-285.557 -136.786 -0.812643,
					-280.052 -134.765 -60.5254,
					-300.728 -78.4401 -60.5254,
					-318.439 -87.0738 -4.17259,
					-299.14 -139.644 -4.17259,
					-294.002 -137.757 -59.9045,
					-313.3 -85.1876 -59.9045,
					-300.222 -80.3865 -58.5362,
					-305.36 -82.2727 -2.80435,
					-280.924 -132.956 -58.5362,
					-286.062 -134.842 -2.80435,
					-226.431 -81.8941 -22.4897,
					-225.638 -84.0532 -22.4897,
					-225.427 -83.9757 -24.7787,
					-226.22 -81.8166 -24.7787,
					-299.466 -83.2992 -55.546,
					-304.054 -84.9833 -5.78619,
					-282.236 -130.236 -55.546,
					-286.824 -131.92 -5.78619,
					-227.301 -80.0853 -20.5009,
					-225.13 -85.9994 -20.5009,
					-224.552 -85.7872 -26.7707,
					-226.723 -79.8731 -26.7707,
					-224.974 -78.0695 -19.1225,
					-222.052 -86.0308 -19.1225,
					-221.274 -85.7452 -27.5627,
					-224.196 -77.7839 -27.5627,
					-226.428 -81.8955 -22.4914,
					-225.636 -84.0546 -22.4914,
					-225.425 -83.9771 -24.7804,
					-226.217 -81.818 -24.7804,
					-223.69 -79.7289 -25.5723,
					-224.102 -79.8798 -21.1131,
					-222.146 -83.9351 -25.5723,
					-222.558 -84.0861 -21.1131,
				]
			}
			coordIndex [
				4, 7, 3, 0, -1,
				7, 6, 2, 3, -1,
				6, 5, 1, 2, -1,
				5, 4, 0, 1, -1,
				4, 5, 6, 7, -1,
				8, 11, 10, 9, -1,
				12, 15, 11, 8, -1,
				15, 14, 10, 11, -1,
				14, 13, 9, 10, -1,
				13, 12, 8, 9, -1,
				16, 17, 18, 19, -1,
				12, 13, 21, -1,
				23, 21, 13, -1,
				15, 12, 21, -1,
				22, 23, 13, -1,
				15, 21, 20, -1,
				22, 13, 14, -1,
				14, 15, 20, -1,
				20, 22, 14, -1,
				21, 16, 19, -1,
				19, 20, 21, -1,
				20, 19, 18, -1,
				18, 22, 20, -1,
				22, 18, 17, -1,
				17, 23, 22, -1,
				23, 17, 16, -1,
				16, 21, 23, -1,
				24, 27, 26, 25, -1,
				3, 30, 28, -1,
				30, 3, 2, -1,
				0, 3, 28, -1,
				31, 30, 2, -1,
				0, 28, 29, -1,
				31, 2, 1, -1,
				1, 0, 29, -1,
				29, 31, 1, -1,
				28, 27, 24, -1,
				24, 29, 28, -1,
				30, 26, 27, -1,
				27, 28, 30, -1,
				31, 25, 26, -1,
				26, 30, 31, -1,
				29, 24, 25, -1,
				25, 31, 29, -1,
				32, 35, 34, 33, -1,
				36, 39, 35, 32, -1,
				39, 38, 34, 35, -1,
				38, 37, 33, 34, -1,
				37, 36, 32, 33, -1,
				40, 41, 42, 43, -1,
				36, 37, 45, -1,
				47, 45, 37, -1,
				39, 36, 45, -1,
				46, 47, 37, -1,
				39, 45, 44, -1,
				46, 37, 38, -1,
				38, 39, 44, -1,
				44, 46, 38, -1,
				45, 40, 43, -1,
				43, 44, 45, -1,
				44, 43, 42, -1,
				42, 46, 44, -1,
				46, 42, 41, -1,
				41, 47, 46, -1,
				47, 41, 40, -1,
				40, 45, 47, -1,
			]
			solid FALSE
		}
	}
#---------- SOLID: DetectorCrystal_35:0
	Shape {
		appearance Appearance {
			material Material {
				diffuseColor 1 1 1
				transparency 0.7
			}
		}
		geometry IndexedFaceSet {
			coord Coordinate {
				point [
					-313.396 -88.4145 -6.76481,
					-296.165 -135.352 -6.76481,
					-291.578 -133.668 -56.5254,
					-308.808 -86.7304 -56.5254,
					-304.053 -84.9849 -5.78743,
					-286.823 -131.922 -5.78743,
					-282.235 -130.238 -55.548,
					-299.466 -83.3009 -55.548,
				]
			}
			coordIndex [
				0, 3, 2, 1, -1,
				4, 7, 3, 0, -1,
				7, 6, 2, 3, -1,
				6, 5, 1, 2, -1,
				5, 4, 0, 1, -1,
				4, 5, 6, 7, -1,
			]
			solid FALSE
		}
	}
#---------- SOLID: pixel_35_param:0
	Shape {
		appearance Appearance {
			material Material {
				diffuseColor 1 1 1
				transparency 0.7
			}
		}
		geometry IndexedFaceSet {
			coord Coordinate {
				point [
					-313.396 -88.4145 -6.76481,
					-296.165 -135.352 -6.76481,
					-291.578 -133.668 -56.5254,
					-308.808 -86.7304 -56.5254,
					-304.053 -84.9849 -5.78743,
					-286.823 -131.922 -5.78743,
					-282.235 -130.238 -55.548,
					-299.466 -83.3009 -55.548,
				]
			}
			coordIndex [
				0, 3, 2, 1, -1,
				4, 7, 3, 0, -1,
				7, 6, 2, 3, -1,
				6, 5, 1, 2, -1,
				5, 4, 0, 1, -1,
				4, 5, 6, 7, -1,
			]
			solid FALSE
		}
	}
#---------- SOLID: Collimator_36:0
	Shape {
		appearance Appearance {
			material Material {
				diffuseColor 1 1 1
				transparency 0.7
			}
		}
		geometry IndexedFaceSet {
			coord Coordinate {
				point [
					-287.891 -144.339 -3.77289,
					-259.727 -190.413 -3.77289,
					-255.311 -187.713 -57.5243,
					-283.475 -141.64 -57.5243,
					-211.129 -125.369 -20.4748,
					-207.844 -130.744 -20.4748,
					-207.329 -130.429 -26.7458,
					-210.614 -125.054 -26.7458,
					-301.589 -149.198 -2.1297,
					-270.295 -200.391 -2.1297,
					-265.389 -197.392 -61.8535,
					-296.683 -146.199 -61.8535,
					-289.699 -141.93 -0.787973,
					-258.405 -193.123 -0.787973,
					-253.499 -190.124 -60.5118,
					-284.793 -138.931 -60.5118,
					-300.38 -150.806 -4.12168,
					-271.173 -198.586 -4.12168,
					-266.594 -195.787 -59.8639,
					-295.801 -148.007 -59.8639,
					-283.912 -140.739 -58.5223,
					-288.491 -143.538 -2.78005,
					-254.705 -188.519 -58.5223,
					-259.284 -191.318 -2.78005,
					-209.925 -126.974 -22.464,
					-208.726 -128.936 -22.464,
					-208.538 -128.822 -24.7534,
					-209.737 -126.859 -24.7534,
					-282.597 -143.445 -55.5314,
					-286.685 -145.944 -5.7624,
					-256.519 -186.105 -55.5314,
					-260.608 -188.604 -5.7624,
					-211.129 -125.369 -20.4749,
					-207.844 -130.744 -20.4749,
					-207.328 -130.429 -26.7459,
					-210.614 -125.054 -26.7459,
					-209.226 -122.953 -19.1241,
					-204.826 -130.151 -19.1241,
					-204.136 -129.729 -27.5217,
					-208.536 -122.531 -27.5217,
					-209.923 -126.975 -22.4658,
					-208.723 -128.937 -22.4658,
					-208.535 -128.822 -24.7552,
					-209.734 -126.86 -24.7552,
					-207.656 -124.338 -25.531,
					-208.019 -124.56 -21.115,
					-205.343 -128.123 -25.531,
					-205.705 -128.345 -21.115,
				]
			}
			coordIndex [
				4, 7, 3, 0, -1,
				7, 6, 2, 3, -1,
				6, 5, 1, 2, -1,
				5, 4, 0, 1, -1,
				4, 5, 6, 7, -1,
				8, 11, 10, 9, -1,
				12, 15, 11, 8, -1,
				15, 14, 10, 11, -1,
				14, 13, 9, 10, -1,
				13, 12, 8, 9, -1,
				16, 17, 18, 19, -1,
				12, 13, 21, -1,
				23, 21, 13, -1,
				15, 12, 21, -1,
				22, 23, 13, -1,
				15, 21, 20, -1,
				22, 13, 14, -1,
				14, 15, 20, -1,
				20, 22, 14, -1,
				21, 16, 19, -1,
				19, 20, 21, -1,
				20, 19, 18, -1,
				18, 22, 20, -1,
				22, 18, 17, -1,
				17, 23, 22, -1,
				23, 17, 16, -1,
				16, 21, 23, -1,
				24, 27, 26, 25, -1,
				3, 30, 28, -1,
				30, 3, 2, -1,
				0, 3, 28, -1,
				31, 30, 2, -1,
				0, 28, 29, -1,
				31, 2, 1, -1,
				1, 0, 29, -1,
				29, 31, 1, -1,
				28, 27, 24, -1,
				24, 29, 28, -1,
				30, 26, 27, -1,
				27, 28, 30, -1,
				31, 25, 26, -1,
				26, 30, 31, -1,
				29, 24, 25, -1,
				25, 31, 29, -1,
				32, 35, 34, 33, -1,
				36, 39, 35, 32, -1,
				39, 38, 34, 35, -1,
				38, 37, 33, 34, -1,
				37, 36, 32, 33, -1,
				40, 41, 42, 43, -1,
				36, 37, 45, -1,
				47, 45, 37, -1,
				39, 36, 45, -1,
				46, 47, 37, -1,
				39, 45, 44, -1,
				46, 37, 38, -1,
				38, 39, 44, -1,
				44, 46, 38, -1,
				45, 40, 43, -1,
				43, 44, 45, -1,
				44, 43, 42, -1,
				42, 46, 44, -1,
				46, 42, 41, -1,
				41, 47, 46, -1,
				47, 41, 40, -1,
				40, 45, 47, -1,
			]
			solid FALSE
		}
	}
#---------- SOLID: DetectorCrystal_36:0
	Shape {
		appearance Appearance {
			material Material {
				diffuseColor 1 1 1
				transparency 0.7
			}
		}
		geometry IndexedFaceSet {
			coord Coordinate {
				point [
					-295.177 -151.137 -6.72206,
					-269.099 -193.798 -6.72206,
					-265.01 -191.298 -56.4919,
					-291.088 -148.638 -56.4919,
					-286.684 -145.945 -5.76368,
					-260.606 -188.606 -5.76368,
					-256.518 -186.107 -55.5335,
					-282.596 -143.446 -55.5335,
				]
			}
			coordIndex [
				0, 3, 2, 1, -1,
				4, 7, 3, 0, -1,
				7, 6, 2, 3, -1,
				6, 5, 1, 2, -1,
				5, 4, 0, 1, -1,
				4, 5, 6, 7, -1,
			]
			solid FALSE
		}
	}
#---------- SOLID: pixel_36_param:0
	Shape {
		appearance Appearance {
			material Material {
				diffuseColor 1 1 1
				transparency 0.7
			}
		}
		geometry IndexedFaceSet {
			coord Coordinate {
				point [
					-295.177 -151.137 -6.72206,
					-269.099 -193.798 -6.72206,
					-265.01 -191.298 -56.4919,
					-291.088 -148.638 -56.4919,
					-286.684 -145.945 -5.76368,
					-260.606 -188.606 -5.76368,
					-256.518 -186.107 -55.5335,
					-282.596 -143.446 -55.5335,
				]
			}
			coordIndex [
				0, 3, 2, 1, -1,
				4, 7, 3, 0, -1,
				7, 6, 2, 3, -1,
				6, 5, 1, 2, -1,
				5, 4, 0, 1, -1,
				4, 5, 6, 7, -1,
			]
			solid FALSE
		}
	}
#---------- SOLID: Collimator_37:0
	Shape {
		appearance Appearance {
			material Material {
				diffuseColor 1 1 1
				transparency 0.7
			}
		}
		geometry IndexedFaceSet {
			coord Coordinate {
				point [
					-256.827 -199.547 -3.76039,
					-220.27 -239.291 -3.76039,
					-216.5 -235.823 -57.5169,
					-253.057 -196.079 -57.5169,
					-184.625 -165.54 -20.4614,
					-180.36 -170.177 -20.4614,
					-179.921 -169.772 -26.733,
					-184.186 -165.135 -26.733,
					-269.323 -206.967 -2.10315,
					-228.704 -251.127 -2.10315,
					-224.515 -247.274 -61.8326,
					-265.134 -203.114 -61.8326,
					-259.065 -197.532 -0.775197,
					-218.447 -241.692 -0.775197,
					-214.258 -237.839 -60.5047,
					-254.877 -193.679 -60.5047,
					-267.827 -208.311 -4.09532,
					-229.916 -249.527 -4.09532,
					-226.007 -245.931 -59.8428,
					-263.918 -204.715 -59.8428,
					-253.661 -195.281 -58.515,
					-257.57 -198.877 -2.76746,
					-215.75 -236.497 -58.515,
					-219.66 -240.093 -2.76746,
					-183.134 -166.883 -22.4508,
					-181.577 -168.576 -22.4508,
					-181.417 -168.428 -24.7404,
					-182.974 -166.735 -24.7404,
					-251.844 -197.678 -55.5238,
					-255.335 -200.889 -5.75008,
					-217.996 -234.478 -55.5238,
					-221.486 -237.688 -5.75008,
					-184.625 -165.54 -20.4615,
					-180.36 -170.176 -20.4615,
					-179.921 -169.772 -26.7331,
					-184.186 -165.135 -26.7331,
					-183.216 -162.808 -19.1249,
					-177.521 -169 -19.1249,
					-176.933 -168.46 -27.5006,
					-182.629 -162.268 -27.5006,
					-183.132 -166.883 -22.4526,
					-181.575 -168.576 -22.4526,
					-181.414 -168.428 -24.7422,
					-182.971 -166.735 -24.7422,
					-181.415 -163.868 -25.5097,
					-181.723 -164.152 -21.1161,
					-178.427 -167.116 -25.5097,
					-178.735 -167.4 -21.1161,
				]
			}
			coordIndex [
				4, 7, 3, 0, -1,
				7, 6, 2, 3, -1,
				6, 5, 1, 2, -1,
				5, 4, 0, 1, -1,
				4, 5, 6, 7, -1,
				8, 11, 10, 9, -1,
				12, 15, 11, 8, -1,
				15, 14, 10, 11, -1,
				14, 13, 9, 10, -1,
				13, 12, 8, 9, -1,
				16, 17, 18, 19, -1,
				12, 13, 21, -1,
				23, 21, 13, -1,
				15, 12, 21, -1,
				22, 23, 13, -1,
				15, 21, 20, -1,
				22, 13, 14, -1,
				14, 15, 20, -1,
				20, 22, 14, -1,
				21, 16, 19, -1,
				19, 20, 21, -1,
				20, 19, 18, -1,
				18, 22, 20, -1,
				22, 18, 17, -1,
				17, 23, 22, -1,
				23, 17, 16, -1,
				16, 21, 23, -1,
				24, 27, 26, 25, -1,
				3, 30, 28, -1,
				30, 3, 2, -1,
				0, 3, 28, -1,
				31, 30, 2, -1,
				0, 28, 29, -1,
				31, 2, 1, -1,
				1, 0, 29, -1,
				29, 31, 1, -1,
				28, 27, 24, -1,
				24, 29, 28, -1,
				30, 26, 27, -1,
				27, 28, 30, -1,
				31, 25, 26, -1,
				26, 30, 31, -1,
				29, 24, 25, -1,
				25, 31, 29, -1,
				32, 35, 34, 33, -1,
				36, 39, 35, 32, -1,
				39, 38, 34, 35, -1,
				38, 37, 33, 34, -1,
				37, 36, 32, 33, -1,
				40, 41, 42, 43, -1,
				36, 37, 45, -1,
				47, 45, 37, -1,
				39, 36, 45, -1,
				46, 47, 37, -1,
				39, 45, 44, -1,
				46, 37, 38, -1,
				38, 39, 44, -1,
				44, 46, 38, -1,
				45, 40, 43, -1,
				43, 44, 45, -1,
				44, 43, 42, -1,
				42, 46, 44, -1,
				46, 42, 41, -1,
				41, 47, 46, -1,
				47, 41, 40, -1,
				40, 45, 47, -1,
			]
			solid FALSE
		}
	}
#---------- SOLID: DetectorCrystal_37:0
	Shape {
		appearance Appearance {
			material Material {
				diffuseColor 1 1 1
				transparency 0.7
			}
		}
		geometry IndexedFaceSet {
			coord Coordinate {
				point [
					-262.66 -207.63 -6.69991,
					-228.811 -244.43 -6.69991,
					-225.321 -241.219 -56.4745,
					-259.17 -204.419 -56.4745,
					-255.333 -200.89 -5.75138,
					-221.484 -237.69 -5.75138,
					-217.994 -234.48 -55.5259,
					-251.843 -197.68 -55.5259,
				]
			}
			coordIndex [
				0, 3, 2, 1, -1,
				4, 7, 3, 0, -1,
				7, 6, 2, 3, -1,
				6, 5, 1, 2, -1,
				5, 4, 0, 1, -1,
				4, 5, 6, 7, -1,
			]
			solid FALSE
		}
	}
#---------- SOLID: pixel_37_param:0
	Shape {
		appearance Appearance {
			material Material {
				diffuseColor 1 1 1
				transparency 0.7
			}
		}
		geometry IndexedFaceSet {
			coord Coordinate {
				point [
					-262.66 -207.63 -6.69991,
					-228.811 -244.43 -6.69991,
					-225.321 -241.219 -56.4745,
					-259.17 -204.419 -56.4745,
					-255.333 -200.89 -5.75138,
					-221.484 -237.69 -5.75138,
					-217.994 -234.48 -55.5259,
					-251.843 -197.68 -55.5259,
				]
			}
			coordIndex [
				0, 3, 2, 1, -1,
				4, 7, 3, 0, -1,
				7, 6, 2, 3, -1,
				6, 5, 1, 2, -1,
				5, 4, 0, 1, -1,
				4, 5, 6, 7, -1,
			]
			solid FALSE
		}
	}
#---------- SOLID: Collimator_38:0
	Shape {
		appearance Appearance {
			material Material {
				diffuseColor 1 1 1
				transparency 0.7
			}
		}
		geometry IndexedFaceSet {
			coord Coordinate {
				point [
					-214.775 -246.877 -3.75275,
					-171.249 -278.838 -3.75275,
					-168.237 -274.735 -57.5124,
					-211.763 -242.775 -57.5124,
					-150.188 -199.214 -20.4532,
					-145.11 -202.943 -20.4532,
					-144.758 -202.464 -26.7252,
					-149.836 -198.735 -26.7252,
					-225.608 -256.564 -2.08689,
					-177.245 -292.076 -2.08689,
					-173.898 -287.518 -61.8198,
					-222.261 -252.006 -61.8198,
					-217.359 -245.33 -0.767384,
					-168.996 -280.841 -0.767384,
					-165.649 -276.283 -60.5003,
					-214.012 -240.772 -60.5003,
					-223.882 -257.596 -4.07918,
					-178.744 -290.74 -4.07918,
					-175.62 -286.486 -59.8299,
					-220.758 -253.342 -59.8299,
					-212.51 -242.108 -58.5105,
					-215.633 -246.362 -2.75976,
					-167.371 -275.252 -58.5105,
					-170.495 -279.507 -2.75976,
					-148.467 -200.246 -22.4427,
					-146.613 -201.607 -22.4427,
					-146.485 -201.432 -24.7325,
					-148.339 -200.071 -24.7325,
					-210.264 -244.11 -55.5192,
					-213.053 -247.908 -5.74254,
					-169.963 -273.702 -55.5192,
					-172.752 -277.501 -5.74254,
					-150.188 -199.214 -20.4533,
					-145.11 -202.942 -20.4533,
					-144.758 -202.464 -26.7253,
					-149.836 -198.735 -26.7253,
					-149.325 -196.265 -19.1255,
					-142.554 -201.236 -19.1255,
					-142.086 -200.598 -27.4876,
					-148.856 -195.627 -27.4876,
					-148.464 -200.245 -22.4445,
					-146.61 -201.607 -22.4445,
					-146.482 -201.432 -24.7343,
					-148.336 -200.071 -24.7343,
					-147.356 -196.962 -25.4966,
					-147.601 -197.297 -21.1167,
					-143.809 -199.566 -25.4966,
					-144.055 -199.9 -21.1167,
				]
			}
			coordIndex [
				4, 7, 3, 0, -1,
				7, 6, 2, 3, -1,
				6, 5, 1, 2, -1,
				5, 4, 0, 1, -1,
				4, 5, 6, 7, -1,
				8, 11, 10, 9, -1,
				12, 15, 11, 8, -1,
				15, 14, 10, 11, -1,
				14, 13, 9, 10, -1,
				13, 12, 8, 9, -1,
				16, 17, 18, 19, -1,
				12, 13, 21, -1,
				23, 21, 13, -1,
				15, 12, 21, -1,
				22, 23, 13, -1,
				15, 21, 20, -1,
				22, 13, 14, -1,
				14, 15, 20, -1,
				20, 22, 14, -1,
				21, 16, 19, -1,
				19, 20, 21, -1,
				20, 19, 18, -1,
				18, 22, 20, -1,
				22, 18, 17, -1,
				17, 23, 22, -1,
				23, 17, 16, -1,
				16, 21, 23, -1,
				24, 27, 26, 25, -1,
				3, 30, 28, -1,
				30, 3, 2, -1,
				0, 3, 28, -1,
				31, 30, 2, -1,
				0, 28, 29, -1,
				31, 2, 1, -1,
				1, 0, 29, -1,
				29, 31, 1, -1,
				28, 27, 24, -1,
				24, 29, 28, -1,
				30, 26, 27, -1,
				27, 28, 30, -1,
				31, 25, 26, -1,
				26, 30, 31, -1,
				29, 24, 25, -1,
				25, 31, 29, -1,
				32, 35, 34, 33, -1,
				36, 39, 35, 32, -1,
				39, 38, 34, 35, -1,
				38, 37, 33, 34, -1,
				37, 36, 32, 33, -1,
				40, 41, 42, 43, -1,
				36, 37, 45, -1,
				47, 45, 37, -1,
				39, 36, 45, -1,
				46, 47, 37, -1,
				39, 45, 44, -1,
				46, 37, 38, -1,
				38, 39, 44, -1,
				44, 46, 38, -1,
				45, 40, 43, -1,
				43, 44, 45, -1,
				44, 43, 42, -1,
				42, 46, 44, -1,
				46, 42, 41, -1,
				41, 47, 46, -1,
				47, 41, 40, -1,
				40, 45, 47, -1,
			]
			solid FALSE
		}
	}
#---------- SOLID: DetectorCrystal_38:0
	Shape {
		appearance Appearance {
			material Material {
				diffuseColor 1 1 1
				transparency 0.7
			}
		}
		geometry IndexedFaceSet {
			coord Coordinate {
				point [
					-218.944 -255.934 -6.68635,
					-178.642 -285.527 -6.68635,
					-175.853 -281.728 -56.4638,
					-216.155 -252.135 -56.4638,
					-213.052 -247.909 -5.74385,
					-172.75 -277.502 -5.74385,
					-169.961 -273.704 -55.5213,
					-210.262 -244.111 -55.5213,
				]
			}
			coordIndex [
				0, 3, 2, 1, -1,
				4, 7, 3, 0, -1,
				7, 6, 2, 3, -1,
				6, 5, 1, 2, -1,
				5, 4, 0, 1, -1,
				4, 5, 6, 7, -1,
			]
			solid FALSE
		}
	}
#---------- SOLID: pixel_38_param:0
	Shape {
		appearance Appearance {
			material Material {
				diffuseColor 1 1 1
				transparency 0.7
			}
		}
		geometry IndexedFaceSet {
			coord Coordinate {
				point [
					-218.944 -255.934 -6.68635,
					-178.642 -285.527 -6.68635,
					-175.853 -281.728 -56.4638,
					-216.155 -252.135 -56.4638,
					-213.052 -247.909 -5.74385,
					-172.75 -277.502 -5.74385,
					-169.961 -273.704 -55.5213,
					-210.262 -244.111 -55.5213,
				]
			}
			coordIndex [
				0, 3, 2, 1, -1,
				4, 7, 3, 0, -1,
				7, 6, 2, 3, -1,
				6, 5, 1, 2, -1,
				5, 4, 0, 1, -1,
				4, 5, 6, 7, -1,
			]
			solid FALSE
		}
	}
#---------- SOLID: Collimator_39:0
	Shape {
		appearance Appearance {
			material Material {
				diffuseColor 1 1 1
				transparency 0.7
			}
		}
		geometry IndexedFaceSet {
			coord Coordinate {
				point [
					-164.627 -285.45 -3.74404,
					-115.796 -308.505 -3.74404,
					-113.639 -303.936 -57.5072,
					-162.47 -280.881 -57.5072,
					-110.099 -225.82 -20.4439,
					-104.402 -228.509 -20.4439,
					-104.151 -227.976 -26.7163,
					-109.848 -225.287 -26.7163,
					-173.408 -297.027 -2.06837,
					-119.152 -322.643 -2.06837,
					-116.755 -317.567 -61.8052,
					-171.012 -291.951 -61.8052,
					-167.458 -284.423 -0.758476,
					-113.201 -310.039 -0.758476,
					-110.804 -304.962 -60.4953,
					-165.061 -279.346 -60.4953,
					-171.518 -297.712 -4.06079,
					-120.878 -321.62 -4.06079,
					-118.641 -316.882 -59.8151,
					-169.281 -292.973 -59.8151,
					-163.33 -280.37 -58.5053,
					-165.567 -285.108 -2.75099,
					-112.691 -304.278 -58.5053,
					-114.928 -309.016 -2.75099,
					-108.214 -226.505 -22.4335,
					-106.134 -227.487 -22.4335,
					-106.042 -227.292 -24.7235,
					-108.122 -226.31 -24.7235,
					-160.743 -281.904 -55.5138,
					-162.74 -286.134 -5.73394,
					-115.53 -303.25 -55.5138,
					-117.527 -307.48 -5.73394,
					-110.099 -225.819 -20.444,
					-104.402 -228.509 -20.444,
					-104.151 -227.976 -26.7164,
					-109.848 -225.286 -26.7164,
					-109.808 -222.762 -19.1261,
					-102.227 -226.341 -19.1261,
					-101.892 -225.632 -27.473,
					-109.473 -222.052 -27.473,
					-108.211 -226.504 -22.4354,
					-106.131 -227.486 -22.4354,
					-106.039 -227.291 -24.7253,
					-108.119 -226.309 -24.7253,
					-107.744 -223.076 -25.4818,
					-107.919 -223.446 -21.1175,
					-103.78 -224.947 -25.4818,
					-103.955 -225.318 -21.1175,
				]
			}
			coordIndex [
				4, 7, 3, 0, -1,
				7, 6, 2, 3, -1,
				6, 5, 1, 2, -1,
				5, 4, 0, 1, -1,
				4, 5, 6, 7, -1,
				8, 11, 10, 9, -1,
				12, 15, 11, 8, -1,
				15, 14, 10, 11, -1,
				14, 13, 9, 10, -1,
				13, 12, 8, 9, -1,
				16, 17, 18, 19, -1,
				12, 13, 21, -1,
				23, 21, 13, -1,
				15, 12, 21, -1,
				22, 23, 13, -1,
				15, 21, 20, -1,
				22, 13, 14, -1,
				14, 15, 20, -1,
				20, 22, 14, -1,
				21, 16, 19, -1,
				19, 20, 21, -1,
				20, 19, 18, -1,
				18, 22, 20, -1,
				22, 18, 17, -1,
				17, 23, 22, -1,
				23, 17, 16, -1,
				16, 21, 23, -1,
				24, 27, 26, 25, -1,
				3, 30, 28, -1,
				30, 3, 2, -1,
				0, 3, 28, -1,
				31, 30, 2, -1,
				0, 28, 29, -1,
				31, 2, 1, -1,
				1, 0, 29, -1,
				29, 31, 1, -1,
				28, 27, 24, -1,
				24, 29, 28, -1,
				30, 26, 27, -1,
				27, 28, 30, -1,
				31, 25, 26, -1,
				26, 30, 31, -1,
				29, 24, 25, -1,
				25, 31, 29, -1,
				32, 35, 34, 33, -1,
				36, 39, 35, 32, -1,
				39, 38, 34, 35, -1,
				38, 37, 33, 34, -1,
				37, 36, 32, 33, -1,
				40, 41, 42, 43, -1,
				36, 37, 45, -1,
				47, 45, 37, -1,
				39, 36, 45, -1,
				46, 47, 37, -1,
				39, 45, 44, -1,
				46, 37, 38, -1,
				38, 39, 44, -1,
				44, 46, 38, -1,
				45, 40, 43, -1,
				43, 44, 45, -1,
				44, 43, 42, -1,
				42, 46, 44, -1,
				46, 42, 41, -1,
				41, 47, 46, -1,
				47, 41, 40, -1,
				40, 45, 47, -1,
			]
			solid FALSE
		}
	}
#---------- SOLID: DetectorCrystal_39:0
	Shape {
		appearance Appearance {
			material Material {
				diffuseColor 1 1 1
				transparency 0.7
			}
		}
		geometry IndexedFaceSet {
			coord Coordinate {
				point [
					-166.989 -295.138 -6.67091,
					-121.775 -316.485 -6.67091,
					-119.778 -312.254 -56.4516,
					-164.992 -290.907 -56.4516,
					-162.739 -286.135 -5.73526,
					-117.524 -307.481 -5.73526,
					-115.527 -303.251 -55.5159,
					-160.741 -281.904 -55.5159,
				]
			}
			coordIndex [
				0, 3, 2, 1, -1,
				4, 7, 3, 0, -1,
				7, 6, 2, 3, -1,
				6, 5, 1, 2, -1,
				5, 4, 0, 1, -1,
				4, 5, 6, 7, -1,
			]
			solid FALSE
		}
	}
#---------- SOLID: pixel_39_param:0
	Shape {
		appearance Appearance {
			material Material {
				diffuseColor 1 1 1
				transparency 0.7
			}
		}
		geometry IndexedFaceSet {
			coord Coordinate {
				point [
					-166.989 -295.138 -6.67091,
					-121.775 -316.485 -6.67091,
					-119.778 -312.254 -56.4516,
					-164.992 -290.907 -56.4516,
					-162.739 -286.135 -5.73526,
					-117.524 -307.481 -5.73526,
					-115.527 -303.251 -55.5159,
					-160.741 -281.904 -55.5159,
				]
			}
			coordIndex [
				0, 3, 2, 1, -1,
				4, 7, 3, 0, -1,
				7, 6, 2, 3, -1,
				6, 5, 1, 2, -1,
				5, 4, 0, 1, -1,
				4, 5, 6, 7, -1,
			]
			solid FALSE
		}
	}
#---------- SOLID: Collimator_40:0
	Shape {
		appearance Appearance {
			material Material {
				diffuseColor 1 1 1
				transparency 0.7
			}
		}
		geometry IndexedFaceSet {
			coord Coordinate {
				point [
					-108.756 -315.007 -3.73011,
					-56.4522 -328.436 -3.73011,
					-55.2104 -323.599 -57.4988,
					-107.514 -310.17 -57.4988,
					-66.2303 -245.284 -20.4291,
					-60.1282 -246.85 -20.4291,
					-59.9833 -246.286 -26.7021,
					-66.0854 -244.72 -26.7021,
					-115.195 -328.031 -2.03881,
					-57.08 -342.952 -2.03881,
					-55.7003 -337.578 -61.7817,
					-113.815 -322.657 -61.7817,
					-111.728 -314.529 -0.744243,
					-53.6133 -329.45 -0.744243,
					-52.2335 -324.076 -60.4872,
					-110.349 -309.155 -60.4872,
					-113.21 -328.348 -4.03143,
					-58.9693 -342.275 -4.03143,
					-57.6815 -337.259 -59.7915,
					-111.922 -323.333 -59.7915,
					-108.456 -309.832 -58.497,
					-109.743 -314.847 -2.73696,
					-54.215 -323.758 -58.497,
					-55.5028 -328.774 -2.73696,
					-64.2498 -245.603 -22.4189,
					-62.022 -246.175 -22.4189,
					-61.9691 -245.969 -24.709,
					-64.1969 -245.397 -24.709,
					-105.625 -310.846 -55.5052,
					-106.774 -315.325 -5.7202,
					-57.1963 -323.281 -55.5052,
					-58.346 -327.759 -5.7202,
					-66.2304 -245.283 -20.4292,
					-60.1283 -246.85 -20.4292,
					-59.9834 -246.286 -26.7022,
					-66.0855 -244.719 -26.7022,
					-66.508 -242.226 -19.1271,
					-58.4123 -244.305 -19.1271,
					-58.2201 -243.556 -27.4495,
					-66.3158 -241.478 -27.4495,
					-64.2471 -245.602 -22.4207,
					-62.0193 -246.174 -22.4207,
					-61.9665 -245.968 -24.7109,
					-64.1942 -245.396 -24.7109,
					-64.4244 -242.154 -25.4582,
					-64.5247 -242.545 -21.1186,
					-60.2032 -243.238 -25.4582,
					-60.3034 -243.629 -21.1186,
				]
			}
			coordIndex [
				4, 7, 3, 0, -1,
				7, 6, 2, 3, -1,
				6, 5, 1, 2, -1,
				5, 4, 0, 1, -1,
				4, 5, 6, 7, -1,
				8, 11, 10, 9, -1,
				12, 15, 11, 8, -1,
				15, 14, 10, 11, -1,
				14, 13, 9, 10, -1,
				13, 12, 8, 9, -1,
				16, 17, 18, 19, -1,
				12, 13, 21, -1,
				23, 21, 13, -1,
				15, 12, 21, -1,
				22, 23, 13, -1,
				15, 21, 20, -1,
				22, 13, 14, -1,
				14, 15, 20, -1,
				20, 22, 14, -1,
				21, 16, 19, -1,
				19, 20, 21, -1,
				20, 19, 18, -1,
				18, 22, 20, -1,
				22, 18, 17, -1,
				17, 23, 22, -1,
				23, 17, 16, -1,
				16, 21, 23, -1,
				24, 27, 26, 25, -1,
				3, 30, 28, -1,
				30, 3, 2, -1,
				0, 3, 28, -1,
				31, 30, 2, -1,
				0, 28, 29, -1,
				31, 2, 1, -1,
				1, 0, 29, -1,
				29, 31, 1, -1,
				28, 27, 24, -1,
				24, 29, 28, -1,
				30, 26, 27, -1,
				27, 28, 30, -1,
				31, 25, 26, -1,
				26, 30, 31, -1,
				29, 24, 25, -1,
				25, 31, 29, -1,
				32, 35, 34, 33, -1,
				36, 39, 35, 32, -1,
				39, 38, 34, 35, -1,
				38, 37, 33, 34, -1,
				37, 36, 32, 33, -1,
				40, 41, 42, 43, -1,
				36, 37, 45, -1,
				47, 45, 37, -1,
				39, 36, 45, -1,
				46, 47, 37, -1,
				39, 45, 44, -1,
				46, 37, 38, -1,
				38, 39, 44, -1,
				44, 46, 38, -1,
				45, 40, 43, -1,
				43, 44, 45, -1,
				44, 43, 42, -1,
				42, 46, 44, -1,
				46, 42, 41, -1,
				41, 47, 46, -1,
				47, 41, 40, -1,
				40, 45, 47, -1,
			]
			solid FALSE
		}
	}
#---------- SOLID: DetectorCrystal_40:0
	Shape {
		appearance Appearance {
			material Material {
				diffuseColor 1 1 1
				transparency 0.7
			}
		}
		geometry IndexedFaceSet {
			coord Coordinate {
				point [
					-109.249 -324.969 -6.64623,
					-60.8196 -337.404 -6.64623,
					-59.6698 -332.926 -56.432,
					-108.099 -320.491 -56.432,
					-106.772 -315.325 -5.72154,
					-58.3433 -327.759 -5.72154,
					-57.1935 -323.281 -55.5073,
					-105.623 -310.847 -55.5073,
				]
			}
			coordIndex [
				0, 3, 2, 1, -1,
				4, 7, 3, 0, -1,
				7, 6, 2, 3, -1,
				6, 5, 1, 2, -1,
				5, 4, 0, 1, -1,
				4, 5, 6, 7, -1,
			]
			solid FALSE
		}
	}
#---------- SOLID: pixel_40_param:0
	Shape {
		appearance Appearance {
			material Material {
				diffuseColor 1 1 1
				transparency 0.7
			}
		}
		geometry IndexedFaceSet {
			coord Coordinate {
				point [
					-109.249 -324.969 -6.64623,
					-60.8196 -337.404 -6.64623,
					-59.6698 -332.926 -56.432,
					-108.099 -320.491 -56.432,
					-106.772 -315.325 -5.72154,
					-58.3433 -327.759 -5.72154,
					-57.1935 -323.281 -55.5073,
					-105.623 -310.847 -55.5073,
				]
			}
			coordIndex [
				0, 3, 2, 1, -1,
				4, 7, 3, 0, -1,
				7, 6, 2, 3, -1,
				6, 5, 1, 2, -1,
				5, 4, 0, 1, -1,
				4, 5, 6, 7, -1,
			]
			solid FALSE
		}
	}
#---------- SOLID: Collimator_41:0
	Shape {
		appearance Appearance {
			material Material {
				diffuseColor 1 1 1
				transparency 0.7
			}
		}
		geometry IndexedFaceSet {
			coord Coordinate {
				point [
					365.203 64.9206 57.4128,
					351.906 117.258 57.4128,
					356.182 118.344 3.59326,
					369.478 66.0067 3.59326,
					277.528 67.2549 26.565,
					275.977 73.3609 26.565,
					276.476 73.4876 20.286,
					278.027 67.3816 20.286,
					379.226 65.3898 61.545,
					364.453 123.543 61.545,
					369.203 124.749 1.74549,
					383.977 66.5967 1.74549,
					365.702 61.9542 60.4013,
					350.929 120.107 60.4013,
					355.679 121.314 0.601824,
					370.453 63.161 0.601824,
					378.891 67.3699 59.5503,
					365.102 121.646 59.5503,
					369.536 122.772 3.73744,
					383.324 68.4963 3.73744,
					369.802 65.0609 2.59386,
					365.368 63.9345 58.4067,
					356.013 119.337 2.59386,
					351.579 118.21 58.4067,
					277.196 69.2312 24.5738,
					276.63 71.4604 24.5738,
					276.812 71.5067 22.2814,
					277.378 69.2775 22.2814,
					368.828 67.9027 5.58896,
					364.869 66.897 55.421,
					356.517 116.363 5.58896,
					352.558 115.357 55.421,
					277.528 67.2546 26.5648,
					275.977 73.3607 26.5648,
					276.476 73.4874 20.2859,
					278.027 67.3813 20.2859,
					274.781 65.6226 27.2222,
					272.784 73.4839 27.2222,
					273.426 73.647 19.1383,
					275.424 65.7857 19.1383,
					277.194 69.2334 24.5714,
					276.628 71.4626 24.5714,
					276.81 71.5088 22.2791,
					277.376 69.2796 22.2791,
					274.773 67.6841 21.1316,
					274.447 67.6014 25.2288,
					273.761 71.6685 21.1316,
					273.435 71.5858 25.2288,
				]
			}
			coordIndex [
				4, 7, 3, 0, -1,
				7, 6, 2, 3, -1,
				6, 5, 1, 2, -1,
				5, 4, 0, 1, -1,
				4, 5, 6, 7, -1,
				8, 11, 10, 9, -1,
				12, 15, 11, 8, -1,
				15, 14, 10, 11, -1,
				14, 13, 9, 10, -1,
				13, 12, 8, 9, -1,
				16, 17, 18, 19, -1,
				12, 13, 21, -1,
				23, 21, 13, -1,
				15, 12, 21, -1,
				22, 23, 13, -1,
				15, 21, 20, -1,
				22, 13, 14, -1,
				14, 15, 20, -1,
				20, 22, 14, -1,
				21, 16, 19, -1,
				19, 20, 21, -1,
				20, 19, 18, -1,
				18, 22, 20, -1,
				22, 18, 17, -1,
				17, 23, 22, -1,
				23, 17, 16, -1,
				16, 21, 23, -1,
				24, 27, 26, 25, -1,
				3, 30, 28, -1,
				30, 3, 2, -1,
				0, 3, 28, -1,
				31, 30, 2, -1,
				0, 28, 29, -1,
				31, 2, 1, -1,
				1, 0, 29, -1,
				29, 31, 1, -1,
				28, 27, 24, -1,
				24, 29, 28, -1,
				30, 26, 27, -1,
				27, 28, 30, -1,
				31, 25, 26, -1,
				26, 30, 31, -1,
				29, 24, 25, -1,
				25, 31, 29, -1,
				32, 35, 34, 33, -1,
				36, 39, 35, 32, -1,
				39, 38, 34, 35, -1,
				38, 37, 33, 34, -1,
				37, 36, 32, 33, -1,
				40, 41, 42, 43, -1,
				36, 37, 45, -1,
				47, 45, 37, -1,
				39, 36, 45, -1,
				46, 47, 37, -1,
				39, 45, 44, -1,
				46, 37, 38, -1,
				38, 39, 44, -1,
				44, 46, 38, -1,
				45, 40, 43, -1,
				43, 44, 45, -1,
				44, 43, 42, -1,
				42, 46, 44, -1,
				46, 42, 41, -1,
				41, 47, 46, -1,
				47, 41, 40, -1,
				40, 45, 47, -1,
			]
			solid FALSE
		}
	}
#---------- SOLID: DetectorCrystal_41:0
	Shape {
		appearance Appearance {
			material Material {
				diffuseColor 1 1 1
				transparency 0.7
			}
		}
		geometry IndexedFaceSet {
			coord Coordinate {
				point [
					374.528 69.3533 56.2364,
					362.217 117.814 56.2364,
					366.176 118.82 6.40348,
					378.487 70.359 6.40348,
					364.868 66.8992 55.4195,
					352.557 115.36 55.4195,
					356.516 116.366 5.58657,
					368.827 67.9049 5.58657,
				]
			}
			coordIndex [
				0, 3, 2, 1, -1,
				4, 7, 3, 0, -1,
				7, 6, 2, 3, -1,
				6, 5, 1, 2, -1,
				5, 4, 0, 1, -1,
				4, 5, 6, 7, -1,
			]
			solid FALSE
		}
	}
#---------- SOLID: pixel_41_param:0
	Shape {
		appearance Appearance {
			material Material {
				diffuseColor 1 1 1
				transparency 0.7
			}
		}
		geometry IndexedFaceSet {
			coord Coordinate {
				point [
					374.528 69.3533 56.2364,
					362.217 117.814 56.2364,
					366.176 118.82 6.40348,
					378.487 70.359 6.40348,
					364.868 66.8992 55.4195,
					352.557 115.36 55.4195,
					356.516 116.366 5.58657,
					368.827 67.9049 5.58657,
				]
			}
			coordIndex [
				0, 3, 2, 1, -1,
				4, 7, 3, 0, -1,
				7, 6, 2, 3, -1,
				6, 5, 1, 2, -1,
				5, 4, 0, 1, -1,
				4, 5, 6, 7, -1,
			]
			solid FALSE
		}
	}
#---------- SOLID: Collimator_42:0
	Shape {
		appearance Appearance {
			material Material {
				diffuseColor 1 1 1
				transparency 0.7
			}
		}
		geometry IndexedFaceSet {
			coord Coordinate {
				point [
					324.562 113.816 57.4655,
					302.747 163.213 57.4655,
					307.104 165.137 3.67593,
					328.919 115.74 3.67593,
					243.901 104.267 26.6473,
					241.356 110.03 26.6473,
					241.865 110.255 20.3719,
					244.41 104.492 20.3719,
					338.287 116.6 61.6871,
					314.049 171.486 61.6871,
					318.89 173.624 1.92095,
					343.128 118.737 1.92095,
					325.53 110.966 60.4523,
					301.292 165.852 60.4523,
					306.133 167.99 0.686162,
					330.371 113.104 0.686162,
					337.639 118.502 59.6935,
					315.016 169.729 59.6935,
					319.535 171.724 3.91179,
					342.157 120.497 3.91179,
					329.401 114.864 2.67708,
					324.883 112.868 58.4588,
					306.779 166.091 2.67708,
					302.26 164.095 58.4588,
					243.257 106.166 24.6571,
					242.328 108.27 24.6571,
					242.513 108.352 22.366,
					243.443 106.248 22.366,
					327.95 117.496 5.67038,
					323.916 115.715 55.4747,
					307.752 163.234 5.67038,
					303.718 161.452 55.4747,
					243.901 104.267 26.6472,
					241.356 110.03 26.6472,
					241.865 110.254 20.3717,
					244.41 104.491 20.3717,
					241.485 102.128 27.3587,
					238.148 109.684 27.3587,
					238.814 109.978 19.131,
					242.151 102.423 19.131,
					243.255 106.168 24.6549,
					242.325 108.272 24.6549,
					242.511 108.354 22.3638,
					243.44 106.25 22.3638,
					241.182 104.181 21.1232,
					240.838 104.029 25.3663,
					239.461 108.078 21.1232,
					239.117 107.926 25.3663,
				]
			}
			coordIndex [
				4, 7, 3, 0, -1,
				7, 6, 2, 3, -1,
				6, 5, 1, 2, -1,
				5, 4, 0, 1, -1,
				4, 5, 6, 7, -1,
				8, 11, 10, 9, -1,
				12, 15, 11, 8, -1,
				15, 14, 10, 11, -1,
				14, 13, 9, 10, -1,
				13, 12, 8, 9, -1,
				16, 17, 18, 19, -1,
				12, 13, 21, -1,
				23, 21, 13, -1,
				15, 12, 21, -1,
				22, 23, 13, -1,
				15, 21, 20, -1,
				22, 13, 14, -1,
				14, 15, 20, -1,
				20, 22, 14, -1,
				21, 16, 19, -1,
				19, 20, 21, -1,
				20, 19, 18, -1,
				18, 22, 20, -1,
				22, 18, 17, -1,
				17, 23, 22, -1,
				23, 17, 16, -1,
				16, 21, 23, -1,
				24, 27, 26, 25, -1,
				3, 30, 28, -1,
				30, 3, 2, -1,
				0, 3, 28, -1,
				31, 30, 2, -1,
				0, 28, 29, -1,
				31, 2, 1, -1,
				1, 0, 29, -1,
				29, 31, 1, -1,
				28, 27, 24, -1,
				24, 29, 28, -1,
				30, 26, 27, -1,
				27, 28, 30, -1,
				31, 25, 26, -1,
				26, 30, 31, -1,
				29, 24, 25, -1,
				25, 31, 29, -1,
				32, 35, 34, 33, -1,
				36, 39, 35, 32, -1,
				39, 38, 34, 35, -1,
				38, 37, 33, 34, -1,
				37, 36, 32, 33, -1,
				40, 41, 42, 43, -1,
				36, 37, 45, -1,
				47, 45, 37, -1,
				39, 36, 45, -1,
				46, 47, 37, -1,
				39, 45, 44, -1,
				46, 37, 38, -1,
				38, 39, 44, -1,
				44, 46, 38, -1,
				45, 40, 43, -1,
				43, 44, 45, -1,
				44, 43, 42, -1,
				42, 46, 44, -1,
				46, 42, 41, -1,
				41, 47, 46, -1,
				47, 41, 40, -1,
				40, 45, 47, -1,
			]
			solid FALSE
		}
	}
#---------- SOLID: DetectorCrystal_42:0
	Shape {
		appearance Appearance {
			material Material {
				diffuseColor 1 1 1
				transparency 0.7
			}
		}
		geometry IndexedFaceSet {
			coord Coordinate {
				point [
					333.027 119.741 56.3553,
					312.829 165.479 56.3553,
					316.863 167.261 6.55013,
					337.062 121.522 6.55013,
					323.915 115.717 55.4733,
					303.717 161.455 55.4733,
					307.751 163.237 5.66814,
					327.95 117.498 5.66814,
				]
			}
			coordIndex [
				0, 3, 2, 1, -1,
				4, 7, 3, 0, -1,
				7, 6, 2, 3, -1,
				6, 5, 1, 2, -1,
				5, 4, 0, 1, -1,
				4, 5, 6, 7, -1,
			]
			solid FALSE
		}
	}
#---------- SOLID: pixel_42_param:0
	Shape {
		appearance Appearance {
			material Material {
				diffuseColor 1 1 1
				transparency 0.7
			}
		}
		geometry IndexedFaceSet {
			coord Coordinate {
				point [
					333.027 119.741 56.3553,
					312.829 165.479 56.3553,
					316.863 167.261 6.55013,
					337.062 121.522 6.55013,
					323.915 115.717 55.4733,
					303.717 161.455 55.4733,
					307.751 163.237 5.66814,
					327.95 117.498 5.66814,
				]
			}
			coordIndex [
				0, 3, 2, 1, -1,
				4, 7, 3, 0, -1,
				7, 6, 2, 3, -1,
				6, 5, 1, 2, -1,
				5, 4, 0, 1, -1,
				4, 5, 6, 7, -1,
			]
			solid FALSE
		}
	}
#---------- SOLID: Collimator_43:0
	Shape {
		appearance Appearance {
			material Material {
				diffuseColor 1 1 1
				transparency 0.7
			}
		}
		geometry IndexedFaceSet {
			coord Coordinate {
				point [
					274.329 153.846 57.5297,
					243.97 198.504 57.5297,
					248.282 201.435 3.78209,
					278.641 156.778 3.78209,
					202.852 134.094 26.7553,
					199.31 139.304 26.7553,
					199.813 139.646 20.4847,
					203.355 134.436 20.4847,
					287.298 159.037 61.8662,
					253.565 208.657 61.8662,
					258.357 211.915 2.1466,
					292.09 162.295 2.1466,
					275.774 151.203 60.5142,
					242.042 200.823 60.5142,
					246.833 204.08 0.794644,
					280.566 154.461 0.794644,
					286.332 160.801 59.8742,
					254.848 207.113 59.8742,
					259.32 210.153 4.13588,
					290.804 163.841 4.13588,
					279.281 156.008 2.78401,
					274.808 152.967 58.5223,
					247.797 202.319 2.78401,
					243.325 199.279 58.5223,
					201.889 135.855 24.7664,
					200.596 137.757 24.7664,
					200.78 137.882 22.4772,
					202.073 135.98 22.4772,
					277.358 158.321 5.77482,
					273.365 155.607 55.5403,
					249.248 199.671 5.77482,
					245.255 196.956 55.5403,
					202.852 134.094 26.7551,
					199.31 139.304 26.7551,
					199.813 139.646 20.4846,
					203.355 134.436 20.4846,
					200.902 131.466 27.5371,
					196.149 138.457 27.5371,
					196.824 138.916 19.1231,
					201.577 131.925 19.1231,
					201.887 135.856 24.7643,
					200.594 137.758 24.7643,
					200.778 137.883 22.4751,
					202.071 135.981 22.4751,
					200.293 133.47 21.1137,
					199.937 133.229 25.5463,
					197.789 137.153 21.1137,
					197.433 136.912 25.5463,
				]
			}
			coordIndex [
				4, 7, 3, 0, -1,
				7, 6, 2, 3, -1,
				6, 5, 1, 2, -1,
				5, 4, 0, 1, -1,
				4, 5, 6, 7, -1,
				8, 11, 10, 9, -1,
				12, 15, 11, 8, -1,
				15, 14, 10, 11, -1,
				14, 13, 9, 10, -1,
				13, 12, 8, 9, -1,
				16, 17, 18, 19, -1,
				12, 13, 21, -1,
				23, 21, 13, -1,
				15, 12, 21, -1,
				22, 23, 13, -1,
				15, 21, 20, -1,
				22, 13, 14, -1,
				14, 15, 20, -1,
				20, 22, 14, -1,
				21, 16, 19, -1,
				19, 20, 21, -1,
				20, 19, 18, -1,
				18, 22, 20, -1,
				22, 18, 17, -1,
				17, 23, 22, -1,
				23, 17, 16, -1,
				16, 21, 23, -1,
				24, 27, 26, 25, -1,
				3, 30, 28, -1,
				30, 3, 2, -1,
				0, 3, 28, -1,
				31, 30, 2, -1,
				0, 28, 29, -1,
				31, 2, 1, -1,
				1, 0, 29, -1,
				29, 31, 1, -1,
				28, 27, 24, -1,
				24, 29, 28, -1,
				30, 26, 27, -1,
				27, 28, 30, -1,
				31, 25, 26, -1,
				26, 30, 31, -1,
				29, 24, 25, -1,
				25, 31, 29, -1,
				32, 35, 34, 33, -1,
				36, 39, 35, 32, -1,
				39, 38, 34, 35, -1,
				38, 37, 33, 34, -1,
				37, 36, 32, 33, -1,
				40, 41, 42, 43, -1,
				36, 37, 45, -1,
				47, 45, 37, -1,
				39, 36, 45, -1,
				46, 47, 37, -1,
				39, 45, 44, -1,
				46, 37, 38, -1,
				38, 39, 44, -1,
				44, 46, 38, -1,
				45, 40, 43, -1,
				43, 44, 45, -1,
				44, 43, 42, -1,
				42, 46, 44, -1,
				46, 42, 41, -1,
				41, 47, 46, -1,
				47, 41, 40, -1,
				40, 45, 47, -1,
			]
			solid FALSE
		}
	}
#---------- SOLID: DetectorCrystal_43:0
	Shape {
		appearance Appearance {
			material Material {
				diffuseColor 1 1 1
				transparency 0.7
			}
		}
		geometry IndexedFaceSet {
			coord Coordinate {
				point [
					281.595 161.204 56.5047,
					253.485 202.554 56.5047,
					257.478 205.269 6.73843,
					285.588 163.919 6.73843,
					273.364 155.609 55.5391,
					245.254 196.958 55.5391,
					249.247 199.673 5.77275,
					277.357 158.323 5.77275,
				]
			}
			coordIndex [
				0, 3, 2, 1, -1,
				4, 7, 3, 0, -1,
				7, 6, 2, 3, -1,
				6, 5, 1, 2, -1,
				5, 4, 0, 1, -1,
				4, 5, 6, 7, -1,
			]
			solid FALSE
		}
	}
#---------- SOLID: pixel_43_param:0
	Shape {
		appearance Appearance {
			material Material {
				diffuseColor 1 1 1
				transparency 0.7
			}
		}
		geometry IndexedFaceSet {
			coord Coordinate {
				point [
					281.595 161.204 56.5047,
					253.485 202.554 56.5047,
					257.478 205.269 6.73843,
					285.588 163.919 6.73843,
					273.364 155.609 55.5391,
					245.254 196.958 55.5391,
					249.247 199.673 5.77275,
					277.357 158.323 5.77275,
				]
			}
			coordIndex [
				0, 3, 2, 1, -1,
				4, 7, 3, 0, -1,
				7, 6, 2, 3, -1,
				6, 5, 1, 2, -1,
				5, 4, 0, 1, -1,
				4, 5, 6, 7, -1,
			]
			solid FALSE
		}
	}
#---------- SOLID: Collimator_44:0
	Shape {
		appearance Appearance {
			material Material {
				diffuseColor 1 1 1
				transparency 0.7
			}
		}
		geometry IndexedFaceSet {
			coord Coordinate {
				point [
					217.984 184.197 57.6014,
					179.385 221.961 57.6014,
					183.408 226.074 3.90881,
					222.008 188.31 3.90881,
					157.035 156.004 26.8874,
					152.532 160.41 26.8874,
					153.001 160.89 20.6232,
					157.504 156.484 20.6232,
					229.637 191.822 62.0746,
					186.749 233.782 62.0746,
					191.221 238.352 2.4162,
					234.109 196.392 2.4162,
					219.903 181.872 60.5828,
					177.015 223.831 60.5828,
					181.486 228.401 0.924411,
					224.374 186.442 0.924411,
					228.355 193.373 60.0846,
					188.326 232.536 60.0846,
					192.499 236.801 4.40343,
					232.528 197.639 4.40343,
					222.794 187.689 2.91174,
					218.621 183.424 58.5929,
					182.765 226.852 2.91174,
					178.592 222.586 58.5929,
					155.757 157.555 24.9004,
					154.113 159.163 24.9004,
					154.284 159.338 22.6135,
					155.928 157.73 22.6135,
					220.43 189.555 5.89933,
					216.704 185.747 55.6139,
					184.691 224.521 5.89933,
					180.965 220.713 55.6139,
					157.035 156.004 26.8872,
					152.532 160.41 26.8872,
					153.001 160.89 20.6231,
					157.504 156.484 20.6231,
					155.714 152.946 27.755,
					149.503 159.022 27.755,
					150.15 159.684 19.116,
					156.361 153.608 19.116,
					155.754 157.555 24.8985,
					154.11 159.164 24.8985,
					154.282 159.339 22.6116,
					155.926 157.73 22.6116,
					154.782 154.854 21.1045,
					154.433 154.497 25.7662,
					151.431 158.133 21.1045,
					151.082 157.776 25.7662,
				]
			}
			coordIndex [
				4, 7, 3, 0, -1,
				7, 6, 2, 3, -1,
				6, 5, 1, 2, -1,
				5, 4, 0, 1, -1,
				4, 5, 6, 7, -1,
				8, 11, 10, 9, -1,
				12, 15, 11, 8, -1,
				15, 14, 10, 11, -1,
				14, 13, 9, 10, -1,
				13, 12, 8, 9, -1,
				16, 17, 18, 19, -1,
				12, 13, 21, -1,
				23, 21, 13, -1,
				15, 12, 21, -1,
				22, 23, 13, -1,
				15, 21, 20, -1,
				22, 13, 14, -1,
				14, 15, 20, -1,
				20, 22, 14, -1,
				21, 16, 19, -1,
				19, 20, 21, -1,
				20, 19, 18, -1,
				18, 22, 20, -1,
				22, 18, 17, -1,
				17, 23, 22, -1,
				23, 17, 16, -1,
				16, 21, 23, -1,
				24, 27, 26, 25, -1,
				3, 30, 28, -1,
				30, 3, 2, -1,
				0, 3, 28, -1,
				31, 30, 2, -1,
				0, 28, 29, -1,
				31, 2, 1, -1,
				1, 0, 29, -1,
				29, 31, 1, -1,
				28, 27, 24, -1,
				24, 29, 28, -1,
				30, 26, 27, -1,
				27, 28, 30, -1,
				31, 25, 26, -1,
				26, 30, 31, -1,
				29, 24, 25, -1,
				25, 31, 29, -1,
				32, 35, 34, 33, -1,
				36, 39, 35, 32, -1,
				39, 38, 34, 35, -1,
				38, 37, 33, 34, -1,
				37, 36, 32, 33, -1,
				40, 41, 42, 43, -1,
				36, 37, 45, -1,
				47, 45, 37, -1,
				39, 36, 45, -1,
				46, 47, 37, -1,
				39, 45, 44, -1,
				46, 37, 38, -1,
				38, 39, 44, -1,
				44, 46, 38, -1,
				45, 40, 43, -1,
				43, 44, 45, -1,
				44, 43, 42, -1,
				42, 46, 44, -1,
				46, 42, 41, -1,
				41, 47, 46, -1,
				47, 41, 40, -1,
				40, 45, 47, -1,
			]
			solid FALSE
		}
	}
#---------- SOLID: DetectorCrystal_44:0
	Shape {
		appearance Appearance {
			material Material {
				diffuseColor 1 1 1
				transparency 0.7
			}
		}
		geometry IndexedFaceSet {
			coord Coordinate {
				point [
					223.657 192.856 56.6783,
					187.917 227.822 56.6783,
					191.643 231.63 6.96299,
					227.383 196.664 6.96299,
					216.703 185.748 55.6128,
					180.963 220.715 55.6128,
					184.689 224.523 5.89742,
					220.429 189.557 5.89742,
				]
			}
			coordIndex [
				0, 3, 2, 1, -1,
				4, 7, 3, 0, -1,
				7, 6, 2, 3, -1,
				6, 5, 1, 2, -1,
				5, 4, 0, 1, -1,
				4, 5, 6, 7, -1,
			]
			solid FALSE
		}
	}
#---------- SOLID: pixel_44_param:0
	Shape {
		appearance Appearance {
			material Material {
				diffuseColor 1 1 1
				transparency 0.7
			}
		}
		geometry IndexedFaceSet {
			coord Coordinate {
				point [
					223.657 192.856 56.6783,
					187.917 227.822 56.6783,
					191.643 231.63 6.96299,
					227.383 196.664 6.96299,
					216.703 185.748 55.6128,
					180.963 220.715 55.6128,
					184.689 224.523 5.89742,
					220.429 189.557 5.89742,
				]
			}
			coordIndex [
				0, 3, 2, 1, -1,
				4, 7, 3, 0, -1,
				7, 6, 2, 3, -1,
				6, 5, 1, 2, -1,
				5, 4, 0, 1, -1,
				4, 5, 6, 7, -1,
			]
			solid FALSE
		}
	}
#---------- SOLID: Collimator_45:0
	Shape {
		appearance Appearance {
			material Material {
				diffuseColor 1 1 1
				transparency 0.7
			}
		}
		geometry IndexedFaceSet {
			coord Coordinate {
				point [
					158.478 205.078 57.673,
					112.542 233.466 57.673,
					115.876 238.861 4.04677,
					161.812 210.473 4.04677,
					108.756 169.988 27.0353,
					103.397 173.3 27.0353,
					103.786 173.93 20.7789,
					109.145 170.618 20.7789,
					168.152 215.028 62.2951,
					117.112 246.57 62.2951,
					120.817 252.565 2.71032,
					171.856 221.022 2.71032,
					160.843 203.201 60.6508,
					109.803 234.744 60.6508,
					113.508 240.738 1.06606,
					164.547 209.195 1.06606,
					166.572 216.279 60.3075,
					118.935 245.719 60.3075,
					122.393 251.314 4.69509,
					170.03 221.874 4.69509,
					162.721 210.048 3.05094,
					159.264 204.453 58.6634,
					115.084 239.488 3.05094,
					111.626 233.893 58.6634,
					107.18 171.239 25.0506,
					105.224 172.449 25.0506,
					105.366 172.678 22.7665,
					107.322 171.469 22.7665,
					159.989 211.323 6.03468,
					156.901 206.328 55.6878,
					117.456 237.608 6.03468,
					114.369 232.613 55.6878,
					108.756 169.988 27.0351,
					103.397 173.3 27.0351,
					103.786 173.929 20.7787,
					109.145 170.617 20.7787,
					108.235 166.625 27.9988,
					100.622 171.33 27.9988,
					101.174 172.224 19.1104,
					108.788 167.519 19.1104,
					107.178 171.239 25.0488,
					105.222 172.448 25.0488,
					105.364 172.678 22.7648,
					107.32 171.469 22.7648,
					106.963 168.371 21.0964,
					106.657 167.876 26.0125,
					102.752 170.973 21.0964,
					102.446 170.478 26.0125,
				]
			}
			coordIndex [
				4, 7, 3, 0, -1,
				7, 6, 2, 3, -1,
				6, 5, 1, 2, -1,
				5, 4, 0, 1, -1,
				4, 5, 6, 7, -1,
				8, 11, 10, 9, -1,
				12, 15, 11, 8, -1,
				15, 14, 10, 11, -1,
				14, 13, 9, 10, -1,
				13, 12, 8, 9, -1,
				16, 17, 18, 19, -1,
				12, 13, 21, -1,
				23, 21, 13, -1,
				15, 12, 21, -1,
				22, 23, 13, -1,
				15, 21, 20, -1,
				22, 13, 14, -1,
				14, 15, 20, -1,
				20, 22, 14, -1,
				21, 16, 19, -1,
				19, 20, 21, -1,
				20, 19, 18, -1,
				18, 22, 20, -1,
				22, 18, 17, -1,
				17, 23, 22, -1,
				23, 17, 16, -1,
				16, 21, 23, -1,
				24, 27, 26, 25, -1,
				3, 30, 28, -1,
				30, 3, 2, -1,
				0, 3, 28, -1,
				31, 30, 2, -1,
				0, 28, 29, -1,
				31, 2, 1, -1,
				1, 0, 29, -1,
				29, 31, 1, -1,
				28, 27, 24, -1,
				24, 29, 28, -1,
				30, 26, 27, -1,
				27, 28, 30, -1,
				31, 25, 26, -1,
				26, 30, 31, -1,
				29, 24, 25, -1,
				25, 31, 29, -1,
				32, 35, 34, 33, -1,
				36, 39, 35, 32, -1,
				39, 38, 34, 35, -1,
				38, 37, 33, 34, -1,
				37, 36, 32, 33, -1,
				40, 41, 42, 43, -1,
				36, 37, 45, -1,
				47, 45, 37, -1,
				39, 36, 45, -1,
				46, 47, 37, -1,
				39, 45, 44, -1,
				46, 37, 38, -1,
				38, 39, 44, -1,
				44, 46, 38, -1,
				45, 40, 43, -1,
				43, 44, 45, -1,
				44, 43, 42, -1,
				42, 46, 44, -1,
				46, 42, 41, -1,
				41, 47, 46, -1,
				47, 41, 40, -1,
				40, 45, 47, -1,
			]
			solid FALSE
		}
	}
#---------- SOLID: DetectorCrystal_45:0
	Shape {
		appearance Appearance {
			material Material {
				diffuseColor 1 1 1
				transparency 0.7
			}
		}
		geometry IndexedFaceSet {
			coord Coordinate {
				point [
					162.121 214.777 56.8614,
					119.588 241.062 56.8614,
					122.675 246.057 7.2074,
					165.208 219.772 7.2074,
					156.9 206.329 55.6869,
					114.367 232.614 55.6869,
					117.454 237.61 6.03293,
					159.987 211.324 6.03293,
				]
			}
			coordIndex [
				0, 3, 2, 1, -1,
				4, 7, 3, 0, -1,
				7, 6, 2, 3, -1,
				6, 5, 1, 2, -1,
				5, 4, 0, 1, -1,
				4, 5, 6, 7, -1,
			]
			solid FALSE
		}
	}
#---------- SOLID: pixel_45_param:0
	Shape {
		appearance Appearance {
			material Material {
				diffuseColor 1 1 1
				transparency 0.7
			}
		}
		geometry IndexedFaceSet {
			coord Coordinate {
				point [
					162.121 214.777 56.8614,
					119.588 241.062 56.8614,
					122.675 246.057 7.2074,
					165.208 219.772 7.2074,
					156.9 206.329 55.6869,
					114.367 232.614 55.6869,
					117.454 237.61 6.03293,
					159.987 211.324 6.03293,
				]
			}
			coordIndex [
				0, 3, 2, 1, -1,
				4, 7, 3, 0, -1,
				7, 6, 2, 3, -1,
				6, 5, 1, 2, -1,
				5, 4, 0, 1, -1,
				4, 5, 6, 7, -1,
			]
			solid FALSE
		}
	}
#---------- SOLID: Collimator_46:0
	Shape {
		appearance Appearance {
			material Material {
				diffuseColor 1 1 1
				transparency 0.7
			}
		}
		geometry IndexedFaceSet {
			coord Coordinate {
				point [
					97.688 217.264 57.7353,
					46.2448 233.683 57.7353,
					48.3442 240.261 4.1785,
					99.7873 223.841 4.1785,
					59.6189 176.429 27.1806,
					53.6172 178.344 27.1806,
					53.8622 179.112 20.9324,
					59.8639 177.196 20.9324,
					104.649 229.213 62.4993,
					47.4904 247.457 62.4993,
					49.823 254.766 2.99178,
					106.982 236.522 2.99178,
					100.427 215.986 60.7093,
					43.2684 234.23 60.7093,
					45.6011 241.538 1.20177,
					102.76 223.294 1.20177,
					102.82 230.065 60.5143,
					49.4716 247.093 60.5143,
					51.6487 253.914 4.97397,
					104.997 236.886 4.97397,
					100.775 223.659 3.18408,
					98.5983 216.838 58.7245,
					47.427 240.687 3.18408,
					45.2499 233.866 58.7245,
					57.7932 177.281 25.1984,
					55.6021 177.98 25.1984,
					55.6915 178.26 22.9173,
					57.8826 177.561 22.9173,
					97.8054 224.205 6.16372,
					95.8616 218.115 55.7525,
					50.1737 239.408 6.16372,
					48.2298 233.318 55.7525,
					59.6191 176.428 27.1805,
					53.6174 178.344 27.1805,
					53.8623 179.111 20.9322,
					59.864 177.196 20.9322,
					60.0426 172.975 28.2386,
					51.2714 175.775 28.2386,
					51.6293 176.896 19.1069,
					60.4006 174.096 19.1069,
					57.7913 177.28 25.1967,
					55.6002 177.98 25.1967,
					55.6897 178.26 22.9156,
					57.8808 177.56 22.9156,
					58.4173 174.461 21.0904,
					58.2149 173.827 26.2548,
					53.4568 176.044 21.0904,
					53.2543 175.41 26.2548,
				]
			}
			coordIndex [
				4, 7, 3, 0, -1,
				7, 6, 2, 3, -1,
				6, 5, 1, 2, -1,
				5, 4, 0, 1, -1,
				4, 5, 6, 7, -1,
				8, 11, 10, 9, -1,
				12, 15, 11, 8, -1,
				15, 14, 10, 11, -1,
				14, 13, 9, 10, -1,
				13, 12, 8, 9, -1,
				16, 17, 18, 19, -1,
				12, 13, 21, -1,
				23, 21, 13, -1,
				15, 12, 21, -1,
				22, 23, 13, -1,
				15, 21, 20, -1,
				22, 13, 14, -1,
				14, 15, 20, -1,
				20, 22, 14, -1,
				21, 16, 19, -1,
				19, 20, 21, -1,
				20, 19, 18, -1,
				18, 22, 20, -1,
				22, 18, 17, -1,
				17, 23, 22, -1,
				23, 17, 16, -1,
				16, 21, 23, -1,
				24, 27, 26, 25, -1,
				3, 30, 28, -1,
				30, 3, 2, -1,
				0, 3, 28, -1,
				31, 30, 2, -1,
				0, 28, 29, -1,
				31, 2, 1, -1,
				1, 0, 29, -1,
				29, 31, 1, -1,
				28, 27, 24, -1,
				24, 29, 28, -1,
				30, 26, 27, -1,
				27, 28, 30, -1,
				31, 25, 26, -1,
				26, 30, 31, -1,
				29, 24, 25, -1,
				25, 31, 29, -1,
				32, 35, 34, 33, -1,
				36, 39, 35, 32, -1,
				39, 38, 34, 35, -1,
				38, 37, 33, 34, -1,
				37, 36, 32, 33, -1,
				40, 41, 42, 43, -1,
				36, 37, 45, -1,
				47, 45, 37, -1,
				39, 36, 45, -1,
				46, 47, 37, -1,
				39, 45, 44, -1,
				46, 37, 38, -1,
				38, 39, 44, -1,
				44, 46, 38, -1,
				45, 40, 43, -1,
				43, 44, 45, -1,
				44, 43, 42, -1,
				42, 46, 44, -1,
				46, 42, 41, -1,
				41, 47, 46, -1,
				47, 41, 40, -1,
				40, 45, 47, -1,
			]
			solid FALSE
		}
	}
#---------- SOLID: DetectorCrystal_46:0
	Shape {
		appearance Appearance {
			material Material {
				diffuseColor 1 1 1
				transparency 0.7
			}
		}
		geometry IndexedFaceSet {
			coord Coordinate {
				point [
					98.8761 227.564 57.0303,
					51.2436 242.767 57.0303,
					53.1875 248.857 7.44066,
					100.82 233.654 7.44066,
					95.8604 218.115 55.7517,
					48.2279 233.319 55.7517,
					50.1717 239.409 6.16208,
					97.8043 224.206 6.16208,
				]
			}
			coordIndex [
				0, 3, 2, 1, -1,
				4, 7, 3, 0, -1,
				7, 6, 2, 3, -1,
				6, 5, 1, 2, -1,
				5, 4, 0, 1, -1,
				4, 5, 6, 7, -1,
			]
			solid FALSE
		}
	}
#---------- SOLID: pixel_46_param:0
	Shape {
		appearance Appearance {
			material Material {
				diffuseColor 1 1 1
				transparency 0.7
			}
		}
		geometry IndexedFaceSet {
			coord Coordinate {
				point [
					98.8761 227.564 57.0303,
					51.2436 242.767 57.0303,
					53.1875 248.857 7.44066,
					100.82 233.654 7.44066,
					95.8604 218.115 55.7517,
					48.2279 233.319 55.7517,
					50.1717 239.409 6.16208,
					97.8043 224.206 6.16208,
				]
			}
			coordIndex [
				0, 3, 2, 1, -1,
				4, 7, 3, 0, -1,
				7, 6, 2, 3, -1,
				6, 5, 1, 2, -1,
				5, 4, 0, 1, -1,
				4, 5, 6, 7, -1,
			]
			solid FALSE
		}
	}
#---------- SOLID: Collimator_47:0
	Shape {
		appearance Appearance {
			material Material {
				diffuseColor 1 1 1
				transparency 0.7
			}
		}
		geometry IndexedFaceSet {
			coord Coordinate {
				point [
					36.2601 221.443 57.7784,
					-17.693 223.694 57.7784,
					-17.3874 231.019 4.27841,
					36.5657 228.768 4.27841,
					10.4809 175.688 27.2936,
					4.18633 175.95 27.2936,
					4.22198 176.805 21.052,
					10.5165 176.542 21.052,
					39.8169 234.769 62.65,
					-20.131 237.269 62.65,
					-19.7915 245.408 3.20555,
					40.1564 242.908 3.20555,
					39.2388 220.911 60.7493,
					-20.709 223.411 60.7493,
					-20.3696 231.55 1.30483,
					39.5783 229.05 1.30483,
					37.8282 235.123 60.6671,
					-18.1232 237.457 60.6671,
					-17.8063 245.053 5.18563,
					38.145 242.719 5.18563,
					37.567 228.862 3.28504,
					37.2502 221.266 58.7665,
					-18.3843 231.196 3.28504,
					-18.7012 223.599 58.7665,
					8.49551 176.043 25.3134,
					6.1975 176.139 25.3134,
					6.21052 176.451 23.0347,
					8.50852 176.355 23.0347,
					34.5572 228.58 6.26144,
					34.2743 221.798 55.7977,
					-15.3985 230.664 6.26144,
					-15.6814 223.882 55.7977,
					10.4811 175.687 27.2934,
					4.18654 175.95 27.2934,
					4.22218 176.804 21.0518,
					10.5167 176.542 21.0518,
					11.9006 172.442 28.4253,
					2.50164 172.834 28.4253,
					2.55487 174.11 19.1053,
					11.9539 173.718 19.1053,
					8.49395 176.042 25.3118,
					6.19595 176.138 25.3118,
					6.20896 176.45 23.0331,
					8.50696 176.354 23.0331,
					9.94408 173.53 21.0867,
					9.91349 172.797 26.4437,
					4.54169 173.756 21.0867,
					4.5111 173.022 26.4437,
				]
			}
			coordIndex [
				4, 7, 3, 0, -1,
				7, 6, 2, 3, -1,
				6, 5, 1, 2, -1,
				5, 4, 0, 1, -1,
				4, 5, 6, 7, -1,
				8, 11, 10, 9, -1,
				12, 15, 11, 8, -1,
				15, 14, 10, 11, -1,
				14, 13, 9, 10, -1,
				13, 12, 8, 9, -1,
				16, 17, 18, 19, -1,
				12, 13, 21, -1,
				23, 21, 13, -1,
				15, 12, 21, -1,
				22, 23, 13, -1,
				15, 21, 20, -1,
				22, 13, 14, -1,
				14, 15, 20, -1,
				20, 22, 14, -1,
				21, 16, 19, -1,
				19, 20, 21, -1,
				20, 19, 18, -1,
				18, 22, 20, -1,
				22, 18, 17, -1,
				17, 23, 22, -1,
				23, 17, 16, -1,
				16, 21, 23, -1,
				24, 27, 26, 25, -1,
				3, 30, 28, -1,
				30, 3, 2, -1,
				0, 3, 28, -1,
				31, 30, 2, -1,
				0, 28, 29, -1,
				31, 2, 1, -1,
				1, 0, 29, -1,
				29, 31, 1, -1,
				28, 27, 24, -1,
				24, 29, 28, -1,
				30, 26, 27, -1,
				27, 28, 30, -1,
				31, 25, 26, -1,
				26, 30, 31, -1,
				29, 24, 25, -1,
				25, 31, 29, -1,
				32, 35, 34, 33, -1,
				36, 39, 35, 32, -1,
				39, 38, 34, 35, -1,
				38, 37, 33, 34, -1,
				37, 36, 32, 33, -1,
				40, 41, 42, 43, -1,
				36, 37, 45, -1,
				47, 45, 37, -1,
				39, 36, 45, -1,
				46, 47, 37, -1,
				39, 45, 44, -1,
				46, 37, 38, -1,
				38, 39, 44, -1,
				44, 46, 38, -1,
				45, 40, 43, -1,
				43, 44, 45, -1,
				44, 43, 42, -1,
				42, 46, 44, -1,
				46, 42, 41, -1,
				41, 47, 46, -1,
				47, 41, 40, -1,
				40, 45, 47, -1,
			]
			solid FALSE
		}
	}
#---------- SOLID: DetectorCrystal_47:0
	Shape {
		appearance Appearance {
			material Material {
				diffuseColor 1 1 1
				transparency 0.7
			}
		}
		geometry IndexedFaceSet {
			coord Coordinate {
				point [
					34.6861 231.697 57.1546,
					-15.2705 233.78 57.1546,
					-14.9876 240.563 7.61755,
					34.969 238.479 7.61755,
					34.2732 221.798 55.7969,
					-15.6834 223.882 55.7969,
					-15.4005 230.664 6.25989,
					34.5561 228.58 6.25989,
				]
			}
			coordIndex [
				0, 3, 2, 1, -1,
				4, 7, 3, 0, -1,
				7, 6, 2, 3, -1,
				6, 5, 1, 2, -1,
				5, 4, 0, 1, -1,
				4, 5, 6, 7, -1,
			]
			solid FALSE
		}
	}
#---------- SOLID: pixel_47_param:0
	Shape {
		appearance Appearance {
			material Material {
				diffuseColor 1 1 1
				transparency 0.7
			}
		}
		geometry IndexedFaceSet {
			coord Coordinate {
				point [
					34.6861 231.697 57.1546,
					-15.2705 233.78 57.1546,
					-14.9876 240.563 7.61755,
					34.969 238.479 7.61755,
					34.2732 221.798 55.7969,
					-15.6834 223.882 55.7969,
					-15.4005 230.664 6.25989,
					34.5561 228.58 6.25989,
				]
			}
			coordIndex [
				0, 3, 2, 1, -1,
				4, 7, 3, 0, -1,
				7, 6, 2, 3, -1,
				6, 5, 1, 2, -1,
				5, 4, 0, 1, -1,
				4, 5, 6, 7, -1,
			]
			solid FALSE
		}
	}
#---------- SOLID: Collimator_48:0
	Shape {
		appearance Appearance {
			material Material {
				diffuseColor 1 1 1
				transparency 0.7
			}
		}
		geometry IndexedFaceSet {
			coord Coordinate {
				point [
					-26.4366 217.442 57.7955,
					-78.8297 204.366 57.7955,
					-80.6483 211.654 4.32035,
					-28.2551 224.729 4.32035,
					-38.596 167.666 27.3418,
					-44.7085 166.14 27.3418,
					-44.9206 166.99 21.103,
					-38.8081 168.516 21.103,
					-26.7832 231.213 62.7122,
					-84.9977 216.685 62.7122,
					-87.0184 224.782 3.29537,
					-28.8038 239.31 3.29537,
					-23.4262 217.762 60.765,
					-81.6408 203.234 60.765,
					-83.6615 211.331 1.34815,
					-25.4469 225.859 1.34815,
					-28.7925 230.998 60.7302,
					-83.1261 217.438 60.7302,
					-85.0121 224.995 5.27453,
					-30.6784 238.555 5.27453,
					-27.3218 225.104 3.32744,
					-25.4358 217.547 58.7831,
					-81.6554 211.545 3.32744,
					-79.7694 203.988 58.7831,
					-40.6025 167.452 25.3625,
					-42.834 166.895 25.3625,
					-42.9115 167.206 23.0848,
					-40.6799 167.763 23.0848,
					-30.1271 223.975 6.30246,
					-28.4433 217.227 55.8156,
					-78.6385 211.868 6.30246,
					-76.9546 205.121 55.8156,
					-38.5957 167.665 27.3416,
					-44.7082 166.14 27.3416,
					-44.9204 166.99 21.1028,
					-38.8078 168.516 21.1028,
					-36.2738 164.954 28.5051,
					-45.4839 162.656 28.5051,
					-45.8036 163.937 19.1048,
					-36.5935 166.235 19.1048,
					-40.6037 167.451 25.3609,
					-42.8352 166.894 25.3609,
					-42.9127 167.204 23.0832,
					-40.6811 167.761 23.0832,
					-38.4668 165.481 21.0853,
					-38.2819 164.74 26.5244,
					-43.7959 164.151 21.0853,
					-43.6109 163.41 26.5244,
				]
			}
			coordIndex [
				4, 7, 3, 0, -1,
				7, 6, 2, 3, -1,
				6, 5, 1, 2, -1,
				5, 4, 0, 1, -1,
				4, 5, 6, 7, -1,
				8, 11, 10, 9, -1,
				12, 15, 11, 8, -1,
				15, 14, 10, 11, -1,
				14, 13, 9, 10, -1,
				13, 12, 8, 9, -1,
				16, 17, 18, 19, -1,
				12, 13, 21, -1,
				23, 21, 13, -1,
				15, 12, 21, -1,
				22, 23, 13, -1,
				15, 21, 20, -1,
				22, 13, 14, -1,
				14, 15, 20, -1,
				20, 22, 14, -1,
				21, 16, 19, -1,
				19, 20, 21, -1,
				20, 19, 18, -1,
				18, 22, 20, -1,
				22, 18, 17, -1,
				17, 23, 22, -1,
				23, 17, 16, -1,
				16, 21, 23, -1,
				24, 27, 26, 25, -1,
				3, 30, 28, -1,
				30, 3, 2, -1,
				0, 3, 28, -1,
				31, 30, 2, -1,
				0, 28, 29, -1,
				31, 2, 1, -1,
				1, 0, 29, -1,
				29, 31, 1, -1,
				28, 27, 24, -1,
				24, 29, 28, -1,
				30, 26, 27, -1,
				27, 28, 30, -1,
				31, 25, 26, -1,
				26, 30, 31, -1,
				29, 24, 25, -1,
				25, 31, 29, -1,
				32, 35, 34, 33, -1,
				36, 39, 35, 32, -1,
				39, 38, 34, 35, -1,
				38, 37, 33, 34, -1,
				37, 36, 32, 33, -1,
				40, 41, 42, 43, -1,
				36, 37, 45, -1,
				47, 45, 37, -1,
				39, 36, 45, -1,
				46, 47, 37, -1,
				39, 45, 44, -1,
				46, 37, 38, -1,
				38, 39, 44, -1,
				44, 46, 38, -1,
				45, 40, 43, -1,
				43, 44, 45, -1,
				44, 43, 42, -1,
				42, 46, 44, -1,
				46, 42, 41, -1,
				41, 47, 46, -1,
				47, 41, 40, -1,
				40, 45, 47, -1,
			]
			solid FALSE
		}
	}
#---------- SOLID: DetectorCrystal_48:0
	Shape {
		appearance Appearance {
			material Material {
				diffuseColor 1 1 1
				transparency 0.7
			}
		}
		geometry IndexedFaceSet {
			coord Coordinate {
				point [
					-30.8422 226.835 57.2058,
					-79.3543 214.729 57.2058,
					-81.0382 221.476 7.69178,
					-32.5261 233.583 7.69178,
					-28.4444 217.227 55.8149,
					-76.9565 205.12 55.8149,
					-78.6404 211.868 6.30091,
					-30.1283 223.975 6.30091,
				]
			}
			coordIndex [
				0, 3, 2, 1, -1,
				4, 7, 3, 0, -1,
				7, 6, 2, 3, -1,
				6, 5, 1, 2, -1,
				5, 4, 0, 1, -1,
				4, 5, 6, 7, -1,
			]
			solid FALSE
		}
	}
#---------- SOLID: pixel_48_param:0
	Shape {
		appearance Appearance {
			material Material {
				diffuseColor 1 1 1
				transparency 0.7
			}
		}
		geometry IndexedFaceSet {
			coord Coordinate {
				point [
					-30.8422 226.835 57.2058,
					-79.3543 214.729 57.2058,
					-81.0382 221.476 7.69178,
					-32.5261 233.583 7.69178,
					-28.4444 217.227 55.8149,
					-76.9565 205.12 55.8149,
					-78.6404 211.868 6.30091,
					-30.1283 223.975 6.30091,
				]
			}
			coordIndex [
				0, 3, 2, 1, -1,
				4, 7, 3, 0, -1,
				7, 6, 2, 3, -1,
				6, 5, 1, 2, -1,
				5, 4, 0, 1, -1,
				4, 5, 6, 7, -1,
			]
			solid FALSE
		}
	}
#---------- SOLID: Collimator_49:0
	Shape {
		appearance Appearance {
			material Material {
				diffuseColor 1 1 1
				transparency 0.7
			}
		}
		geometry IndexedFaceSet {
			coord Coordinate {
				point [
					-89.1552 204.067 57.7839,
					-135.653 176.608 57.7839,
					-139.409 182.969 4.29158,
					-92.9117 210.428 4.29158,
					-86.1308 152.043 27.3087,
					-91.5555 148.84 27.3087,
					-91.9938 149.582 21.0679,
					-86.5691 152.785 21.0679,
					-93.4165 217.179 62.6696,
					-145.08 186.669 62.6696,
					-149.254 193.737 3.23369,
					-97.5904 224.247 3.23369,
					-86.3644 205.238 60.7543,
					-138.028 174.728 60.7543,
					-142.202 181.796 1.31843,
					-90.5383 212.306 1.31843,
					-95.2788 216.397 60.687,
					-143.498 187.921 60.687,
					-147.394 194.517 5.21348,
					-99.1745 222.993 5.21348,
					-92.1229 211.052 3.29835,
					-88.2273 204.456 58.7718,
					-140.342 182.576 3.29835,
					-136.447 175.98 58.7718,
					-87.9911 151.263 25.3287,
					-89.9715 150.094 25.3287,
					-90.1315 150.365 23.0504,
					-88.1511 151.534 23.0504,
					-94.4936 209.176 6.27431,
					-91.0154 203.286 55.8034,
					-137.546 183.752 6.27431,
					-134.068 177.862 55.8034,
					-86.1305 152.043 27.3085,
					-91.5552 148.84 27.3085,
					-91.9935 149.582 21.0677,
					-86.5688 152.785 21.0677,
					-83.1612 150.096 28.4502,
					-91.2842 145.299 28.4502,
					-91.9405 146.411 19.1051,
					-83.8174 151.208 19.1051,
					-87.9919 151.262 25.3272,
					-89.9723 150.092 25.3272,
					-90.1323 150.363 23.0488,
					-88.1519 151.533 23.0488,
					-85.4006 149.955 21.0863,
					-85.0226 149.315 26.4689,
					-90.0793 147.192 21.0863,
					-89.7013 146.552 26.4689,
				]
			}
			coordIndex [
				4, 7, 3, 0, -1,
				7, 6, 2, 3, -1,
				6, 5, 1, 2, -1,
				5, 4, 0, 1, -1,
				4, 5, 6, 7, -1,
				8, 11, 10, 9, -1,
				12, 15, 11, 8, -1,
				15, 14, 10, 11, -1,
				14, 13, 9, 10, -1,
				13, 12, 8, 9, -1,
				16, 17, 18, 19, -1,
				12, 13, 21, -1,
				23, 21, 13, -1,
				15, 12, 21, -1,
				22, 23, 13, -1,
				15, 21, 20, -1,
				22, 13, 14, -1,
				14, 15, 20, -1,
				20, 22, 14, -1,
				21, 16, 19, -1,
				19, 20, 21, -1,
				20, 19, 18, -1,
				18, 22, 20, -1,
				22, 18, 17, -1,
				17, 23, 22, -1,
				23, 17, 16, -1,
				16, 21, 23, -1,
				24, 27, 26, 25, -1,
				3, 30, 28, -1,
				30, 3, 2, -1,
				0, 3, 28, -1,
				31, 30, 2, -1,
				0, 28, 29, -1,
				31, 2, 1, -1,
				1, 0, 29, -1,
				29, 31, 1, -1,
				28, 27, 24, -1,
				24, 29, 28, -1,
				30, 26, 27, -1,
				27, 28, 30, -1,
				31, 25, 26, -1,
				26, 30, 31, -1,
				29, 24, 25, -1,
				25, 31, 29, -1,
				32, 35, 34, 33, -1,
				36, 39, 35, 32, -1,
				39, 38, 34, 35, -1,
				38, 37, 33, 34, -1,
				37, 36, 32, 33, -1,
				40, 41, 42, 43, -1,
				36, 37, 45, -1,
				47, 45, 37, -1,
				39, 36, 45, -1,
				46, 47, 37, -1,
				39, 45, 44, -1,
				46, 37, 38, -1,
				38, 39, 44, -1,
				44, 46, 38, -1,
				45, 40, 43, -1,
				43, 44, 45, -1,
				44, 43, 42, -1,
				42, 46, 44, -1,
				46, 42, 41, -1,
				41, 47, 46, -1,
				47, 41, 40, -1,
				40, 45, 47, -1,
			]
			solid FALSE
		}
	}
#---------- SOLID: DetectorCrystal_49:0
	Shape {
		appearance Appearance {
			material Material {
				diffuseColor 1 1 1
				transparency 0.7
			}
		}
		geometry IndexedFaceSet {
			coord Coordinate {
				point [
					-96.0537 211.816 57.1707,
					-139.107 186.391 57.1707,
					-142.585 192.28 7.64082,
					-99.5319 217.705 7.64082,
					-91.0165 203.286 55.8027,
					-134.07 177.861 55.8027,
					-137.548 183.751 6.27277,
					-94.4947 209.176 6.27277,
				]
			}
			coordIndex [
				0, 3, 2, 1, -1,
				4, 7, 3, 0, -1,
				7, 6, 2, 3, -1,
				6, 5, 1, 2, -1,
				5, 4, 0, 1, -1,
				4, 5, 6, 7, -1,
			]
			solid FALSE
		}
	}
#---------- SOLID: pixel_49_param:0
	Shape {
		appearance Appearance {
			material Material {
				diffuseColor 1 1 1
				transparency 0.7
			}
		}
		geometry IndexedFaceSet {
			coord Coordinate {
				point [
					-96.0537 211.816 57.1707,
					-139.107 186.391 57.1707,
					-142.585 192.28 7.64082,
					-99.5319 217.705 7.64082,
					-91.0165 203.286 55.8027,
					-134.07 177.861 55.8027,
					-137.548 183.751 6.27277,
					-94.4947 209.176 6.27277,
				]
			}
			coordIndex [
				0, 3, 2, 1, -1,
				4, 7, 3, 0, -1,
				7, 6, 2, 3, -1,
				6, 5, 1, 2, -1,
				5, 4, 0, 1, -1,
				4, 5, 6, 7, -1,
			]
			solid FALSE
		}
	}
#---------- SOLID: Collimator_50:0
	Shape {
		appearance Appearance {
			material Material {
				diffuseColor 1 1 1
				transparency 0.7
			}
		}
		geometry IndexedFaceSet {
			coord Coordinate {
				point [
					-148.974 180.301 57.7486,
					-186.353 141.33 57.7486,
					-191.429 146.198 4.20853,
					-154.049 185.17 4.20853,
					-129.884 128.944 27.2144,
					-134.245 124.398 27.2144,
					-134.838 124.966 20.968,
					-130.477 129.512 20.968,
					-156.633 191.803 62.545,
					-198.166 148.501 62.545,
					-203.806 153.91 3.05605,
					-162.273 197.212 3.05605,
					-146.616 182.194 60.7217,
					-188.149 138.893 60.7217,
					-193.788 144.302 1.23273,
					-152.255 187.603 1.23273,
					-158.206 190.538 60.5607,
					-196.97 150.123 60.5607,
					-202.234 155.172 5.03761,
					-163.47 195.586 5.03761,
					-153.453 185.979 3.21442,
					-148.189 180.93 58.7375,
					-192.217 145.564 3.21442,
					-186.954 140.515 58.7375,
					-131.456 127.683 25.2327,
					-133.048 126.023 25.2327,
					-133.265 126.23 22.9523,
					-131.672 127.89 22.9523,
					-155.245 183.547 6.1931,
					-150.545 179.039 55.7664,
					-189.855 147.463 6.1931,
					-185.155 142.955 55.7664,
					-129.884 128.944 27.2142,
					-134.245 124.398 27.2142,
					-134.837 124.966 20.9678,
					-130.476 129.512 20.9678,
					-126.571 127.822 28.2943,
					-132.986 121.134 28.2943,
					-133.857 121.97 19.1063,
					-127.442 128.658 19.1063,
					-131.457 127.681 25.2311,
					-133.049 126.021 25.2311,
					-133.265 126.229 22.9507,
					-131.673 127.888 22.9507,
					-128.639 127.034 21.0892,
					-128.144 126.559 26.3112,
					-132.285 123.233 21.0892,
					-131.79 122.758 26.3112,
				]
			}
			coordIndex [
				4, 7, 3, 0, -1,
				7, 6, 2, 3, -1,
				6, 5, 1, 2, -1,
				5, 4, 0, 1, -1,
				4, 5, 6, 7, -1,
				8, 11, 10, 9, -1,
				12, 15, 11, 8, -1,
				15, 14, 10, 11, -1,
				14, 13, 9, 10, -1,
				13, 12, 8, 9, -1,
				16, 17, 18, 19, -1,
				12, 13, 21, -1,
				23, 21, 13, -1,
				15, 12, 21, -1,
				22, 23, 13, -1,
				15, 21, 20, -1,
				22, 13, 14, -1,
				14, 15, 20, -1,
				20, 22, 14, -1,
				21, 16, 19, -1,
				19, 20, 21, -1,
				20, 19, 18, -1,
				18, 22, 20, -1,
				22, 18, 17, -1,
				17, 23, 22, -1,
				23, 17, 16, -1,
				16, 21, 23, -1,
				24, 27, 26, 25, -1,
				3, 30, 28, -1,
				30, 3, 2, -1,
				0, 3, 28, -1,
				31, 30, 2, -1,
				0, 28, 29, -1,
				31, 2, 1, -1,
				1, 0, 29, -1,
				29, 31, 1, -1,
				28, 27, 24, -1,
				24, 29, 28, -1,
				30, 26, 27, -1,
				27, 28, 30, -1,
				31, 25, 26, -1,
				26, 30, 31, -1,
				29, 24, 25, -1,
				25, 31, 29, -1,
				32, 35, 34, 33, -1,
				36, 39, 35, 32, -1,
				39, 38, 34, 35, -1,
				38, 37, 33, 34, -1,
				37, 36, 32, 33, -1,
				40, 41, 42, 43, -1,
				36, 37, 45, -1,
				47, 45, 37, -1,
				39, 36, 45, -1,
				46, 47, 37, -1,
				39, 45, 44, -1,
				46, 37, 38, -1,
				38, 39, 44, -1,
				44, 46, 38, -1,
				45, 40, 43, -1,
				43, 44, 45, -1,
				44, 43, 42, -1,
				42, 46, 44, -1,
				46, 42, 41, -1,
				41, 47, 46, -1,
				47, 41, 40, -1,
				40, 45, 47, -1,
			]
			solid FALSE
		}
	}
#---------- SOLID: DetectorCrystal_50:0
	Shape {
		appearance Appearance {
			material Material {
				diffuseColor 1 1 1
				transparency 0.7
			}
		}
		geometry IndexedFaceSet {
			coord Coordinate {
				point [
					-157.702 185.901 57.068,
					-192.312 149.817 57.068,
					-197.012 154.325 7.49386,
					-162.401 190.409 7.49386,
					-150.546 179.038 55.7656,
					-185.157 142.954 55.7656,
					-189.856 147.461 6.19149,
					-155.246 183.546 6.19149,
				]
			}
			coordIndex [
				0, 3, 2, 1, -1,
				4, 7, 3, 0, -1,
				7, 6, 2, 3, -1,
				6, 5, 1, 2, -1,
				5, 4, 0, 1, -1,
				4, 5, 6, 7, -1,
			]
			solid FALSE
		}
	}
#---------- SOLID: pixel_50_param:0
	Shape {
		appearance Appearance {
			material Material {
				diffuseColor 1 1 1
				transparency 0.7
			}
		}
		geometry IndexedFaceSet {
			coord Coordinate {
				point [
					-157.702 185.901 57.068,
					-192.312 149.817 57.068,
					-197.012 154.325 7.49386,
					-162.401 190.409 7.49386,
					-150.546 179.038 55.7656,
					-185.157 142.954 55.7656,
					-189.856 147.461 6.19149,
					-155.246 183.546 6.19149,
				]
			}
			coordIndex [
				0, 3, 2, 1, -1,
				4, 7, 3, 0, -1,
				7, 6, 2, 3, -1,
				6, 5, 1, 2, -1,
				5, 4, 0, 1, -1,
				4, 5, 6, 7, -1,
			]
			solid FALSE
		}
	}
#---------- SOLID: Collimator_51:0
	Shape {
		appearance Appearance {
			material Material {
				diffuseColor 1 1 1
				transparency 0.7
			}
		}
		geometry IndexedFaceSet {
			coord Coordinate {
				point [
					-203.744 145.161 57.6993,
					-230.148 98.0563 57.6993,
					-235.881 101.27 4.10076,
					-209.477 148.374 4.10076,
					-168.624 98.133 27.0944,
					-171.705 92.6375 27.0944,
					-172.374 93.0124 20.8412,
					-169.293 98.5079 20.8412,
					-214.08 154.392 62.3795,
					-243.418 102.054 62.3795,
					-249.788 105.624 2.82561,
					-220.45 157.962 2.82561,
					-201.959 147.597 60.6756,
					-231.297 95.2589 60.6756,
					-237.667 98.8297 1.12165,
					-208.329 151.168 1.12165,
					-215.271 152.764 60.393,
					-242.653 103.915 60.393,
					-248.598 107.248 4.80935,
					-221.216 156.097 4.80935,
					-209.095 149.303 3.1055,
					-203.15 145.97 58.6892,
					-236.478 100.454 3.1055,
					-230.532 97.1211 58.6892,
					-169.814 96.5094 25.1107,
					-170.939 94.5031 25.1107,
					-171.183 94.6399 22.8278,
					-170.059 96.6462 22.8278,
					-210.242 146.512 6.0876,
					-204.933 143.536 55.7151,
					-234.69 102.897 6.0876,
					-229.381 99.9218 55.7151,
					-168.624 98.1331 27.0942,
					-171.704 92.6376 27.0942,
					-172.373 93.0125 20.841,
					-169.293 98.508 20.841,
					-165.207 97.7966 28.0962,
					-169.634 89.8981 28.0962,
					-170.596 90.437 19.1088,
					-166.168 98.3355 19.1088,
					-169.814 96.5073 25.1089,
					-170.939 94.501 25.1089,
					-171.183 94.6379 22.826,
					-170.058 96.6442 22.826,
					-166.934 96.4717 21.0938,
					-166.397 96.1708 26.1109,
					-169.405 92.0625 21.0938,
					-168.869 91.7616 26.1109,
				]
			}
			coordIndex [
				4, 7, 3, 0, -1,
				7, 6, 2, 3, -1,
				6, 5, 1, 2, -1,
				5, 4, 0, 1, -1,
				4, 5, 6, 7, -1,
				8, 11, 10, 9, -1,
				12, 15, 11, 8, -1,
				15, 14, 10, 11, -1,
				14, 13, 9, 10, -1,
				13, 12, 8, 9, -1,
				16, 17, 18, 19, -1,
				12, 13, 21, -1,
				23, 21, 13, -1,
				15, 12, 21, -1,
				22, 23, 13, -1,
				15, 21, 20, -1,
				22, 13, 14, -1,
				14, 15, 20, -1,
				20, 22, 14, -1,
				21, 16, 19, -1,
				19, 20, 21, -1,
				20, 19, 18, -1,
				18, 22, 20, -1,
				22, 18, 17, -1,
				17, 23, 22, -1,
				23, 17, 16, -1,
				16, 21, 23, -1,
				24, 27, 26, 25, -1,
				3, 30, 28, -1,
				30, 3, 2, -1,
				0, 3, 28, -1,
				31, 30, 2, -1,
				0, 28, 29, -1,
				31, 2, 1, -1,
				1, 0, 29, -1,
				29, 31, 1, -1,
				28, 27, 24, -1,
				24, 29, 28, -1,
				30, 26, 27, -1,
				27, 28, 30, -1,
				31, 25, 26, -1,
				26, 30, 31, -1,
				29, 24, 25, -1,
				25, 31, 29, -1,
				32, 35, 34, 33, -1,
				36, 39, 35, 32, -1,
				39, 38, 34, 35, -1,
				38, 37, 33, 34, -1,
				37, 36, 32, 33, -1,
				40, 41, 42, 43, -1,
				36, 37, 45, -1,
				47, 45, 37, -1,
				39, 36, 45, -1,
				46, 47, 37, -1,
				39, 45, 44, -1,
				46, 37, 38, -1,
				38, 39, 44, -1,
				44, 46, 38, -1,
				45, 40, 43, -1,
				43, 44, 45, -1,
				44, 43, 42, -1,
				42, 46, 44, -1,
				46, 42, 41, -1,
				41, 47, 46, -1,
				47, 41, 40, -1,
				40, 45, 47, -1,
			]
			solid FALSE
		}
	}
#---------- SOLID: DetectorCrystal_51:0
	Shape {
		appearance Appearance {
			material Material {
				diffuseColor 1 1 1
				transparency 0.7
			}
		}
		geometry IndexedFaceSet {
			coord Coordinate {
				point [
					-213.592 148.388 56.9313,
					-238.041 104.773 56.9313,
					-243.349 107.749 7.30301,
					-218.901 151.364 7.30301,
					-204.934 143.535 55.7142,
					-229.383 99.9199 55.7142,
					-234.691 102.896 6.08589,
					-210.243 146.511 6.08589,
				]
			}
			coordIndex [
				0, 3, 2, 1, -1,
				4, 7, 3, 0, -1,
				7, 6, 2, 3, -1,
				6, 5, 1, 2, -1,
				5, 4, 0, 1, -1,
				4, 5, 6, 7, -1,
			]
			solid FALSE
		}
	}
#---------- SOLID: pixel_51_param:0
	Shape {
		appearance Appearance {
			material Material {
				diffuseColor 1 1 1
				transparency 0.7
			}
		}
		geometry IndexedFaceSet {
			coord Coordinate {
				point [
					-213.592 148.388 56.9313,
					-238.041 104.773 56.9313,
					-243.349 107.749 7.30301,
					-218.901 151.364 7.30301,
					-204.934 143.535 55.7142,
					-229.383 99.9199 55.7142,
					-234.691 102.896 6.08589,
					-210.243 146.511 6.08589,
				]
			}
			coordIndex [
				0, 3, 2, 1, -1,
				4, 7, 3, 0, -1,
				7, 6, 2, 3, -1,
				6, 5, 1, 2, -1,
				5, 4, 0, 1, -1,
				4, 5, 6, 7, -1,
			]
			solid FALSE
		}
	}
#---------- SOLID: Collimator_52:0
	Shape {
		appearance Appearance {
			material Material {
				diffuseColor 1 1 1
				transparency 0.7
			}
		}
		geometry IndexedFaceSet {
			coord Coordinate {
				point [
					-249.795 98.78 57.6464,
					-264.504 46.8221 57.6464,
					-270.39 48.4885 3.99402,
					-255.681 100.446 3.99402,
					-200.057 59.9114 26.9782,
					-201.773 53.8497 26.9782,
					-202.459 54.0441 20.7188,
					-200.743 60.1058 20.7188,
					-262.034 105.361 62.2116,
					-278.378 47.63 62.2116,
					-284.918 49.4815 2.59779,
					-268.574 107.213 2.59779,
					-248.65 101.572 60.6256,
					-264.994 43.841 60.6256,
					-271.534 45.6925 1.01184,
					-255.19 103.423 1.01184,
					-262.796 103.497 60.223,
					-278.051 49.6142 60.223,
					-284.155 51.3423 4.58353,
					-268.9 105.225 4.58353,
					-255.517 101.436 2.99769,
					-249.414 99.7077 58.6372,
					-270.772 47.5535 2.99769,
					-264.668 45.8254 58.6372,
					-200.82 58.0508 24.9926,
					-201.446 55.8378 24.9926,
					-201.697 55.9088 22.7074,
					-201.07 58.1218 22.7074,
					-256.007 98.4617 5.98295,
					-250.557 96.9188 55.6603,
					-269.627 50.3533 5.98295,
					-264.177 48.8104 55.6603,
					-200.056 59.9115 26.978,
					-201.772 53.8498 26.978,
					-202.459 54.0442 20.7186,
					-200.743 60.1059 20.7186,
					-196.702 60.2868 27.9047,
					-199.113 51.772 27.9047,
					-200.077 52.0451 19.1122,
					-197.667 60.5599 19.1122,
					-200.819 58.0487 24.9908,
					-201.446 55.8357 24.9908,
					-201.696 55.9067 22.7056,
					-201.07 58.1197 22.7056,
					-197.994 58.5736 21.0993,
					-197.465 58.424 25.9174,
					-199.315 53.9076 21.0993,
					-198.786 53.758 25.9174,
				]
			}
			coordIndex [
				4, 7, 3, 0, -1,
				7, 6, 2, 3, -1,
				6, 5, 1, 2, -1,
				5, 4, 0, 1, -1,
				4, 5, 6, 7, -1,
				8, 11, 10, 9, -1,
				12, 15, 11, 8, -1,
				15, 14, 10, 11, -1,
				14, 13, 9, 10, -1,
				13, 12, 8, 9, -1,
				16, 17, 18, 19, -1,
				12, 13, 21, -1,
				23, 21, 13, -1,
				15, 12, 21, -1,
				22, 23, 13, -1,
				15, 21, 20, -1,
				22, 13, 14, -1,
				14, 15, 20, -1,
				20, 22, 14, -1,
				21, 16, 19, -1,
				19, 20, 21, -1,
				20, 19, 18, -1,
				18, 22, 20, -1,
				22, 18, 17, -1,
				17, 23, 22, -1,
				23, 17, 16, -1,
				16, 21, 23, -1,
				24, 27, 26, 25, -1,
				3, 30, 28, -1,
				30, 3, 2, -1,
				0, 3, 28, -1,
				31, 30, 2, -1,
				0, 28, 29, -1,
				31, 2, 1, -1,
				1, 0, 29, -1,
				29, 31, 1, -1,
				28, 27, 24, -1,
				24, 29, 28, -1,
				30, 26, 27, -1,
				27, 28, 30, -1,
				31, 25, 26, -1,
				26, 30, 31, -1,
				29, 24, 25, -1,
				25, 31, 29, -1,
				32, 35, 34, 33, -1,
				36, 39, 35, 32, -1,
				39, 38, 34, 35, -1,
				38, 37, 33, 34, -1,
				37, 36, 32, 33, -1,
				40, 41, 42, 43, -1,
				36, 37, 45, -1,
				47, 45, 37, -1,
				39, 36, 45, -1,
				46, 47, 37, -1,
				39, 45, 44, -1,
				46, 37, 38, -1,
				38, 39, 44, -1,
				44, 46, 38, -1,
				45, 40, 43, -1,
				43, 44, 45, -1,
				44, 43, 42, -1,
				42, 46, 44, -1,
				46, 42, 41, -1,
				41, 47, 46, -1,
				47, 41, 40, -1,
				40, 45, 47, -1,
			]
			solid FALSE
		}
	}
#---------- SOLID: DetectorCrystal_52:0
	Shape {
		appearance Appearance {
			material Material {
				diffuseColor 1 1 1
				transparency 0.7
			}
		}
		geometry IndexedFaceSet {
			coord Coordinate {
				point [
					-260.117 99.6239 56.7921,
					-273.737 51.5147 56.7921,
					-279.187 53.0576 7.11396,
					-265.567 101.167 7.11396,
					-250.557 96.9174 55.6593,
					-264.178 48.8082 55.6593,
					-269.627 50.3511 5.98114,
					-256.007 98.4603 5.98114,
				]
			}
			coordIndex [
				0, 3, 2, 1, -1,
				4, 7, 3, 0, -1,
				7, 6, 2, 3, -1,
				6, 5, 1, 2, -1,
				5, 4, 0, 1, -1,
				4, 5, 6, 7, -1,
			]
			solid FALSE
		}
	}
#---------- SOLID: pixel_52_param:0
	Shape {
		appearance Appearance {
			material Material {
				diffuseColor 1 1 1
				transparency 0.7
			}
		}
		geometry IndexedFaceSet {
			coord Coordinate {
				point [
					-260.117 99.6239 56.7921,
					-273.737 51.5147 56.7921,
					-279.187 53.0576 7.11396,
					-265.567 101.167 7.11396,
					-250.557 96.9174 55.6593,
					-264.178 48.8082 55.6593,
					-269.627 50.3511 5.98114,
					-256.007 98.4603 5.98114,
				]
			}
			coordIndex [
				0, 3, 2, 1, -1,
				4, 7, 3, 0, -1,
				7, 6, 2, 3, -1,
				6, 5, 1, 2, -1,
				5, 4, 0, 1, -1,
				4, 5, 6, 7, -1,
			]
			solid FALSE
		}
	}
#---------- SOLID: Collimator_53:0
	Shape {
		appearance Appearance {
			material Material {
				diffuseColor 1 1 1
				transparency 0.7
			}
		}
		geometry IndexedFaceSet {
			coord Coordinate {
				point [
					-282.982 43.06 57.5992,
					-286.034 -10.8537 57.5992,
					-291.761 -10.5295 3.90475,
					-288.71 43.3842 3.90475,
					-221.436 15.6883 26.8831,
					-221.792 9.39841 26.8831,
					-222.46 9.43623 20.6187,
					-222.104 15.7262 20.6187,
					-296.392 46.822 62.068,
					-299.783 -13.0821 62.068,
					-306.147 -12.7219 2.40754,
					-302.756 47.1822 2.40754,
					-282.494 46.0353 60.5807,
					-285.884 -13.8688 60.5807,
					-292.248 -13.5086 0.920247,
					-288.858 46.3955 0.920247,
					-296.717 44.8354 60.0779,
					-299.881 -11.0751 60.0779,
					-305.821 -10.7389 4.39484,
					-302.656 45.1716 4.39484,
					-288.759 44.385 2.90765,
					-282.819 44.0488 58.5907,
					-291.923 -11.5255 2.90765,
					-285.984 -11.8617 58.5907,
					-221.762 13.7056 24.896,
					-221.892 11.4093 24.896,
					-222.136 11.4231 22.609,
					-222.006 13.7194 22.609,
					-288.61 41.377 5.89534,
					-283.307 41.0769 55.6116,
					-291.436 -8.54226 5.89534,
					-286.132 -8.84242 55.6116,
					-221.436 15.6885 26.8829,
					-221.792 9.3986 26.8829,
					-222.46 9.43642 20.6186,
					-222.104 15.7264 20.6186,
					-218.264 16.7013 27.7479,
					-218.754 8.03437 27.7479,
					-219.675 8.08648 19.1162,
					-219.185 16.7534 19.1162,
					-221.761 13.7036 24.8941,
					-221.891 11.4073 24.8941,
					-222.135 11.4211 22.6071,
					-222.005 13.7174 22.6071,
					-219.085 14.7445 21.1048,
					-218.589 14.7164 25.7591,
					-219.35 10.0712 21.1048,
					-218.854 10.0431 25.7591,
				]
			}
			coordIndex [
				4, 7, 3, 0, -1,
				7, 6, 2, 3, -1,
				6, 5, 1, 2, -1,
				5, 4, 0, 1, -1,
				4, 5, 6, 7, -1,
				8, 11, 10, 9, -1,
				12, 15, 11, 8, -1,
				15, 14, 10, 11, -1,
				14, 13, 9, 10, -1,
				13, 12, 8, 9, -1,
				16, 17, 18, 19, -1,
				12, 13, 21, -1,
				23, 21, 13, -1,
				15, 12, 21, -1,
				22, 23, 13, -1,
				15, 21, 20, -1,
				22, 13, 14, -1,
				14, 15, 20, -1,
				20, 22, 14, -1,
				21, 16, 19, -1,
				19, 20, 21, -1,
				20, 19, 18, -1,
				18, 22, 20, -1,
				22, 18, 17, -1,
				17, 23, 22, -1,
				23, 17, 16, -1,
				16, 21, 23, -1,
				24, 27, 26, 25, -1,
				3, 30, 28, -1,
				30, 3, 2, -1,
				0, 3, 28, -1,
				31, 30, 2, -1,
				0, 28, 29, -1,
				31, 2, 1, -1,
				1, 0, 29, -1,
				29, 31, 1, -1,
				28, 27, 24, -1,
				24, 29, 28, -1,
				30, 26, 27, -1,
				27, 28, 30, -1,
				31, 25, 26, -1,
				26, 30, 31, -1,
				29, 24, 25, -1,
				25, 31, 29, -1,
				32, 35, 34, 33, -1,
				36, 39, 35, 32, -1,
				39, 38, 34, 35, -1,
				38, 37, 33, 34, -1,
				37, 36, 32, 33, -1,
				40, 41, 42, 43, -1,
				36, 37, 45, -1,
				47, 45, 37, -1,
				39, 36, 45, -1,
				46, 47, 37, -1,
				39, 45, 44, -1,
				46, 37, 38, -1,
				38, 39, 44, -1,
				44, 46, 38, -1,
				45, 40, 43, -1,
				43, 44, 45, -1,
				44, 43, 42, -1,
				42, 46, 44, -1,
				46, 42, 41, -1,
				41, 47, 46, -1,
				47, 41, 40, -1,
				40, 45, 47, -1,
			]
			solid FALSE
		}
	}
#---------- SOLID: DetectorCrystal_53:0
	Shape {
		appearance Appearance {
			material Material {
				diffuseColor 1 1 1
				transparency 0.7
			}
		}
		geometry IndexedFaceSet {
			coord Coordinate {
				point [
					-293.235 41.6371 56.6728,
					-296.06 -8.28296 56.6728,
					-301.364 -7.98279 6.95579,
					-298.538 41.9373 6.95579,
					-283.307 41.0752 55.6105,
					-286.133 -8.84486 55.6105,
					-291.436 -8.54469 5.89343,
					-288.611 41.3754 5.89343,
				]
			}
			coordIndex [
				0, 3, 2, 1, -1,
				4, 7, 3, 0, -1,
				7, 6, 2, 3, -1,
				6, 5, 1, 2, -1,
				5, 4, 0, 1, -1,
				4, 5, 6, 7, -1,
			]
			solid FALSE
		}
	}
#---------- SOLID: pixel_53_param:0
	Shape {
		appearance Appearance {
			material Material {
				diffuseColor 1 1 1
				transparency 0.7
			}
		}
		geometry IndexedFaceSet {
			coord Coordinate {
				point [
					-293.235 41.6371 56.6728,
					-296.06 -8.28296 56.6728,
					-301.364 -7.98279 6.95579,
					-298.538 41.9373 6.95579,
					-283.307 41.0752 55.6105,
					-286.133 -8.84486 55.6105,
					-291.436 -8.54469 5.89343,
					-288.611 41.3754 5.89343,
				]
			}
			coordIndex [
				0, 3, 2, 1, -1,
				4, 7, 3, 0, -1,
				7, 6, 2, 3, -1,
				6, 5, 1, 2, -1,
				5, 4, 0, 1, -1,
				4, 5, 6, 7, -1,
			]
			solid FALSE
		}
	}
#---------- SOLID: Collimator_54:0
	Shape {
		appearance Appearance {
			material Material {
				diffuseColor 1 1 1
				transparency 0.7
			}
		}
		geometry IndexedFaceSet {
			coord Coordinate {
				point [
					-300.104 -18.4172 57.5627,
					-291.97 -71.801 57.5627,
					-297.366 -72.6232 3.8393,
					-305.5 -19.2394 3.8393,
					-230.583 -31.9491 26.8145,
					-229.634 -38.1772 26.8145,
					-230.263 -38.2731 20.5467,
					-231.212 -32.045 20.5467,
					-314.025 -17.5056 61.961,
					-304.986 -76.821 61.961,
					-310.982 -77.7345 2.26827,
					-320.02 -18.4192 2.26827,
					-300.255 -15.4075 60.5459,
					-291.217 -74.7228 60.5459,
					-297.212 -75.6364 0.853187,
					-306.251 -16.3211 0.853187,
					-313.922 -19.5148 59.9698,
					-305.486 -74.8758 59.9698,
					-311.082 -75.7285 4.25665,
					-319.518 -20.3675 4.25665,
					-305.749 -18.2695 2.84166,
					-300.154 -17.4169 58.5549,
					-297.314 -73.6305 2.84166,
					-291.718 -72.7778 58.5549,
					-230.483 -33.9547 24.8264,
					-230.136 -36.2285 24.8264,
					-230.366 -36.2635 22.5382,
					-230.712 -33.9898 22.5382,
					-304.999 -21.1844 5.83105,
					-300.003 -20.4231 55.5742,
					-297.467 -70.6131 5.83105,
					-292.471 -69.8518 55.5742,
					-230.583 -31.9489 26.8143,
					-229.634 -38.177 26.8143,
					-230.263 -38.2729 20.5466,
					-231.212 -32.0448 20.5466,
					-227.689 -30.3655 27.6348,
					-226.4 -38.8268 27.6348,
					-227.255 -38.9571 19.1196,
					-228.544 -30.4958 19.1196,
					-230.481 -33.9566 24.8244,
					-230.135 -36.2304 24.8244,
					-230.364 -36.2654 22.5362,
					-230.711 -33.9916 22.5362,
					-228.043 -32.4427 21.1093,
					-227.588 -32.3733 25.6449,
					-227.357 -36.9496 21.1093,
					-226.901 -36.8802 25.6449,
				]
			}
			coordIndex [
				4, 7, 3, 0, -1,
				7, 6, 2, 3, -1,
				6, 5, 1, 2, -1,
				5, 4, 0, 1, -1,
				4, 5, 6, 7, -1,
				8, 11, 10, 9, -1,
				12, 15, 11, 8, -1,
				15, 14, 10, 11, -1,
				14, 13, 9, 10, -1,
				13, 12, 8, 9, -1,
				16, 17, 18, 19, -1,
				12, 13, 21, -1,
				23, 21, 13, -1,
				15, 12, 21, -1,
				22, 23, 13, -1,
				15, 21, 20, -1,
				22, 13, 14, -1,
				14, 15, 20, -1,
				20, 22, 14, -1,
				21, 16, 19, -1,
				19, 20, 21, -1,
				20, 19, 18, -1,
				18, 22, 20, -1,
				22, 18, 17, -1,
				17, 23, 22, -1,
				23, 17, 16, -1,
				16, 21, 23, -1,
				24, 27, 26, 25, -1,
				3, 30, 28, -1,
				30, 3, 2, -1,
				0, 3, 28, -1,
				31, 30, 2, -1,
				0, 28, 29, -1,
				31, 2, 1, -1,
				1, 0, 29, -1,
				29, 31, 1, -1,
				28, 27, 24, -1,
				24, 29, 28, -1,
				30, 26, 27, -1,
				27, 28, 30, -1,
				31, 25, 26, -1,
				26, 30, 31, -1,
				29, 24, 25, -1,
				25, 31, 29, -1,
				32, 35, 34, 33, -1,
				36, 39, 35, 32, -1,
				39, 38, 34, 35, -1,
				38, 37, 33, 34, -1,
				37, 36, 32, 33, -1,
				40, 41, 42, 43, -1,
				36, 37, 45, -1,
				47, 45, 37, -1,
				39, 36, 45, -1,
				46, 47, 37, -1,
				39, 45, 44, -1,
				46, 37, 38, -1,
				38, 39, 44, -1,
				44, 46, 38, -1,
				45, 40, 43, -1,
				43, 44, 45, -1,
				44, 43, 42, -1,
				42, 46, 44, -1,
				46, 42, 41, -1,
				41, 47, 46, -1,
				47, 41, 40, -1,
				40, 45, 47, -1,
			]
			solid FALSE
		}
	}
#---------- SOLID: DetectorCrystal_54:0
	Shape {
		appearance Appearance {
			material Material {
				diffuseColor 1 1 1
				transparency 0.7
			}
		}
		geometry IndexedFaceSet {
			coord Coordinate {
				point [
					-309.838 -21.9235 56.5838,
					-302.306 -71.353 56.5838,
					-307.302 -72.1143 6.83983,
					-314.834 -22.6848 6.83983,
					-300.003 -20.4249 55.573,
					-292.471 -69.8543 55.573,
					-297.467 -70.6156 5.82906,
					-304.999 -21.1862 5.82906,
				]
			}
			coordIndex [
				0, 3, 2, 1, -1,
				4, 7, 3, 0, -1,
				7, 6, 2, 3, -1,
				6, 5, 1, 2, -1,
				5, 4, 0, 1, -1,
				4, 5, 6, 7, -1,
			]
			solid FALSE
		}
	}
#---------- SOLID: pixel_54_param:0
	Shape {
		appearance Appearance {
			material Material {
				diffuseColor 1 1 1
				transparency 0.7
			}
		}
		geometry IndexedFaceSet {
			coord Coordinate {
				point [
					-309.838 -21.9235 56.5838,
					-302.306 -71.353 56.5838,
					-307.302 -72.1143 6.83983,
					-314.834 -22.6848 6.83983,
					-300.003 -20.4249 55.573,
					-292.471 -69.8543 55.573,
					-297.467 -70.6156 5.82906,
					-304.999 -21.1862 5.82906,
				]
			}
			coordIndex [
				0, 3, 2, 1, -1,
				4, 7, 3, 0, -1,
				7, 6, 2, 3, -1,
				6, 5, 1, 2, -1,
				5, 4, 0, 1, -1,
				4, 5, 6, 7, -1,
			]
			solid FALSE
		}
	}
#---------- SOLID: Collimator_55:0
	Shape {
		appearance Appearance {
			material Material {
				diffuseColor 1 1 1
				transparency 0.7
			}
		}
		geometry IndexedFaceSet {
			coord Coordinate {
				point [
					-299.971 -81.356 57.5385,
					-281.363 -132.048 57.5385,
					-286.317 -133.867 3.79701,
					-304.926 -83.1748 3.79701,
					-226.723 -79.8734 26.7706,
					-224.552 -85.7875 26.7706,
					-225.131 -85.9996 20.5008,
					-227.302 -80.0855 20.5008,
					-313.808 -83.2416 61.891,
					-293.131 -139.566 61.891,
					-298.637 -141.587 2.17823,
					-319.313 -85.2625 2.17823,
					-300.728 -78.4402 60.5226,
					-280.052 -134.765 60.5226,
					-285.557 -136.786 0.809896,
					-306.234 -80.461 0.809896,
					-313.301 -85.1878 59.8992,
					-294.003 -137.758 59.8992,
					-299.141 -139.644 4.16728,
					-318.439 -87.0739 4.16728,
					-305.36 -82.2729 2.79904,
					-300.222 -80.3867 58.5309,
					-286.062 -134.843 2.79904,
					-280.924 -132.956 58.5309,
					-226.22 -81.8165 24.782,
					-225.427 -83.9756 24.782,
					-225.638 -84.0531 22.493,
					-226.431 -81.8939 22.493,
					-304.054 -84.9831 5.78948,
					-299.466 -83.2991 55.5493,
					-286.824 -131.92 5.78948,
					-282.236 -130.236 55.5493,
					-226.723 -79.8731 26.7704,
					-224.552 -85.7872 26.7704,
					-225.13 -85.9994 20.5006,
					-227.301 -80.0853 20.5006,
					-224.196 -77.7839 27.5624,
					-221.274 -85.7452 27.5624,
					-222.052 -86.0308 19.1222,
					-224.974 -78.0695 19.1222,
					-226.218 -81.818 24.7799,
					-225.425 -83.9772 24.7799,
					-225.636 -84.0546 22.4909,
					-226.429 -81.8955 22.4909,
					-224.102 -79.8798 21.1126,
					-223.691 -79.7289 25.5718,
					-222.558 -84.0861 21.1126,
					-222.146 -83.9352 25.5718,
				]
			}
			coordIndex [
				4, 7, 3, 0, -1,
				7, 6, 2, 3, -1,
				6, 5, 1, 2, -1,
				5, 4, 0, 1, -1,
				4, 5, 6, 7, -1,
				8, 11, 10, 9, -1,
				12, 15, 11, 8, -1,
				15, 14, 10, 11, -1,
				14, 13, 9, 10, -1,
				13, 12, 8, 9, -1,
				16, 17, 18, 19, -1,
				12, 13, 21, -1,
				23, 21, 13, -1,
				15, 12, 21, -1,
				22, 23, 13, -1,
				15, 21, 20, -1,
				22, 13, 14, -1,
				14, 15, 20, -1,
				20, 22, 14, -1,
				21, 16, 19, -1,
				19, 20, 21, -1,
				20, 19, 18, -1,
				18, 22, 20, -1,
				22, 18, 17, -1,
				17, 23, 22, -1,
				23, 17, 16, -1,
				16, 21, 23, -1,
				24, 27, 26, 25, -1,
				3, 30, 28, -1,
				30, 3, 2, -1,
				0, 3, 28, -1,
				31, 30, 2, -1,
				0, 28, 29, -1,
				31, 2, 1, -1,
				1, 0, 29, -1,
				29, 31, 1, -1,
				28, 27, 24, -1,
				24, 29, 28, -1,
				30, 26, 27, -1,
				27, 28, 30, -1,
				31, 25, 26, -1,
				26, 30, 31, -1,
				29, 24, 25, -1,
				25, 31, 29, -1,
				32, 35, 34, 33, -1,
				36, 39, 35, 32, -1,
				39, 38, 34, 35, -1,
				38, 37, 33, 34, -1,
				37, 36, 32, 33, -1,
				40, 41, 42, 43, -1,
				36, 37, 45, -1,
				47, 45, 37, -1,
				39, 36, 45, -1,
				46, 47, 37, -1,
				39, 45, 44, -1,
				46, 37, 38, -1,
				38, 39, 44, -1,
				44, 46, 38, -1,
				45, 40, 43, -1,
				43, 44, 45, -1,
				44, 43, 42, -1,
				42, 46, 44, -1,
				46, 42, 41, -1,
				41, 47, 46, -1,
				47, 41, 40, -1,
				40, 45, 47, -1,
			]
			solid FALSE
		}
	}
#---------- SOLID: DetectorCrystal_55:0
	Shape {
		appearance Appearance {
			material Material {
				diffuseColor 1 1 1
				transparency 0.7
			}
		}
		geometry IndexedFaceSet {
			coord Coordinate {
				point [
					-308.808 -86.7304 56.5254,
					-291.578 -133.668 56.5254,
					-296.165 -135.352 6.76481,
					-313.396 -88.4145 6.76481,
					-299.466 -83.3009 55.548,
					-282.235 -130.238 55.548,
					-286.823 -131.922 5.78743,
					-304.053 -84.9849 5.78743,
				]
			}
			coordIndex [
				0, 3, 2, 1, -1,
				4, 7, 3, 0, -1,
				7, 6, 2, 3, -1,
				6, 5, 1, 2, -1,
				5, 4, 0, 1, -1,
				4, 5, 6, 7, -1,
			]
			solid FALSE
		}
	}
#---------- SOLID: pixel_55_param:0
	Shape {
		appearance Appearance {
			material Material {
				diffuseColor 1 1 1
				transparency 0.7
			}
		}
		geometry IndexedFaceSet {
			coord Coordinate {
				point [
					-308.808 -86.7304 56.5254,
					-291.578 -133.668 56.5254,
					-296.165 -135.352 6.76481,
					-313.396 -88.4145 6.76481,
					-299.466 -83.3009 55.548,
					-282.235 -130.238 55.548,
					-286.823 -131.922 5.78743,
					-304.053 -84.9849 5.78743,
				]
			}
			coordIndex [
				0, 3, 2, 1, -1,
				4, 7, 3, 0, -1,
				7, 6, 2, 3, -1,
				6, 5, 1, 2, -1,
				5, 4, 0, 1, -1,
				4, 5, 6, 7, -1,
			]
			solid FALSE
		}
	}
#---------- SOLID: Collimator_56:0
	Shape {
		appearance Appearance {
			material Material {
				diffuseColor 1 1 1
				transparency 0.7
			}
		}
		geometry IndexedFaceSet {
			coord Coordinate {
				point [
					-283.475 -141.64 57.5243,
					-255.311 -187.713 57.5243,
					-259.727 -190.413 3.77289,
					-287.891 -144.339 3.77289,
					-210.614 -125.054 26.7458,
					-207.329 -130.429 26.7458,
					-207.844 -130.744 20.4748,
					-211.129 -125.369 20.4748,
					-296.683 -146.199 61.8508,
					-265.389 -197.392 61.8508,
					-270.295 -200.391 2.12695,
					-301.589 -149.199 2.12695,
					-284.793 -138.931 60.509,
					-253.499 -190.124 60.509,
					-258.405 -193.123 0.785226,
					-289.699 -141.93 0.785226,
					-295.802 -148.007 59.8586,
					-266.594 -195.787 59.8586,
					-271.173 -198.586 4.11637,
					-300.381 -150.806 4.11637,
					-288.492 -143.538 2.77474,
					-283.912 -140.739 58.517,
					-259.284 -191.318 2.77474,
					-254.705 -188.519 58.517,
					-209.737 -126.859 24.7568,
					-208.537 -128.821 24.7568,
					-208.725 -128.936 22.4674,
					-209.925 -126.974 22.4674,
					-286.685 -145.944 5.76577,
					-282.596 -143.444 55.5348,
					-260.607 -188.604 5.76577,
					-256.519 -186.105 55.5348,
					-210.614 -125.054 26.7456,
					-207.328 -130.429 26.7456,
					-207.844 -130.744 20.4746,
					-211.129 -125.369 20.4746,
					-208.536 -122.531 27.5214,
					-204.136 -129.729 27.5214,
					-204.826 -130.151 19.1238,
					-209.226 -122.953 19.1238,
					-209.735 -126.86 24.7547,
					-208.535 -128.823 24.7547,
					-208.723 -128.937 22.4653,
					-209.923 -126.975 22.4653,
					-208.019 -124.56 21.1145,
					-207.657 -124.338 25.5305,
					-205.705 -128.345 21.1145,
					-205.343 -128.123 25.5305,
				]
			}
			coordIndex [
				4, 7, 3, 0, -1,
				7, 6, 2, 3, -1,
				6, 5, 1, 2, -1,
				5, 4, 0, 1, -1,
				4, 5, 6, 7, -1,
				8, 11, 10, 9, -1,
				12, 15, 11, 8, -1,
				15, 14, 10, 11, -1,
				14, 13, 9, 10, -1,
				13, 12, 8, 9, -1,
				16, 17, 18, 19, -1,
				12, 13, 21, -1,
				23, 21, 13, -1,
				15, 12, 21, -1,
				22, 23, 13, -1,
				15, 21, 20, -1,
				22, 13, 14, -1,
				14, 15, 20, -1,
				20, 22, 14, -1,
				21, 16, 19, -1,
				19, 20, 21, -1,
				20, 19, 18, -1,
				18, 22, 20, -1,
				22, 18, 17, -1,
				17, 23, 22, -1,
				23, 17, 16, -1,
				16, 21, 23, -1,
				24, 27, 26, 25, -1,
				3, 30, 28, -1,
				30, 3, 2, -1,
				0, 3, 28, -1,
				31, 30, 2, -1,
				0, 28, 29, -1,
				31, 2, 1, -1,
				1, 0, 29, -1,
				29, 31, 1, -1,
				28, 27, 24, -1,
				24, 29, 28, -1,
				30, 26, 27, -1,
				27, 28, 30, -1,
				31, 25, 26, -1,
				26, 30, 31, -1,
				29, 24, 25, -1,
				25, 31, 29, -1,
				32, 35, 34, 33, -1,
				36, 39, 35, 32, -1,
				39, 38, 34, 35, -1,
				38, 37, 33, 34, -1,
				37, 36, 32, 33, -1,
				40, 41, 42, 43, -1,
				36, 37, 45, -1,
				47, 45, 37, -1,
				39, 36, 45, -1,
				46, 47, 37, -1,
				39, 45, 44, -1,
				46, 37, 38, -1,
				38, 39, 44, -1,
				44, 46, 38, -1,
				45, 40, 43, -1,
				43, 44, 45, -1,
				44, 43, 42, -1,
				42, 46, 44, -1,
				46, 42, 41, -1,
				41, 47, 46, -1,
				47, 41, 40, -1,
				40, 45, 47, -1,
			]
			solid FALSE
		}
	}
#---------- SOLID: DetectorCrystal_56:0
	Shape {
		appearance Appearance {
			material Material {
				diffuseColor 1 1 1
				transparency 0.7
			}
		}
		geometry IndexedFaceSet {
			coord Coordinate {
				point [
					-291.088 -148.638 56.4919,
					-265.01 -191.298 56.4919,
					-269.099 -193.798 6.72206,
					-295.177 -151.137 6.72206,
					-282.596 -143.446 55.5335,
					-256.518 -186.107 55.5335,
					-260.606 -188.606 5.76368,
					-286.684 -145.945 5.76368,
				]
			}
			coordIndex [
				0, 3, 2, 1, -1,
				4, 7, 3, 0, -1,
				7, 6, 2, 3, -1,
				6, 5, 1, 2, -1,
				5, 4, 0, 1, -1,
				4, 5, 6, 7, -1,
			]
			solid FALSE
		}
	}
#---------- SOLID: pixel_56_param:0
	Shape {
		appearance Appearance {
			material Material {
				diffuseColor 1 1 1
				transparency 0.7
			}
		}
		geometry IndexedFaceSet {
			coord Coordinate {
				point [
					-291.088 -148.638 56.4919,
					-265.01 -191.298 56.4919,
					-269.099 -193.798 6.72206,
					-295.177 -151.137 6.72206,
					-282.596 -143.446 55.5335,
					-256.518 -186.107 55.5335,
					-260.606 -188.606 5.76368,
					-286.684 -145.945 5.76368,
				]
			}
			coordIndex [
				0, 3, 2, 1, -1,
				4, 7, 3, 0, -1,
				7, 6, 2, 3, -1,
				6, 5, 1, 2, -1,
				5, 4, 0, 1, -1,
				4, 5, 6, 7, -1,
			]
			solid FALSE
		}
	}
#---------- SOLID: Collimator_57:0
	Shape {
		appearance Appearance {
			material Material {
				diffuseColor 1 1 1
				transparency 0.7
			}
		}
		geometry IndexedFaceSet {
			coord Coordinate {
				point [
					-253.057 -196.079 57.5169,
					-216.5 -235.823 57.5169,
					-220.27 -239.291 3.76039,
					-256.827 -199.547 3.76039,
					-184.186 -165.135 26.733,
					-179.921 -169.772 26.733,
					-180.36 -170.177 20.4614,
					-184.625 -165.54 20.4614,
					-265.134 -203.114 61.8299,
					-224.516 -247.274 61.8299,
					-228.704 -251.127 2.1004,
					-269.323 -206.967 2.1004,
					-254.877 -193.679 60.5019,
					-214.258 -237.839 60.5019,
					-218.447 -241.692 0.772449,
					-259.066 -197.532 0.772449,
					-263.918 -204.715 59.8375,
					-226.007 -245.931 59.8375,
					-229.917 -249.527 4.09001,
					-267.828 -208.311 4.09001,
					-257.571 -198.877 2.76215,
					-253.661 -195.281 58.5097,
					-219.66 -240.093 2.76215,
					-215.75 -236.497 58.5097,
					-182.974 -166.735 24.7438,
					-181.417 -168.428 24.7438,
					-181.577 -168.575 22.4542,
					-183.134 -166.882 22.4542,
					-255.335 -200.889 5.75348,
					-251.844 -197.678 55.5272,
					-221.486 -237.688 5.75348,
					-217.996 -234.478 55.5272,
					-184.186 -165.135 26.7328,
					-179.921 -169.772 26.7328,
					-180.36 -170.176 20.4612,
					-184.625 -165.54 20.4612,
					-182.629 -162.268 27.5003,
					-176.933 -168.46 27.5003,
					-177.521 -169 19.1247,
					-183.216 -162.808 19.1247,
					-182.971 -166.735 24.7417,
					-181.414 -168.428 24.7417,
					-181.575 -168.576 22.4521,
					-183.132 -166.883 22.4521,
					-181.723 -164.152 21.1156,
					-181.415 -163.868 25.5092,
					-178.735 -167.4 21.1156,
					-178.427 -167.116 25.5092,
				]
			}
			coordIndex [
				4, 7, 3, 0, -1,
				7, 6, 2, 3, -1,
				6, 5, 1, 2, -1,
				5, 4, 0, 1, -1,
				4, 5, 6, 7, -1,
				8, 11, 10, 9, -1,
				12, 15, 11, 8, -1,
				15, 14, 10, 11, -1,
				14, 13, 9, 10, -1,
				13, 12, 8, 9, -1,
				16, 17, 18, 19, -1,
				12, 13, 21, -1,
				23, 21, 13, -1,
				15, 12, 21, -1,
				22, 23, 13, -1,
				15, 21, 20, -1,
				22, 13, 14, -1,
				14, 15, 20, -1,
				20, 22, 14, -1,
				21, 16, 19, -1,
				19, 20, 21, -1,
				20, 19, 18, -1,
				18, 22, 20, -1,
				22, 18, 17, -1,
				17, 23, 22, -1,
				23, 17, 16, -1,
				16, 21, 23, -1,
				24, 27, 26, 25, -1,
				3, 30, 28, -1,
				30, 3, 2, -1,
				0, 3, 28, -1,
				31, 30, 2, -1,
				0, 28, 29, -1,
				31, 2, 1, -1,
				1, 0, 29, -1,
				29, 31, 1, -1,
				28, 27, 24, -1,
				24, 29, 28, -1,
				30, 26, 27, -1,
				27, 28, 30, -1,
				31, 25, 26, -1,
				26, 30, 31, -1,
				29, 24, 25, -1,
				25, 31, 29, -1,
				32, 35, 34, 33, -1,
				36, 39, 35, 32, -1,
				39, 38, 34, 35, -1,
				38, 37, 33, 34, -1,
				37, 36, 32, 33, -1,
				40, 41, 42, 43, -1,
				36, 37, 45, -1,
				47, 45, 37, -1,
				39, 36, 45, -1,
				46, 47, 37, -1,
				39, 45, 44, -1,
				46, 37, 38, -1,
				38, 39, 44, -1,
				44, 46, 38, -1,
				45, 40, 43, -1,
				43, 44, 45, -1,
				44, 43, 42, -1,
				42, 46, 44, -1,
				46, 42, 41, -1,
				41, 47, 46, -1,
				47, 41, 40, -1,
				40, 45, 47, -1,
			]
			solid FALSE
		}
	}
#---------- SOLID: DetectorCrystal_57:0
	Shape {
		appearance Appearance {
			material Material {
				diffuseColor 1 1 1
				transparency 0.7
			}
		}
		geometry IndexedFaceSet {
			coord Coordinate {
				point [
					-259.17 -204.419 56.4745,
					-225.321 -241.219 56.4745,
					-228.811 -244.43 6.69991,
					-262.66 -207.63 6.69991,
					-251.843 -197.68 55.5259,
					-217.994 -234.48 55.5259,
					-221.484 -237.69 5.75138,
					-255.333 -200.89 5.75138,
				]
			}
			coordIndex [
				0, 3, 2, 1, -1,
				4, 7, 3, 0, -1,
				7, 6, 2, 3, -1,
				6, 5, 1, 2, -1,
				5, 4, 0, 1, -1,
				4, 5, 6, 7, -1,
			]
			solid FALSE
		}
	}
#---------- SOLID: pixel_57_param:0
	Shape {
		appearance Appearance {
			material Material {
				diffuseColor 1 1 1
				transparency 0.7
			}
		}
		geometry IndexedFaceSet {
			coord Coordinate {
				point [
					-259.17 -204.419 56.4745,
					-225.321 -241.219 56.4745,
					-228.811 -244.43 6.69991,
					-262.66 -207.63 6.69991,
					-251.843 -197.68 55.5259,
					-217.994 -234.48 55.5259,
					-221.484 -237.69 5.75138,
					-255.333 -200.89 5.75138,
				]
			}
			coordIndex [
				0, 3, 2, 1, -1,
				4, 7, 3, 0, -1,
				7, 6, 2, 3, -1,
				6, 5, 1, 2, -1,
				5, 4, 0, 1, -1,
				4, 5, 6, 7, -1,
			]
			solid FALSE
		}
	}
#---------- SOLID: Collimator_58:0
	Shape {
		appearance Appearance {
			material Material {
				diffuseColor 1 1 1
				transparency 0.7
			}
		}
		geometry IndexedFaceSet {
			coord Coordinate {
				point [
					-211.763 -242.775 57.5124,
					-168.237 -274.735 57.5124,
					-171.249 -278.838 3.75275,
					-214.775 -246.877 3.75275,
					-149.836 -198.735 26.7252,
					-144.758 -202.464 26.7252,
					-145.11 -202.943 20.4532,
					-150.188 -199.214 20.4532,
					-222.261 -252.006 61.8171,
					-173.899 -287.518 61.8171,
					-177.246 -292.076 2.08414,
					-225.608 -256.564 2.08414,
					-214.012 -240.772 60.4975,
					-165.649 -276.284 60.4975,
					-168.996 -280.842 0.764636,
					-217.359 -245.33 0.764636,
					-220.759 -253.342 59.8246,
					-175.62 -286.486 59.8246,
					-178.744 -290.741 4.07387,
					-223.882 -257.596 4.07387,
					-215.634 -246.363 2.75445,
					-212.51 -242.109 58.5052,
					-170.496 -279.507 2.75445,
					-167.372 -275.253 58.5052,
					-148.338 -200.071 24.7359,
					-146.484 -201.432 24.7359,
					-146.613 -201.607 22.4462,
					-148.467 -200.245 22.4462,
					-213.053 -247.908 5.74596,
					-210.264 -244.109 55.5226,
					-172.752 -277.5 5.74596,
					-169.963 -273.702 55.5226,
					-149.836 -198.735 26.725,
					-144.758 -202.464 26.725,
					-145.11 -202.942 20.4531,
					-150.188 -199.214 20.4531,
					-148.856 -195.627 27.4874,
					-142.086 -200.598 27.4874,
					-142.554 -201.236 19.1252,
					-149.325 -196.265 19.1252,
					-148.336 -200.071 24.7338,
					-146.482 -201.432 24.7338,
					-146.61 -201.607 22.444,
					-148.464 -200.245 22.444,
					-147.601 -197.297 21.1162,
					-147.356 -196.962 25.4961,
					-144.055 -199.9 21.1162,
					-143.809 -199.566 25.4961,
				]
			}
			coordIndex [
				4, 7, 3, 0, -1,
				7, 6, 2, 3, -1,
				6, 5, 1, 2, -1,
				5, 4, 0, 1, -1,
				4, 5, 6, 7, -1,
				8, 11, 10, 9, -1,
				12, 15, 11, 8, -1,
				15, 14, 10, 11, -1,
				14, 13, 9, 10, -1,
				13, 12, 8, 9, -1,
				16, 17, 18, 19, -1,
				12, 13, 21, -1,
				23, 21, 13, -1,
				15, 12, 21, -1,
				22, 23, 13, -1,
				15, 21, 20, -1,
				22, 13, 14, -1,
				14, 15, 20, -1,
				20, 22, 14, -1,
				21, 16, 19, -1,
				19, 20, 21, -1,
				20, 19, 18, -1,
				18, 22, 20, -1,
				22, 18, 17, -1,
				17, 23, 22, -1,
				23, 17, 16, -1,
				16, 21, 23, -1,
				24, 27, 26, 25, -1,
				3, 30, 28, -1,
				30, 3, 2, -1,
				0, 3, 28, -1,
				31, 30, 2, -1,
				0, 28, 29, -1,
				31, 2, 1, -1,
				1, 0, 29, -1,
				29, 31, 1, -1,
				28, 27, 24, -1,
				24, 29, 28, -1,
				30, 26, 27, -1,
				27, 28, 30, -1,
				31, 25, 26, -1,
				26, 30, 31, -1,
				29, 24, 25, -1,
				25, 31, 29, -1,
				32, 35, 34, 33, -1,
				36, 39, 35, 32, -1,
				39, 38, 34, 35, -1,
				38, 37, 33, 34, -1,
				37, 36, 32, 33, -1,
				40, 41, 42, 43, -1,
				36, 37, 45, -1,
				47, 45, 37, -1,
				39, 36, 45, -1,
				46, 47, 37, -1,
				39, 45, 44, -1,
				46, 37, 38, -1,
				38, 39, 44, -1,
				44, 46, 38, -1,
				45, 40, 43, -1,
				43, 44, 45, -1,
				44, 43, 42, -1,
				42, 46, 44, -1,
				46, 42, 41, -1,
				41, 47, 46, -1,
				47, 41, 40, -1,
				40, 45, 47, -1,
			]
			solid FALSE
		}
	}
#---------- SOLID: DetectorCrystal_58:0
	Shape {
		appearance Appearance {
			material Material {
				diffuseColor 1 1 1
				transparency 0.7
			}
		}
		geometry IndexedFaceSet {
			coord Coordinate {
				point [
					-216.155 -252.135 56.4638,
					-175.853 -281.728 56.4638,
					-178.642 -285.527 6.68635,
					-218.944 -255.934 6.68635,
					-210.262 -244.111 55.5213,
					-169.961 -273.704 55.5213,
					-172.75 -277.502 5.74385,
					-213.052 -247.909 5.74385,
				]
			}
			coordIndex [
				0, 3, 2, 1, -1,
				4, 7, 3, 0, -1,
				7, 6, 2, 3, -1,
				6, 5, 1, 2, -1,
				5, 4, 0, 1, -1,
				4, 5, 6, 7, -1,
			]
			solid FALSE
		}
	}
#---------- SOLID: pixel_58_param:0
	Shape {
		appearance Appearance {
			material Material {
				diffuseColor 1 1 1
				transparency 0.7
			}
		}
		geometry IndexedFaceSet {
			coord Coordinate {
				point [
					-216.155 -252.135 56.4638,
					-175.853 -281.728 56.4638,
					-178.642 -285.527 6.68635,
					-218.944 -255.934 6.68635,
					-210.262 -244.111 55.5213,
					-169.961 -273.704 55.5213,
					-172.75 -277.502 5.74385,
					-213.052 -247.909 5.74385,
				]
			}
			coordIndex [
				0, 3, 2, 1, -1,
				4, 7, 3, 0, -1,
				7, 6, 2, 3, -1,
				6, 5, 1, 2, -1,
				5, 4, 0, 1, -1,
				4, 5, 6, 7, -1,
			]
			solid FALSE
		}
	}
#---------- SOLID: Collimator_59:0
	Shape {
		appearance Appearance {
			material Material {
				diffuseColor 1 1 1
				transparency 0.7
			}
		}
		geometry IndexedFaceSet {
			coord Coordinate {
				point [
					-162.47 -280.881 57.5072,
					-113.639 -303.936 57.5072,
					-115.796 -308.505 3.74404,
					-164.627 -285.45 3.74404,
					-109.848 -225.287 26.7163,
					-104.151 -227.976 26.7163,
					-104.402 -228.509 20.4439,
					-110.099 -225.82 20.4439,
					-171.012 -291.951 61.8024,
					-116.755 -317.567 61.8024,
					-119.152 -322.644 2.06563,
					-173.409 -297.027 2.06563,
					-165.061 -279.346 60.4925,
					-110.804 -304.963 60.4925,
					-113.201 -310.039 0.755728,
					-167.458 -284.423 0.755728,
					-169.281 -292.974 59.8098,
					-118.641 -316.882 59.8098,
					-120.878 -321.62 4.05548,
					-171.518 -297.712 4.05548,
					-165.568 -285.108 2.74567,
					-163.331 -280.37 58.5,
					-114.928 -309.017 2.74567,
					-112.691 -304.279 58.5,
					-108.122 -226.31 24.7269,
					-106.042 -227.292 24.7269,
					-106.134 -227.486 22.437,
					-108.213 -226.504 22.437,
					-162.74 -286.134 5.73739,
					-160.743 -281.903 55.5172,
					-117.527 -307.48 5.73739,
					-115.53 -303.25 55.5172,
					-109.848 -225.286 26.7161,
					-104.151 -227.976 26.7161,
					-104.402 -228.509 20.4438,
					-110.099 -225.819 20.4438,
					-109.473 -222.052 27.4727,
					-101.892 -225.632 27.4727,
					-102.227 -226.341 19.1258,
					-109.808 -222.762 19.1258,
					-108.119 -226.309 24.7248,
					-106.039 -227.291 24.7248,
					-106.131 -227.486 22.4349,
					-108.211 -226.504 22.4349,
					-107.919 -223.447 21.117,
					-107.744 -223.076 25.4813,
					-103.955 -225.318 21.117,
					-103.78 -224.947 25.4813,
				]
			}
			coordIndex [
				4, 7, 3, 0, -1,
				7, 6, 2, 3, -1,
				6, 5, 1, 2, -1,
				5, 4, 0, 1, -1,
				4, 5, 6, 7, -1,
				8, 11, 10, 9, -1,
				12, 15, 11, 8, -1,
				15, 14, 10, 11, -1,
				14, 13, 9, 10, -1,
				13, 12, 8, 9, -1,
				16, 17, 18, 19, -1,
				12, 13, 21, -1,
				23, 21, 13, -1,
				15, 12, 21, -1,
				22, 23, 13, -1,
				15, 21, 20, -1,
				22, 13, 14, -1,
				14, 15, 20, -1,
				20, 22, 14, -1,
				21, 16, 19, -1,
				19, 20, 21, -1,
				20, 19, 18, -1,
				18, 22, 20, -1,
				22, 18, 17, -1,
				17, 23, 22, -1,
				23, 17, 16, -1,
				16, 21, 23, -1,
				24, 27, 26, 25, -1,
				3, 30, 28, -1,
				30, 3, 2, -1,
				0, 3, 28, -1,
				31, 30, 2, -1,
				0, 28, 29, -1,
				31, 2, 1, -1,
				1, 0, 29, -1,
				29, 31, 1, -1,
				28, 27, 24, -1,
				24, 29, 28, -1,
				30, 26, 27, -1,
				27, 28, 30, -1,
				31, 25, 26, -1,
				26, 30, 31, -1,
				29, 24, 25, -1,
				25, 31, 29, -1,
				32, 35, 34, 33, -1,
				36, 39, 35, 32, -1,
				39, 38, 34, 35, -1,
				38, 37, 33, 34, -1,
				37, 36, 32, 33, -1,
				40, 41, 42, 43, -1,
				36, 37, 45, -1,
				47, 45, 37, -1,
				39, 36, 45, -1,
				46, 47, 37, -1,
				39, 45, 44, -1,
				46, 37, 38, -1,
				38, 39, 44, -1,
				44, 46, 38, -1,
				45, 40, 43, -1,
				43, 44, 45, -1,
				44, 43, 42, -1,
				42, 46, 44, -1,
				46, 42, 41, -1,
				41, 47, 46, -1,
				47, 41, 40, -1,
				40, 45, 47, -1,
			]
			solid FALSE
		}
	}
#---------- SOLID: DetectorCrystal_59:0
	Shape {
		appearance Appearance {
			material Material {
				diffuseColor 1 1 1
				transparency 0.7
			}
		}
		geometry IndexedFaceSet {
			coord Coordinate {
				point [
					-164.992 -290.907 56.4516,
					-119.778 -312.254 56.4516,
					-121.775 -316.485 6.67091,
					-166.989 -295.138 6.67091,
					-160.741 -281.904 55.5159,
					-115.527 -303.251 55.5159,
					-117.524 -307.481 5.73526,
					-162.739 -286.135 5.73526,
				]
			}
			coordIndex [
				0, 3, 2, 1, -1,
				4, 7, 3, 0, -1,
				7, 6, 2, 3, -1,
				6, 5, 1, 2, -1,
				5, 4, 0, 1, -1,
				4, 5, 6, 7, -1,
			]
			solid FALSE
		}
	}
#---------- SOLID: pixel_59_param:0
	Shape {
		appearance Appearance {
			material Material {
				diffuseColor 1 1 1
				transparency 0.7
			}
		}
		geometry IndexedFaceSet {
			coord Coordinate {
				point [
					-164.992 -290.907 56.4516,
					-119.778 -312.254 56.4516,
					-121.775 -316.485 6.67091,
					-166.989 -295.138 6.67091,
					-160.741 -281.904 55.5159,
					-115.527 -303.251 55.5159,
					-117.524 -307.481 5.73526,
					-162.739 -286.135 5.73526,
				]
			}
			coordIndex [
				0, 3, 2, 1, -1,
				4, 7, 3, 0, -1,
				7, 6, 2, 3, -1,
				6, 5, 1, 2, -1,
				5, 4, 0, 1, -1,
				4, 5, 6, 7, -1,
			]
			solid FALSE
		}
	}
#---------- SOLID: Collimator_60:0
	Shape {
		appearance Appearance {
			material Material {
				diffuseColor 1 1 1
				transparency 0.7
			}
		}
		geometry IndexedFaceSet {
			coord Coordinate {
				point [
					-107.514 -310.17 57.4988,
					-55.2104 -323.599 57.4988,
					-56.4522 -328.436 3.73011,
					-108.756 -315.007 3.73011,
					-66.0854 -244.72 26.7021,
					-59.9833 -246.286 26.7021,
					-60.1282 -246.85 20.4291,
					-66.2303 -245.284 20.4291,
					-113.815 -322.657 61.779,
					-55.7003 -337.578 61.779,
					-57.0801 -342.952 2.03606,
					-115.195 -328.031 2.03606,
					-110.349 -309.155 60.4844,
					-52.2336 -324.076 60.4844,
					-53.6134 -329.45 0.741495,
					-111.728 -314.529 0.741495,
					-111.922 -323.333 59.7862,
					-57.6816 -337.26 59.7862,
					-58.9694 -342.275 4.02612,
					-113.21 -328.349 4.02612,
					-109.744 -314.848 2.73164,
					-108.456 -309.832 58.4917,
					-55.5029 -328.774 2.73164,
					-54.2151 -323.759 58.4917,
					-64.1968 -245.397 24.7125,
					-61.9691 -245.968 24.7125,
					-62.0219 -246.174 22.4224,
					-64.2497 -245.603 22.4224,
					-106.774 -315.324 5.72369,
					-105.625 -310.846 55.5087,
					-58.346 -327.759 5.72369,
					-57.1962 -323.28 55.5087,
					-66.0855 -244.719 26.7019,
					-59.9835 -246.286 26.7019,
					-60.1283 -246.85 20.4289,
					-66.2304 -245.283 20.4289,
					-66.3158 -241.478 27.4493,
					-58.2201 -243.556 27.4493,
					-58.4123 -244.305 19.1268,
					-66.508 -242.226 19.1268,
					-64.1942 -245.396 24.7104,
					-61.9665 -245.968 24.7104,
					-62.0194 -246.174 22.4203,
					-64.2471 -245.602 22.4203,
					-64.5247 -242.545 21.1182,
					-64.4245 -242.154 25.4577,
					-60.3034 -243.629 21.1182,
					-60.2032 -243.238 25.4577,
				]
			}
			coordIndex [
				4, 7, 3, 0, -1,
				7, 6, 2, 3, -1,
				6, 5, 1, 2, -1,
				5, 4, 0, 1, -1,
				4, 5, 6, 7, -1,
				8, 11, 10, 9, -1,
				12, 15, 11, 8, -1,
				15, 14, 10, 11, -1,
				14, 13, 9, 10, -1,
				13, 12, 8, 9, -1,
				16, 17, 18, 19, -1,
				12, 13, 21, -1,
				23, 21, 13, -1,
				15, 12, 21, -1,
				22, 23, 13, -1,
				15, 21, 20, -1,
				22, 13, 14, -1,
				14, 15, 20, -1,
				20, 22, 14, -1,
				21, 16, 19, -1,
				19, 20, 21, -1,
				20, 19, 18, -1,
				18, 22, 20, -1,
				22, 18, 17, -1,
				17, 23, 22, -1,
				23, 17, 16, -1,
				16, 21, 23, -1,
				24, 27, 26, 25, -1,
				3, 30, 28, -1,
				30, 3, 2, -1,
				0, 3, 28, -1,
				31, 30, 2, -1,
				0, 28, 29, -1,
				31, 2, 1, -1,
				1, 0, 29, -1,
				29, 31, 1, -1,
				28, 27, 24, -1,
				24, 29, 28, -1,
				30, 26, 27, -1,
				27, 28, 30, -1,
				31, 25, 26, -1,
				26, 30, 31, -1,
				29, 24, 25, -1,
				25, 31, 29, -1,
				32, 35, 34, 33, -1,
				36, 39, 35, 32, -1,
				39, 38, 34, 35, -1,
				38, 37, 33, 34, -1,
				37, 36, 32, 33, -1,
				40, 41, 42, 43, -1,
				36, 37, 45, -1,
				47, 45, 37, -1,
				39, 36, 45, -1,
				46, 47, 37, -1,
				39, 45, 44, -1,
				46, 37, 38, -1,
				38, 39, 44, -1,
				44, 46, 38, -1,
				45, 40, 43, -1,
				43, 44, 45, -1,
				44, 43, 42, -1,
				42, 46, 44, -1,
				46, 42, 41, -1,
				41, 47, 46, -1,
				47, 41, 40, -1,
				40, 45, 47, -1,
			]
			solid FALSE
		}
	}
#---------- SOLID: DetectorCrystal_60:0
	Shape {
		appearance Appearance {
			material Material {
				diffuseColor 1 1 1
				transparency 0.7
			}
		}
		geometry IndexedFaceSet {
			coord Coordinate {
				point [
					-108.099 -320.491 56.432,
					-59.6698 -332.926 56.432,
					-60.8196 -337.404 6.64623,
					-109.249 -324.969 6.64623,
					-105.623 -310.847 55.5073,
					-57.1935 -323.281 55.5073,
					-58.3433 -327.759 5.72154,
					-106.772 -315.325 5.72154,
				]
			}
			coordIndex [
				0, 3, 2, 1, -1,
				4, 7, 3, 0, -1,
				7, 6, 2, 3, -1,
				6, 5, 1, 2, -1,
				5, 4, 0, 1, -1,
				4, 5, 6, 7, -1,
			]
			solid FALSE
		}
	}
#---------- SOLID: pixel_60_param:0
	Shape {
		appearance Appearance {
			material Material {
				diffuseColor 1 1 1
				transparency 0.7
			}
		}
		geometry IndexedFaceSet {
			coord Coordinate {
				point [
					-108.099 -320.491 56.432,
					-59.6698 -332.926 56.432,
					-60.8196 -337.404 6.64623,
					-109.249 -324.969 6.64623,
					-105.623 -310.847 55.5073,
					-57.1935 -323.281 55.5073,
					-58.3433 -327.759 5.72154,
					-106.772 -315.325 5.72154,
				]
			}
			coordIndex [
				0, 3, 2, 1, -1,
				4, 7, 3, 0, -1,
				7, 6, 2, 3, -1,
				6, 5, 1, 2, -1,
				5, 4, 0, 1, -1,
				4, 5, 6, 7, -1,
			]
			solid FALSE
		}
	}
#---------- SOLID: Collimator_61:0
	Shape {
		appearance Appearance {
			material Material {
				diffuseColor 1 1 1
				transparency 0.7
			}
		}
		geometry IndexedFaceSet {
			coord Coordinate {
				point [
					361.269 63.9212 117.46,
					347.973 116.259 117.46,
					360.43 119.423 65.0119,
					373.726 67.0858 65.0119,
					277.051 67.1336 73.0958,
					275.5 73.2397 73.0958,
					276.953 73.6089 66.9768,
					278.504 67.5028 66.9768,
					374.493 64.1875 123.704,
					359.72 122.34 123.704,
					373.561 125.856 65.4286,
					388.334 67.7037 65.4286,
					361.314 60.8394 120.372,
					346.541 118.992 120.372,
					360.382 122.508 62.0965,
					375.155 64.3556 62.0965,
					374.461 66.2446 121.76,
					360.673 120.521 121.76,
					373.591 123.802 67.3697,
					387.379 69.5265 67.3697,
					374.201 66.1786 64.0378,
					361.283 62.8968 118.428,
					360.413 120.455 64.0378,
					347.495 117.173 118.428,
					277.022 69.1868 71.1556,
					276.455 71.416 71.1556,
					276.986 71.5508 68.9217,
					277.552 69.3216 68.9217,
					372.772 68.9046 66.9568,
					361.238 65.9745 115.519,
					360.461 117.364 66.9568,
					348.927 114.434 115.519,
					277.051 67.1334 73.0956,
					275.5 73.2394 73.0956,
					276.953 73.6086 66.9766,
					278.504 67.5026 66.9766,
					274.24 65.5107 73.237,
					272.255 73.324 73.237,
					274.115 73.7965 65.4071,
					276.1 65.9831 65.4071,
					277.02 69.1891 71.153,
					276.453 71.4183 71.153,
					276.984 71.5531 68.919,
					277.55 69.3239 68.919,
					275.146 67.8045 67.3496,
					274.209 67.5665 71.2944,
					274.146 71.7409 67.3496,
					273.209 71.5029 71.2944,
				]
			}
			coordIndex [
				4, 7, 3, 0, -1,
				7, 6, 2, 3, -1,
				6, 5, 1, 2, -1,
				5, 4, 0, 1, -1,
				4, 5, 6, 7, -1,
				8, 11, 10, 9, -1,
				12, 15, 11, 8, -1,
				15, 14, 10, 11, -1,
				14, 13, 9, 10, -1,
				13, 12, 8, 9, -1,
				16, 17, 18, 19, -1,
				12, 13, 21, -1,
				23, 21, 13, -1,
				15, 12, 21, -1,
				22, 23, 13, -1,
				15, 21, 20, -1,
				22, 13, 14, -1,
				14, 15, 20, -1,
				20, 22, 14, -1,
				21, 16, 19, -1,
				19, 20, 21, -1,
				20, 19, 18, -1,
				18, 22, 20, -1,
				22, 18, 17, -1,
				17, 23, 22, -1,
				23, 17, 16, -1,
				16, 21, 23, -1,
				24, 27, 26, 25, -1,
				3, 30, 28, -1,
				30, 3, 2, -1,
				0, 3, 28, -1,
				31, 30, 2, -1,
				0, 28, 29, -1,
				31, 2, 1, -1,
				1, 0, 29, -1,
				29, 31, 1, -1,
				28, 27, 24, -1,
				24, 29, 28, -1,
				30, 26, 27, -1,
				27, 28, 30, -1,
				31, 25, 26, -1,
				26, 30, 31, -1,
				29, 24, 25, -1,
				25, 31, 29, -1,
				32, 35, 34, 33, -1,
				36, 39, 35, 32, -1,
				39, 38, 34, 35, -1,
				38, 37, 33, 34, -1,
				37, 36, 32, 33, -1,
				40, 41, 42, 43, -1,
				36, 37, 45, -1,
				47, 45, 37, -1,
				39, 36, 45, -1,
				46, 47, 37, -1,
				39, 45, 44, -1,
				46, 37, 38, -1,
				38, 39, 44, -1,
				44, 46, 38, -1,
				45, 40, 43, -1,
				43, 44, 45, -1,
				44, 43, 42, -1,
				42, 46, 44, -1,
				46, 42, 41, -1,
				41, 47, 46, -1,
				47, 41, 40, -1,
				40, 45, 47, -1,
			]
			solid FALSE
		}
	}
#---------- SOLID: DetectorCrystal_61:0
	Shape {
		appearance Appearance {
			material Material {
				diffuseColor 1 1 1
				transparency 0.7
			}
		}
		geometry IndexedFaceSet {
			coord Coordinate {
				point [
					370.651 68.3683 117.898,
					358.34 116.829 117.898,
					369.874 119.759 69.3345,
					382.185 71.2985 69.3345,
					361.238 65.9768 115.518,
					348.926 114.437 115.518,
					360.461 117.368 66.9544,
					372.772 68.907 66.9544,
				]
			}
			coordIndex [
				0, 3, 2, 1, -1,
				4, 7, 3, 0, -1,
				7, 6, 2, 3, -1,
				6, 5, 1, 2, -1,
				5, 4, 0, 1, -1,
				4, 5, 6, 7, -1,
			]
			solid FALSE
		}
	}
#---------- SOLID: pixel_61_param:0
	Shape {
		appearance Appearance {
			material Material {
				diffuseColor 1 1 1
				transparency 0.7
			}
		}
		geometry IndexedFaceSet {
			coord Coordinate {
				point [
					370.651 68.3683 117.898,
					358.34 116.829 117.898,
					369.874 119.759 69.3345,
					382.185 71.2985 69.3345,
					361.238 65.9768 115.518,
					348.926 114.437 115.518,
					360.461 117.368 66.9544,
					372.772 68.907 66.9544,
				]
			}
			coordIndex [
				0, 3, 2, 1, -1,
				4, 7, 3, 0, -1,
				7, 6, 2, 3, -1,
				6, 5, 1, 2, -1,
				5, 4, 0, 1, -1,
				4, 5, 6, 7, -1,
			]
			solid FALSE
		}
	}
#---------- SOLID: Collimator_62:0
	Shape {
		appearance Appearance {
			material Material {
				diffuseColor 1 1 1
				transparency 0.7
			}
		}
		geometry IndexedFaceSet {
			coord Coordinate {
				point [
					320.607 112.069 117.518,
					298.792 161.467 117.518,
					311.429 167.047 65.3148,
					333.244 117.65 65.3148,
					243.418 104.054 73.3054,
					240.873 109.817 73.3054,
					242.348 110.468 67.215,
					244.893 104.705 67.215,
					333.496 114.484 123.998,
					309.258 169.37 123.998,
					323.298 175.571 65.9944,
					347.537 120.684 65.9944,
					321.116 109.016 120.417,
					296.877 163.903 120.417,
					310.918 170.103 62.413,
					335.156 115.217 62.413,
					333.155 116.521 122.063,
					310.532 167.748 122.063,
					323.637 173.536 67.9264,
					346.26 122.309 67.9264,
					333.88 116.841 64.3452,
					320.775 111.054 118.482,
					311.257 168.069 64.3452,
					298.153 162.281 118.482,
					243.08 106.088 71.3741,
					242.151 108.192 71.3741,
					242.689 108.43 69.1507,
					243.619 106.326 69.1507,
					331.968 119.27 67.2504,
					320.268 114.103 115.586,
					311.77 165.008 67.2504,
					300.069 159.841 115.586,
					243.418 104.053 73.3052,
					240.873 109.817 73.3052,
					242.348 110.468 67.2148,
					244.893 104.705 67.2148,
					240.927 101.916 73.4548,
					237.615 109.415 73.4548,
					239.533 110.262 65.5303,
					242.845 102.763 65.5303,
					243.078 106.09 71.3716,
					242.149 108.194 71.3716,
					242.687 108.431 69.1482,
					243.617 106.328 69.1482,
					241.569 104.386 67.4637,
					240.587 103.952 71.5212,
					239.873 108.226 67.4637,
					238.891 107.792 71.5212,
				]
			}
			coordIndex [
				4, 7, 3, 0, -1,
				7, 6, 2, 3, -1,
				6, 5, 1, 2, -1,
				5, 4, 0, 1, -1,
				4, 5, 6, 7, -1,
				8, 11, 10, 9, -1,
				12, 15, 11, 8, -1,
				15, 14, 10, 11, -1,
				14, 13, 9, 10, -1,
				13, 12, 8, 9, -1,
				16, 17, 18, 19, -1,
				12, 13, 21, -1,
				23, 21, 13, -1,
				15, 12, 21, -1,
				22, 23, 13, -1,
				15, 21, 20, -1,
				22, 13, 14, -1,
				14, 15, 20, -1,
				20, 22, 14, -1,
				21, 16, 19, -1,
				19, 20, 21, -1,
				20, 19, 18, -1,
				18, 22, 20, -1,
				22, 18, 17, -1,
				17, 23, 22, -1,
				23, 17, 16, -1,
				16, 21, 23, -1,
				24, 27, 26, 25, -1,
				3, 30, 28, -1,
				30, 3, 2, -1,
				0, 3, 28, -1,
				31, 30, 2, -1,
				0, 28, 29, -1,
				31, 2, 1, -1,
				1, 0, 29, -1,
				29, 31, 1, -1,
				28, 27, 24, -1,
				24, 29, 28, -1,
				30, 26, 27, -1,
				27, 28, 30, -1,
				31, 25, 26, -1,
				26, 30, 31, -1,
				29, 24, 25, -1,
				25, 31, 29, -1,
				32, 35, 34, 33, -1,
				36, 39, 35, 32, -1,
				39, 38, 34, 35, -1,
				38, 37, 33, 34, -1,
				37, 36, 32, 33, -1,
				40, 41, 42, 43, -1,
				36, 37, 45, -1,
				47, 45, 37, -1,
				39, 36, 45, -1,
				46, 47, 37, -1,
				39, 45, 44, -1,
				46, 37, 38, -1,
				38, 39, 44, -1,
				44, 46, 38, -1,
				45, 40, 43, -1,
				43, 44, 45, -1,
				44, 43, 42, -1,
				42, 46, 44, -1,
				46, 42, 41, -1,
				41, 47, 46, -1,
				47, 41, 40, -1,
				40, 45, 47, -1,
			]
			solid FALSE
		}
	}
#---------- SOLID: DetectorCrystal_62:0
	Shape {
		appearance Appearance {
			material Material {
				diffuseColor 1 1 1
				transparency 0.7
			}
		}
		geometry IndexedFaceSet {
			coord Coordinate {
				point [
					329.11 118.011 118.143,
					308.912 163.749 118.143,
					320.612 168.916 69.8064,
					340.811 123.178 69.8064,
					320.267 114.105 115.584,
					300.068 159.844 115.584,
					311.769 165.011 67.2482,
					331.968 119.273 67.2482,
				]
			}
			coordIndex [
				0, 3, 2, 1, -1,
				4, 7, 3, 0, -1,
				7, 6, 2, 3, -1,
				6, 5, 1, 2, -1,
				5, 4, 0, 1, -1,
				4, 5, 6, 7, -1,
			]
			solid FALSE
		}
	}
#---------- SOLID: pixel_62_param:0
	Shape {
		appearance Appearance {
			material Material {
				diffuseColor 1 1 1
				transparency 0.7
			}
		}
		geometry IndexedFaceSet {
			coord Coordinate {
				point [
					329.11 118.011 118.143,
					308.912 163.749 118.143,
					320.612 168.916 69.8064,
					340.811 123.178 69.8064,
					320.267 114.105 115.584,
					300.068 159.844 115.584,
					311.769 165.011 67.2482,
					331.968 119.273 67.2482,
				]
			}
			coordIndex [
				0, 3, 2, 1, -1,
				4, 7, 3, 0, -1,
				7, 6, 2, 3, -1,
				6, 5, 1, 2, -1,
				5, 4, 0, 1, -1,
				4, 5, 6, 7, -1,
			]
			solid FALSE
		}
	}
#---------- SOLID: Collimator_63:0
	Shape {
		appearance Appearance {
			material Material {
				diffuseColor 1 1 1
				transparency 0.7
			}
		}
		geometry IndexedFaceSet {
			coord Coordinate {
				point [
					270.487 151.234 117.577,
					240.128 195.892 117.577,
					252.558 204.342 65.711,
					282.917 159.685 65.711,
					202.378 133.772 73.5774,
					198.837 138.982 73.5774,
					200.287 139.968 67.5264,
					203.829 134.758 67.5264,
					282.602 155.845 124.354,
					248.869 205.465 124.354,
					262.681 214.854 66.7248,
					296.413 165.234 66.7248,
					271.482 148.285 120.457,
					237.749 197.905 120.457,
					251.56 207.294 62.8279,
					285.293 157.674 62.8279,
					281.936 157.813 122.431,
					250.453 204.125 122.431,
					263.343 212.888 68.6442,
					294.827 166.576 68.6442,
					283.708 159.017 64.7476,
					270.817 150.254 118.535,
					252.224 205.329 64.7476,
					239.333 196.565 118.535,
					201.716 135.737 71.6585,
					200.423 137.64 71.6585,
					200.953 137.999 69.4494,
					202.246 136.097 69.4494,
					281.333 161.024 67.634,
					269.824 153.199 115.657,
					253.223 202.373 67.634,
					241.714 194.549 115.657,
					202.378 133.772 73.5772,
					198.836 138.982 73.5772,
					200.287 139.968 67.5262,
					203.829 134.758 67.5262,
					200.339 131.134 73.7365,
					195.633 138.056 73.7365,
					197.56 139.366 65.6968,
					202.266 132.443 65.6968,
					201.714 135.739 71.6561,
					200.421 137.641 71.6561,
					200.951 138.001 69.447,
					202.244 136.099 69.447,
					200.681 133.785 67.6177,
					199.675 133.101 71.8155,
					198.224 137.399 67.6177,
					197.218 136.715 71.8155,
				]
			}
			coordIndex [
				4, 7, 3, 0, -1,
				7, 6, 2, 3, -1,
				6, 5, 1, 2, -1,
				5, 4, 0, 1, -1,
				4, 5, 6, 7, -1,
				8, 11, 10, 9, -1,
				12, 15, 11, 8, -1,
				15, 14, 10, 11, -1,
				14, 13, 9, 10, -1,
				13, 12, 8, 9, -1,
				16, 17, 18, 19, -1,
				12, 13, 21, -1,
				23, 21, 13, -1,
				15, 12, 21, -1,
				22, 23, 13, -1,
				15, 21, 20, -1,
				22, 13, 14, -1,
				14, 15, 20, -1,
				20, 22, 14, -1,
				21, 16, 19, -1,
				19, 20, 21, -1,
				20, 19, 18, -1,
				18, 22, 20, -1,
				22, 18, 17, -1,
				17, 23, 22, -1,
				23, 17, 16, -1,
				16, 21, 23, -1,
				24, 27, 26, 25, -1,
				3, 30, 28, -1,
				30, 3, 2, -1,
				0, 3, 28, -1,
				31, 30, 2, -1,
				0, 28, 29, -1,
				31, 2, 1, -1,
				1, 0, 29, -1,
				29, 31, 1, -1,
				28, 27, 24, -1,
				24, 29, 28, -1,
				30, 26, 27, -1,
				27, 28, 30, -1,
				31, 25, 26, -1,
				26, 30, 31, -1,
				29, 24, 25, -1,
				25, 31, 29, -1,
				32, 35, 34, 33, -1,
				36, 39, 35, 32, -1,
				39, 38, 34, 35, -1,
				38, 37, 33, 34, -1,
				37, 36, 32, 33, -1,
				40, 41, 42, 43, -1,
				36, 37, 45, -1,
				47, 45, 37, -1,
				39, 36, 45, -1,
				46, 47, 37, -1,
				39, 45, 44, -1,
				46, 37, 38, -1,
				38, 39, 44, -1,
				44, 46, 38, -1,
				45, 40, 43, -1,
				43, 44, 45, -1,
				44, 43, 42, -1,
				42, 46, 44, -1,
				46, 42, 41, -1,
				41, 47, 46, -1,
				47, 41, 40, -1,
				40, 45, 47, -1,
			]
			solid FALSE
		}
	}
#---------- SOLID: DetectorCrystal_63:0
	Shape {
		appearance Appearance {
			material Material {
				diffuseColor 1 1 1
				transparency 0.7
			}
		}
		geometry IndexedFaceSet {
			coord Coordinate {
				point [
					277.766 158.601 118.439,
					249.656 199.951 118.439,
					261.165 207.775 70.4154,
					289.276 166.426 70.4154,
					269.823 153.201 115.656,
					241.713 194.551 115.656,
					253.222 202.375 67.6319,
					281.333 161.026 67.6319,
				]
			}
			coordIndex [
				0, 3, 2, 1, -1,
				4, 7, 3, 0, -1,
				7, 6, 2, 3, -1,
				6, 5, 1, 2, -1,
				5, 4, 0, 1, -1,
				4, 5, 6, 7, -1,
			]
			solid FALSE
		}
	}
#---------- SOLID: pixel_63_param:0
	Shape {
		appearance Appearance {
			material Material {
				diffuseColor 1 1 1
				transparency 0.7
			}
		}
		geometry IndexedFaceSet {
			coord Coordinate {
				point [
					277.766 158.601 118.439,
					249.656 199.951 118.439,
					261.165 207.775 70.4154,
					289.276 166.426 70.4154,
					269.823 153.201 115.656,
					241.713 194.551 115.656,
					253.222 202.375 67.6319,
					281.333 161.026 67.6319,
				]
			}
			coordIndex [
				0, 3, 2, 1, -1,
				4, 7, 3, 0, -1,
				7, 6, 2, 3, -1,
				6, 5, 1, 2, -1,
				5, 4, 0, 1, -1,
				4, 5, 6, 7, -1,
			]
			solid FALSE
		}
	}
#---------- SOLID: Collimator_64:0
	Shape {
		appearance Appearance {
			material Material {
				diffuseColor 1 1 1
				transparency 0.7
			}
		}
		geometry IndexedFaceSet {
			coord Coordinate {
				point [
					214.486 180.623 117.627,
					175.887 218.387 117.627,
					187.393 230.146 66.1938,
					225.992 192.383 66.1938,
					156.599 155.558 73.9058,
					152.095 159.964 73.9058,
					153.438 161.336 67.9054,
					157.941 156.93 67.9054,
					225.315 187.404 124.748,
					182.427 229.364 124.748,
					195.211 242.43 67.6001,
					238.099 200.47 67.6001,
					215.99 177.872 120.482,
					173.102 219.832 120.482,
					185.886 232.899 63.3348,
					228.774 190.939 63.3348,
					224.31 189.239 122.841,
					184.281 228.401 122.841,
					196.213 240.597 69.5035,
					236.242 201.434 69.5035,
					226.917 191.903 65.2385,
					214.985 179.708 118.576,
					186.888 231.066 65.2385,
					174.957 218.87 118.576,
					155.597 157.392 72.0028,
					153.953 159 72.0028,
					154.443 159.501 69.8121,
					156.087 157.892 69.8121,
					224.137 193.344 68.1006,
					213.484 182.455 115.723,
					188.398 228.31 68.1006,
					177.745 217.421 115.723,
					156.599 155.558 73.9056,
					152.095 159.964 73.9056,
					153.438 161.336 67.9051,
					157.941 156.93 67.9051,
					155.171 152.472 74.0754,
					149.041 158.469 74.0754,
					150.868 160.337 65.9073,
					156.998 154.34 65.9073,
					155.595 157.392 72.0006,
					153.951 159.001 72.0006,
					154.441 159.502 69.8099,
					156.085 157.893 69.8099,
					155.143 155.303 67.8122,
					154.168 154.306 72.1704,
					151.872 158.503 67.8122,
					150.897 157.506 72.1704,
				]
			}
			coordIndex [
				4, 7, 3, 0, -1,
				7, 6, 2, 3, -1,
				6, 5, 1, 2, -1,
				5, 4, 0, 1, -1,
				4, 5, 6, 7, -1,
				8, 11, 10, 9, -1,
				12, 15, 11, 8, -1,
				15, 14, 10, 11, -1,
				14, 13, 9, 10, -1,
				13, 12, 8, 9, -1,
				16, 17, 18, 19, -1,
				12, 13, 21, -1,
				23, 21, 13, -1,
				15, 12, 21, -1,
				22, 23, 13, -1,
				15, 21, 20, -1,
				22, 13, 14, -1,
				14, 15, 20, -1,
				20, 22, 14, -1,
				21, 16, 19, -1,
				19, 20, 21, -1,
				20, 19, 18, -1,
				18, 22, 20, -1,
				22, 18, 17, -1,
				17, 23, 22, -1,
				23, 17, 16, -1,
				16, 21, 23, -1,
				24, 27, 26, 25, -1,
				3, 30, 28, -1,
				30, 3, 2, -1,
				0, 3, 28, -1,
				31, 30, 2, -1,
				0, 28, 29, -1,
				31, 2, 1, -1,
				1, 0, 29, -1,
				29, 31, 1, -1,
				28, 27, 24, -1,
				24, 29, 28, -1,
				30, 26, 27, -1,
				27, 28, 30, -1,
				31, 25, 26, -1,
				26, 30, 31, -1,
				29, 24, 25, -1,
				25, 31, 29, -1,
				32, 35, 34, 33, -1,
				36, 39, 35, 32, -1,
				39, 38, 34, 35, -1,
				38, 37, 33, 34, -1,
				37, 36, 32, 33, -1,
				40, 41, 42, 43, -1,
				36, 37, 45, -1,
				47, 45, 37, -1,
				39, 36, 45, -1,
				46, 47, 37, -1,
				39, 45, 44, -1,
				46, 37, 38, -1,
				38, 39, 44, -1,
				44, 46, 38, -1,
				45, 40, 43, -1,
				43, 44, 45, -1,
				44, 43, 42, -1,
				42, 46, 44, -1,
				46, 42, 41, -1,
				41, 47, 46, -1,
				47, 41, 40, -1,
				40, 45, 47, -1,
			]
			solid FALSE
		}
	}
#---------- SOLID: DetectorCrystal_64:0
	Shape {
		appearance Appearance {
			material Material {
				diffuseColor 1 1 1
				transparency 0.7
			}
		}
		geometry IndexedFaceSet {
			coord Coordinate {
				point [
					220.144 189.265 118.768,
					184.404 224.232 118.768,
					195.057 235.12 71.1454,
					230.797 200.154 71.1454,
					213.483 182.457 115.722,
					177.743 217.423 115.722,
					188.396 228.312 68.0987,
					224.136 193.346 68.0987,
				]
			}
			coordIndex [
				0, 3, 2, 1, -1,
				4, 7, 3, 0, -1,
				7, 6, 2, 3, -1,
				6, 5, 1, 2, -1,
				5, 4, 0, 1, -1,
				4, 5, 6, 7, -1,
			]
			solid FALSE
		}
	}
#---------- SOLID: pixel_64_param:0
	Shape {
		appearance Appearance {
			material Material {
				diffuseColor 1 1 1
				transparency 0.7
			}
		}
		geometry IndexedFaceSet {
			coord Coordinate {
				point [
					220.144 189.265 118.768,
					184.404 224.232 118.768,
					195.057 235.12 71.1454,
					230.797 200.154 71.1454,
					213.483 182.457 115.722,
					177.743 217.423 115.722,
					188.396 228.312 68.0987,
					224.136 193.346 68.0987,
				]
			}
			coordIndex [
				0, 3, 2, 1, -1,
				4, 7, 3, 0, -1,
				7, 6, 2, 3, -1,
				6, 5, 1, 2, -1,
				5, 4, 0, 1, -1,
				4, 5, 6, 7, -1,
			]
			solid FALSE
		}
	}
#---------- SOLID: Collimator_65:0
	Shape {
		appearance Appearance {
			material Material {
				diffuseColor 1 1 1
				transparency 0.7
			}
		}
		geometry IndexedFaceSet {
			coord Coordinate {
				point [
					155.662 200.521 117.729,
					109.726 228.91 117.729,
					119.176 244.2 66.8078,
					165.111 215.811 66.8078,
					108.399 169.411 74.3246,
					103.04 172.723 74.3246,
					104.143 174.507 68.3838,
					109.502 171.195 68.3838,
					164.628 209.325 125.216,
					113.588 240.868 125.216,
					124.087 257.857 68.6371,
					175.127 226.314 68.6371,
					157.687 198.095 120.556,
					106.648 229.638 120.556,
					117.147 246.627 63.9772,
					168.187 215.084 63.9772,
					163.275 210.944 123.328,
					115.638 240.383 123.328,
					125.437 256.24 70.5216,
					173.074 226.8 70.5216,
					166.134 215.57 65.8619,
					156.335 199.714 118.669,
					118.497 245.01 65.8619,
					108.698 229.154 118.669,
					107.05 171.028 72.4403,
					105.093 172.237 72.4403,
					105.496 172.889 70.2715,
					107.452 171.68 70.2715,
					163.061 216.295 68.6955,
					154.312 202.138 115.844,
					120.529 242.58 68.6955,
					111.78 228.423 115.844,
					108.399 169.411 74.3244,
					103.04 172.723 74.3244,
					104.143 174.507 68.3836,
					109.502 171.195 68.3836,
					107.756 165.995 74.5032,
					100.272 170.619 74.5032,
					101.812 173.11 66.2077,
					109.295 168.485 66.2077,
					107.048 171.029 72.4383,
					105.091 172.238 72.4383,
					105.494 172.889 70.2694,
					107.45 171.68 70.2694,
					107.244 168.971 68.0935,
					106.404 167.612 72.6171,
					103.163 171.493 68.0935,
					102.324 170.134 72.6171,
				]
			}
			coordIndex [
				4, 7, 3, 0, -1,
				7, 6, 2, 3, -1,
				6, 5, 1, 2, -1,
				5, 4, 0, 1, -1,
				4, 5, 6, 7, -1,
				8, 11, 10, 9, -1,
				12, 15, 11, 8, -1,
				15, 14, 10, 11, -1,
				14, 13, 9, 10, -1,
				13, 12, 8, 9, -1,
				16, 17, 18, 19, -1,
				12, 13, 21, -1,
				23, 21, 13, -1,
				15, 12, 21, -1,
				22, 23, 13, -1,
				15, 21, 20, -1,
				22, 13, 14, -1,
				14, 15, 20, -1,
				20, 22, 14, -1,
				21, 16, 19, -1,
				19, 20, 21, -1,
				20, 19, 18, -1,
				18, 22, 20, -1,
				22, 18, 17, -1,
				17, 23, 22, -1,
				23, 17, 16, -1,
				16, 21, 23, -1,
				24, 27, 26, 25, -1,
				3, 30, 28, -1,
				30, 3, 2, -1,
				0, 3, 28, -1,
				31, 30, 2, -1,
				0, 28, 29, -1,
				31, 2, 1, -1,
				1, 0, 29, -1,
				29, 31, 1, -1,
				28, 27, 24, -1,
				24, 29, 28, -1,
				30, 26, 27, -1,
				27, 28, 30, -1,
				31, 25, 26, -1,
				26, 30, 31, -1,
				29, 24, 25, -1,
				25, 31, 29, -1,
				32, 35, 34, 33, -1,
				36, 39, 35, 32, -1,
				39, 38, 34, 35, -1,
				38, 37, 33, 34, -1,
				37, 36, 32, 33, -1,
				40, 41, 42, 43, -1,
				36, 37, 45, -1,
				47, 45, 37, -1,
				39, 36, 45, -1,
				46, 47, 37, -1,
				39, 45, 44, -1,
				46, 37, 38, -1,
				38, 39, 44, -1,
				44, 46, 38, -1,
				45, 40, 43, -1,
				43, 44, 45, -1,
				44, 43, 42, -1,
				42, 46, 44, -1,
				46, 42, 41, -1,
				41, 47, 46, -1,
				47, 41, 40, -1,
				40, 45, 47, -1,
			]
			solid FALSE
		}
	}
#---------- SOLID: DetectorCrystal_65:0
	Shape {
		appearance Appearance {
			material Material {
				diffuseColor 1 1 1
				transparency 0.7
			}
		}
		geometry IndexedFaceSet {
			coord Coordinate {
				point [
					159.268 210.161 119.171,
					116.735 236.446 119.171,
					125.484 250.603 72.0222,
					168.018 224.318 72.0222,
					154.311 202.139 115.843,
					111.778 228.425 115.843,
					120.527 242.582 68.6937,
					163.06 216.296 68.6937,
				]
			}
			coordIndex [
				0, 3, 2, 1, -1,
				4, 7, 3, 0, -1,
				7, 6, 2, 3, -1,
				6, 5, 1, 2, -1,
				5, 4, 0, 1, -1,
				4, 5, 6, 7, -1,
			]
			solid FALSE
		}
	}
#---------- SOLID: pixel_65_param:0
	Shape {
		appearance Appearance {
			material Material {
				diffuseColor 1 1 1
				transparency 0.7
			}
		}
		geometry IndexedFaceSet {
			coord Coordinate {
				point [
					159.268 210.161 119.171,
					116.735 236.446 119.171,
					125.484 250.603 72.0222,
					168.018 224.318 72.0222,
					154.311 202.139 115.843,
					111.778 228.425 115.843,
					120.527 242.582 68.6937,
					163.06 216.296 68.6937,
				]
			}
			coordIndex [
				0, 3, 2, 1, -1,
				4, 7, 3, 0, -1,
				7, 6, 2, 3, -1,
				6, 5, 1, 2, -1,
				5, 4, 0, 1, -1,
				4, 5, 6, 7, -1,
			]
			solid FALSE
		}
	}
#---------- SOLID: Collimator_66:0
	Shape {
		appearance Appearance {
			material Material {
				diffuseColor 1 1 1
				transparency 0.7
			}
		}
		geometry IndexedFaceSet {
			coord Coordinate {
				point [
					95.9678 211.874 117.806,
					44.5247 228.294 117.806,
					50.4202 246.765 67.4073,
					101.863 230.345 67.4073,
					59.3975 175.735 74.7294,
					53.3958 177.651 74.7294,
					54.0836 179.806 68.8496,
					60.0853 177.89 68.8496,
					102.469 222.384 125.631,
					45.3104 240.628 125.631,
					51.861 261.151 69.6325,
					109.02 242.907 69.6325,
					98.4964 209.936 120.605,
					41.3373 228.18 120.605,
					47.888 248.703 64.6057,
					105.047 230.459 64.6057,
					100.781 223.676 123.763,
					47.4323 240.704 123.763,
					53.5462 259.859 71.4976,
					106.895 242.831 71.4976,
					102.922 230.384 66.4712,
					96.8079 211.229 118.737,
					49.5734 247.412 66.4712,
					43.4595 228.257 118.737,
					57.7124 177.027 72.8644,
					55.5213 177.726 72.8644,
					55.7724 178.513 70.7178,
					57.9635 177.814 70.7178,
					99.7409 230.268 69.2755,
					94.2821 213.166 115.941,
					52.1091 245.471 69.2755,
					46.6503 228.369 115.941,
					59.3976 175.735 74.7292,
					53.3959 177.65 74.7292,
					54.0838 179.805 68.8493,
					60.0855 177.89 68.8493,
					59.6876 172.193 74.9149,
					51.1078 174.932 74.9149,
					52.0911 178.012 66.5093,
					60.6709 175.274 66.5093,
					57.7105 177.027 72.8624,
					55.5194 177.726 72.8624,
					55.7705 178.513 70.7158,
					57.9616 177.814 70.7158,
					58.547 175.198 68.3758,
					58.0005 173.485 73.0481,
					53.7779 176.72 68.3758,
					53.2314 175.008 73.0481,
				]
			}
			coordIndex [
				4, 7, 3, 0, -1,
				7, 6, 2, 3, -1,
				6, 5, 1, 2, -1,
				5, 4, 0, 1, -1,
				4, 5, 6, 7, -1,
				8, 11, 10, 9, -1,
				12, 15, 11, 8, -1,
				15, 14, 10, 11, -1,
				14, 13, 9, 10, -1,
				13, 12, 8, 9, -1,
				16, 17, 18, 19, -1,
				12, 13, 21, -1,
				23, 21, 13, -1,
				15, 12, 21, -1,
				22, 23, 13, -1,
				15, 21, 20, -1,
				22, 13, 14, -1,
				14, 15, 20, -1,
				20, 22, 14, -1,
				21, 16, 19, -1,
				19, 20, 21, -1,
				20, 19, 18, -1,
				18, 22, 20, -1,
				22, 18, 17, -1,
				17, 23, 22, -1,
				23, 17, 16, -1,
				16, 21, 23, -1,
				24, 27, 26, 25, -1,
				3, 30, 28, -1,
				30, 3, 2, -1,
				0, 3, 28, -1,
				31, 30, 2, -1,
				0, 28, 29, -1,
				31, 2, 1, -1,
				1, 0, 29, -1,
				29, 31, 1, -1,
				28, 27, 24, -1,
				24, 29, 28, -1,
				30, 26, 27, -1,
				27, 28, 30, -1,
				31, 25, 26, -1,
				26, 30, 31, -1,
				29, 24, 25, -1,
				25, 31, 29, -1,
				32, 35, 34, 33, -1,
				36, 39, 35, 32, -1,
				39, 38, 34, 35, -1,
				38, 37, 33, 34, -1,
				37, 36, 32, 33, -1,
				40, 41, 42, 43, -1,
				36, 37, 45, -1,
				47, 45, 37, -1,
				39, 36, 45, -1,
				46, 47, 37, -1,
				39, 45, 44, -1,
				46, 37, 38, -1,
				38, 39, 44, -1,
				44, 46, 38, -1,
				45, 40, 43, -1,
				43, 44, 45, -1,
				44, 43, 42, -1,
				42, 46, 44, -1,
				46, 42, 41, -1,
				41, 47, 46, -1,
				47, 41, 40, -1,
				40, 45, 47, -1,
			]
			solid FALSE
		}
	}
#---------- SOLID: DetectorCrystal_66:0
	Shape {
		appearance Appearance {
			material Material {
				diffuseColor 1 1 1
				transparency 0.7
			}
		}
		geometry IndexedFaceSet {
			coord Coordinate {
				point [
					97.1188 222.058 119.53,
					49.4862 237.261 119.53,
					54.9451 254.364 72.8645,
					102.578 239.161 72.8645,
					94.2809 213.167 115.94,
					46.6483 228.37 115.94,
					52.1072 245.473 69.2739,
					99.7397 230.269 69.2739,
				]
			}
			coordIndex [
				0, 3, 2, 1, -1,
				4, 7, 3, 0, -1,
				7, 6, 2, 3, -1,
				6, 5, 1, 2, -1,
				5, 4, 0, 1, -1,
				4, 5, 6, 7, -1,
			]
			solid FALSE
		}
	}
#---------- SOLID: pixel_66_param:0
	Shape {
		appearance Appearance {
			material Material {
				diffuseColor 1 1 1
				transparency 0.7
			}
		}
		geometry IndexedFaceSet {
			coord Coordinate {
				point [
					97.1188 222.058 119.53,
					49.4862 237.261 119.53,
					54.9451 254.364 72.8645,
					102.578 239.161 72.8645,
					94.2809 213.167 115.94,
					46.6483 228.37 115.94,
					52.1072 245.473 69.2739,
					99.7397 230.269 69.2739,
				]
			}
			coordIndex [
				0, 3, 2, 1, -1,
				4, 7, 3, 0, -1,
				7, 6, 2, 3, -1,
				6, 5, 1, 2, -1,
				5, 4, 0, 1, -1,
				4, 5, 6, 7, -1,
			]
			solid FALSE
		}
	}
#---------- SOLID: Collimator_67:0
	Shape {
		appearance Appearance {
			material Material {
				diffuseColor 1 1 1
				transparency 0.7
			}
		}
		geometry IndexedFaceSet {
			coord Coordinate {
				point [
					36.0159 215.589 117.854,
					-17.9372 217.839 117.854,
					-17.0855 238.258 67.8707,
					36.8676 236.008 67.8707,
					10.449 174.924 75.0398,
					4.15447 175.186 75.0398,
					4.25384 177.568 69.2084,
					10.5484 177.306 69.2084,
					39.5043 227.276 125.928,
					-20.4435 229.777 125.928,
					-19.4972 252.464 70.3907,
					40.4507 249.964 70.3907,
					38.9643 214.329 120.629,
					-20.9836 216.829 120.629,
					-20.0373 239.517 65.0923,
					39.9106 237.017 65.0923,
					37.5359 228.116 124.075,
					-18.4155 230.449 124.075,
					-17.5322 251.625 72.2404,
					38.4191 249.291 72.2404,
					37.8791 236.344 66.9424,
					36.9958 215.169 118.777,
					-18.0723 238.678 66.9424,
					-18.9555 217.503 118.777,
					8.484 175.764 73.1901,
					6.18599 175.859 73.1901,
					6.22227 176.729 71.0612,
					8.52027 176.633 71.0612,
					34.8391 235.334 69.7235,
					34.0505 216.428 116.004,
					-15.1167 237.418 69.7235,
					-15.9053 218.512 116.004,
					10.4492 174.924 75.0395,
					4.15468 175.186 75.0395,
					4.25404 177.568 69.2081,
					10.5486 177.306 69.2081,
					11.7413 171.548 75.2293,
					2.58597 171.93 75.2293,
					2.73049 175.395 66.7476,
					11.8858 175.013 66.7476,
					8.48232 175.763 73.1882,
					6.18432 175.859 73.1882,
					6.2206 176.729 71.0592,
					8.5186 176.633 71.0592,
					9.85581 174.34 68.5988,
					9.77438 172.388 73.3779,
					4.6971 174.555 68.5988,
					4.61566 172.603 73.3779,
				]
			}
			coordIndex [
				4, 7, 3, 0, -1,
				7, 6, 2, 3, -1,
				6, 5, 1, 2, -1,
				5, 4, 0, 1, -1,
				4, 5, 6, 7, -1,
				8, 11, 10, 9, -1,
				12, 15, 11, 8, -1,
				15, 14, 10, 11, -1,
				14, 13, 9, 10, -1,
				13, 12, 8, 9, -1,
				16, 17, 18, 19, -1,
				12, 13, 21, -1,
				23, 21, 13, -1,
				15, 12, 21, -1,
				22, 23, 13, -1,
				15, 21, 20, -1,
				22, 13, 14, -1,
				14, 15, 20, -1,
				20, 22, 14, -1,
				21, 16, 19, -1,
				19, 20, 21, -1,
				20, 19, 18, -1,
				18, 22, 20, -1,
				22, 18, 17, -1,
				17, 23, 22, -1,
				23, 17, 16, -1,
				16, 21, 23, -1,
				24, 27, 26, 25, -1,
				3, 30, 28, -1,
				30, 3, 2, -1,
				0, 3, 28, -1,
				31, 30, 2, -1,
				0, 28, 29, -1,
				31, 2, 1, -1,
				1, 0, 29, -1,
				29, 31, 1, -1,
				28, 27, 24, -1,
				24, 29, 28, -1,
				30, 26, 27, -1,
				27, 28, 30, -1,
				31, 25, 26, -1,
				26, 30, 31, -1,
				29, 24, 25, -1,
				25, 31, 29, -1,
				32, 35, 34, 33, -1,
				36, 39, 35, 32, -1,
				39, 38, 34, 35, -1,
				38, 37, 33, 34, -1,
				37, 36, 32, 33, -1,
				40, 41, 42, 43, -1,
				36, 37, 45, -1,
				47, 45, 37, -1,
				39, 36, 45, -1,
				46, 47, 37, -1,
				39, 45, 44, -1,
				46, 37, 38, -1,
				38, 39, 44, -1,
				44, 46, 38, -1,
				45, 40, 43, -1,
				43, 44, 45, -1,
				44, 43, 42, -1,
				42, 46, 44, -1,
				46, 42, 41, -1,
				41, 47, 46, -1,
				47, 41, 40, -1,
				40, 45, 47, -1,
			]
			solid FALSE
		}
	}
#---------- SOLID: DetectorCrystal_67:0
	Shape {
		appearance Appearance {
			material Material {
				diffuseColor 1 1 1
				transparency 0.7
			}
		}
		geometry IndexedFaceSet {
			coord Coordinate {
				point [
					34.435 225.676 119.787,
					-15.5216 227.76 119.787,
					-14.733 246.667 73.5065,
					35.2236 244.583 73.5065,
					34.0492 216.428 116.003,
					-15.9074 218.512 116.003,
					-15.1188 237.418 69.7219,
					34.8378 235.335 69.7219,
				]
			}
			coordIndex [
				0, 3, 2, 1, -1,
				4, 7, 3, 0, -1,
				7, 6, 2, 3, -1,
				6, 5, 1, 2, -1,
				5, 4, 0, 1, -1,
				4, 5, 6, 7, -1,
			]
			solid FALSE
		}
	}
#---------- SOLID: pixel_67_param:0
	Shape {
		appearance Appearance {
			material Material {
				diffuseColor 1 1 1
				transparency 0.7
			}
		}
		geometry IndexedFaceSet {
			coord Coordinate {
				point [
					34.435 225.676 119.787,
					-15.5216 227.76 119.787,
					-14.733 246.667 73.5065,
					35.2236 244.583 73.5065,
					34.0492 216.428 116.003,
					-15.9074 218.512 116.003,
					-15.1188 237.418 69.7219,
					34.8378 235.335 69.7219,
				]
			}
			coordIndex [
				0, 3, 2, 1, -1,
				4, 7, 3, 0, -1,
				7, 6, 2, 3, -1,
				6, 5, 1, 2, -1,
				5, 4, 0, 1, -1,
				4, 5, 6, 7, -1,
			]
			solid FALSE
		}
	}
#---------- SOLID: Collimator_68:0
	Shape {
		appearance Appearance {
			material Material {
				diffuseColor 1 1 1
				transparency 0.7
			}
		}
		geometry IndexedFaceSet {
			coord Coordinate {
				point [
					-24.9988 211.68 117.872,
					-77.3919 198.605 117.872,
					-82.4451 218.854 68.0674,
					-30.052 231.929 68.0674,
					-38.4073 166.909 75.1709,
					-44.5198 165.384 75.1709,
					-45.1093 167.746 69.3603,
					-38.9968 169.272 69.3603,
					-24.9354 223.809 126.048,
					-83.1499 209.281 126.048,
					-88.7646 231.779 70.7096,
					-30.55 246.307 70.7096,
					-21.8089 211.281 120.637,
					-80.0235 196.753 120.637,
					-85.6381 219.251 65.299,
					-27.4235 233.779 65.299,
					-27.0646 224.074 124.202,
					-81.3982 210.514 124.202,
					-86.6385 231.513 72.5526,
					-32.3049 245.072 72.5526,
					-29.1787 232.545 67.1424,
					-23.9383 211.547 118.791,
					-83.5123 218.986 67.1424,
					-78.2719 197.987 118.791,
					-40.5334 167.176 73.3277,
					-42.7649 166.619 73.3277,
					-42.9802 167.481 71.2064,
					-40.7486 168.038 71.2064,
					-31.8039 230.694 69.9135,
					-27.1251 211.946 116.028,
					-80.3153 218.588 69.9135,
					-75.6365 199.84 116.028,
					-38.407 166.909 75.1706,
					-44.5195 165.384 75.1706,
					-45.1091 167.746 69.3601,
					-38.9965 169.272 69.3601,
					-36.1792 164.03 75.3618,
					-45.1334 161.796 75.3618,
					-45.997 165.256 66.8501,
					-37.0428 167.491 66.8501,
					-40.5348 167.175 73.3258,
					-42.7664 166.618 73.3258,
					-42.9816 167.48 71.2046,
					-40.75 168.037 71.2046,
					-38.7963 166.257 68.6946,
					-38.3071 164.296 73.517,
					-43.8694 164.99 68.6946,
					-43.3802 163.03 73.517,
				]
			}
			coordIndex [
				4, 7, 3, 0, -1,
				7, 6, 2, 3, -1,
				6, 5, 1, 2, -1,
				5, 4, 0, 1, -1,
				4, 5, 6, 7, -1,
				8, 11, 10, 9, -1,
				12, 15, 11, 8, -1,
				15, 14, 10, 11, -1,
				14, 13, 9, 10, -1,
				13, 12, 8, 9, -1,
				16, 17, 18, 19, -1,
				12, 13, 21, -1,
				23, 21, 13, -1,
				15, 12, 21, -1,
				22, 23, 13, -1,
				15, 21, 20, -1,
				22, 13, 14, -1,
				14, 15, 20, -1,
				20, 22, 14, -1,
				21, 16, 19, -1,
				19, 20, 21, -1,
				20, 19, 18, -1,
				18, 22, 20, -1,
				22, 18, 17, -1,
				17, 23, 22, -1,
				23, 17, 16, -1,
				16, 21, 23, -1,
				24, 27, 26, 25, -1,
				3, 30, 28, -1,
				30, 3, 2, -1,
				0, 3, 28, -1,
				31, 30, 2, -1,
				0, 28, 29, -1,
				31, 2, 1, -1,
				1, 0, 29, -1,
				29, 31, 1, -1,
				28, 27, 24, -1,
				24, 29, 28, -1,
				30, 26, 27, -1,
				27, 28, 30, -1,
				31, 25, 26, -1,
				26, 30, 31, -1,
				29, 24, 25, -1,
				25, 31, 29, -1,
				32, 35, 34, 33, -1,
				36, 39, 35, 32, -1,
				39, 38, 34, 35, -1,
				38, 37, 33, 34, -1,
				37, 36, 32, 33, -1,
				40, 41, 42, 43, -1,
				36, 37, 45, -1,
				47, 45, 37, -1,
				39, 36, 45, -1,
				46, 47, 37, -1,
				39, 45, 44, -1,
				46, 37, 38, -1,
				38, 39, 44, -1,
				44, 46, 38, -1,
				45, 40, 43, -1,
				43, 44, 45, -1,
				44, 43, 42, -1,
				42, 46, 44, -1,
				46, 42, 41, -1,
				41, 47, 46, -1,
				47, 41, 40, -1,
				40, 45, 47, -1,
			]
			solid FALSE
		}
	}
#---------- SOLID: DetectorCrystal_68:0
	Shape {
		appearance Appearance {
			material Material {
				diffuseColor 1 1 1
				transparency 0.7
			}
		}
		geometry IndexedFaceSet {
			coord Coordinate {
				point [
					-29.3596 220.895 119.892,
					-77.8718 208.788 119.892,
					-82.5507 227.536 73.7767,
					-34.0385 239.643 73.7767,
					-27.1264 211.946 116.027,
					-75.6386 199.839 116.027,
					-80.3175 218.588 69.912,
					-31.8053 230.695 69.912,
				]
			}
			coordIndex [
				0, 3, 2, 1, -1,
				4, 7, 3, 0, -1,
				7, 6, 2, 3, -1,
				6, 5, 1, 2, -1,
				5, 4, 0, 1, -1,
				4, 5, 6, 7, -1,
			]
			solid FALSE
		}
	}
#---------- SOLID: pixel_68_param:0
	Shape {
		appearance Appearance {
			material Material {
				diffuseColor 1 1 1
				transparency 0.7
			}
		}
		geometry IndexedFaceSet {
			coord Coordinate {
				point [
					-29.3596 220.895 119.892,
					-77.8718 208.788 119.892,
					-82.5507 227.536 73.7767,
					-34.0385 239.643 73.7767,
					-27.1264 211.946 116.027,
					-75.6386 199.839 116.027,
					-80.3175 218.588 69.912,
					-31.8053 230.695 69.912,
				]
			}
			coordIndex [
				0, 3, 2, 1, -1,
				4, 7, 3, 0, -1,
				7, 6, 2, 3, -1,
				6, 5, 1, 2, -1,
				5, 4, 0, 1, -1,
				4, 5, 6, 7, -1,
			]
			solid FALSE
		}
	}
#---------- SOLID: Collimator_69:0
	Shape {
		appearance Appearance {
			material Material {
				diffuseColor 1 1 1
				transparency 0.7
			}
		}
		geometry IndexedFaceSet {
			coord Coordinate {
				point [
					-86.1629 199 117.86,
					-132.66 171.541 117.86,
					-143.121 189.255 67.9321,
					-96.624 216.714 67.9321,
					-85.7397 151.381 75.0807,
					-91.1644 148.178 75.0807,
					-92.3849 150.244 69.2559,
					-86.9602 153.448 69.2559,
					-89.582 210.686 125.966,
					-141.246 180.176 125.966,
					-152.869 199.859 70.4904,
					-101.205 230.369 70.4904,
					-82.9998 199.541 120.632,
					-134.664 169.031 120.632,
					-146.287 188.713 65.1568,
					-94.6232 219.223 65.1568,
					-91.6928 210.324 124.115,
					-139.912 181.848 124.115,
					-150.761 200.218 72.338,
					-102.541 228.694 72.338,
					-95.9596 217.549 67.0048,
					-85.1111 199.179 118.782,
					-144.179 189.073 67.0048,
					-133.331 170.703 118.782,
					-87.848 151.021 73.2331,
					-89.8285 149.852 73.2331,
					-90.274 150.606 71.1065,
					-88.2936 151.776 71.1065,
					-97.9572 215.041 69.7828,
					-88.2712 198.64 116.011,
					-141.01 189.617 69.7828,
					-131.324 173.215 116.011,
					-85.7394 151.381 75.0805,
					-91.1641 148.177 75.0805,
					-92.3846 150.244 69.2556,
					-86.9599 153.448 69.2556,
					-82.8081 149.253 75.2707,
					-90.7159 144.583 75.2707,
					-92.495 147.595 66.7795,
					-84.5872 152.265 66.7795,
					-87.8491 151.02 73.2312,
					-89.8296 149.85 73.2312,
					-90.2751 150.605 71.1046,
					-88.2947 151.774 71.1046,
					-85.9221 150.592 68.6286,
					-84.9179 148.892 73.4214,
					-90.3856 147.956 68.6286,
					-89.3814 146.256 73.4214,
				]
			}
			coordIndex [
				4, 7, 3, 0, -1,
				7, 6, 2, 3, -1,
				6, 5, 1, 2, -1,
				5, 4, 0, 1, -1,
				4, 5, 6, 7, -1,
				8, 11, 10, 9, -1,
				12, 15, 11, 8, -1,
				15, 14, 10, 11, -1,
				14, 13, 9, 10, -1,
				13, 12, 8, 9, -1,
				16, 17, 18, 19, -1,
				12, 13, 21, -1,
				23, 21, 13, -1,
				15, 12, 21, -1,
				22, 23, 13, -1,
				15, 21, 20, -1,
				22, 13, 14, -1,
				14, 15, 20, -1,
				20, 22, 14, -1,
				21, 16, 19, -1,
				19, 20, 21, -1,
				20, 19, 18, -1,
				18, 22, 20, -1,
				22, 18, 17, -1,
				17, 23, 22, -1,
				23, 17, 16, -1,
				16, 21, 23, -1,
				24, 27, 26, 25, -1,
				3, 30, 28, -1,
				30, 3, 2, -1,
				0, 3, 28, -1,
				31, 30, 2, -1,
				0, 28, 29, -1,
				31, 2, 1, -1,
				1, 0, 29, -1,
				29, 31, 1, -1,
				28, 27, 24, -1,
				24, 29, 28, -1,
				30, 26, 27, -1,
				27, 28, 30, -1,
				31, 25, 26, -1,
				26, 30, 31, -1,
				29, 24, 25, -1,
				25, 31, 29, -1,
				32, 35, 34, 33, -1,
				36, 39, 35, 32, -1,
				39, 38, 34, 35, -1,
				38, 37, 33, 34, -1,
				37, 36, 32, 33, -1,
				40, 41, 42, 43, -1,
				36, 37, 45, -1,
				47, 45, 37, -1,
				39, 36, 45, -1,
				46, 47, 37, -1,
				39, 45, 44, -1,
				46, 37, 38, -1,
				38, 39, 44, -1,
				44, 46, 38, -1,
				45, 40, 43, -1,
				43, 44, 45, -1,
				44, 43, 42, -1,
				42, 46, 44, -1,
				46, 42, 41, -1,
				41, 47, 46, -1,
				47, 41, 40, -1,
				40, 45, 47, -1,
			]
			solid FALSE
		}
	}
#---------- SOLID: DetectorCrystal_69:0
	Shape {
		appearance Appearance {
			material Material {
				diffuseColor 1 1 1
				transparency 0.7
			}
		}
		geometry IndexedFaceSet {
			coord Coordinate {
				point [
					-92.974 206.601 119.82,
					-136.027 181.176 119.82,
					-145.713 197.578 73.591,
					-102.66 223.003 73.591,
					-88.2725 198.639 116.011,
					-131.326 173.214 116.011,
					-141.012 189.616 69.7813,
					-97.9587 215.041 69.7813,
				]
			}
			coordIndex [
				0, 3, 2, 1, -1,
				4, 7, 3, 0, -1,
				7, 6, 2, 3, -1,
				6, 5, 1, 2, -1,
				5, 4, 0, 1, -1,
				4, 5, 6, 7, -1,
			]
			solid FALSE
		}
	}
#---------- SOLID: pixel_69_param:0
	Shape {
		appearance Appearance {
			material Material {
				diffuseColor 1 1 1
				transparency 0.7
			}
		}
		geometry IndexedFaceSet {
			coord Coordinate {
				point [
					-92.974 206.601 119.82,
					-136.027 181.176 119.82,
					-145.713 197.578 73.591,
					-102.66 223.003 73.591,
					-88.2725 198.639 116.011,
					-131.326 173.214 116.011,
					-141.012 189.616 69.7813,
					-97.9587 215.041 69.7813,
				]
			}
			coordIndex [
				0, 3, 2, 1, -1,
				4, 7, 3, 0, -1,
				7, 6, 2, 3, -1,
				6, 5, 1, 2, -1,
				5, 4, 0, 1, -1,
				4, 5, 6, 7, -1,
			]
			solid FALSE
		}
	}
#---------- SOLID: Collimator_70:0
	Shape {
		appearance Appearance {
			material Material {
				diffuseColor 1 1 1
				transparency 0.7
			}
		}
		geometry IndexedFaceSet {
			coord Coordinate {
				point [
					-144.845 176.341 117.822,
					-182.225 137.37 117.822,
					-196.447 151.012 67.546,
					-159.067 189.983 67.546,
					-129.351 128.433 74.8225,
					-133.712 123.886 74.8225,
					-135.371 125.477 68.9571,
					-131.01 130.024 68.9571,
					-151.386 186.77 125.722,
					-192.919 143.468 125.722,
					-208.722 158.625 69.8605,
					-167.189 201.927 69.8605,
					-141.979 177.747 120.613,
					-183.512 134.446 120.613,
					-199.315 149.603 64.7513,
					-157.782 192.904 64.7513,
					-153.298 185.83 123.859,
					-192.062 145.415 123.859,
					-206.811 159.562 71.721,
					-168.047 199.977 71.721,
					-158.641 190.955 66.6122,
					-143.892 176.808 118.75,
					-197.405 150.54 66.6122,
					-182.656 136.393 118.75,
					-131.261 127.496 72.9621,
					-132.853 125.836 72.9621,
					-133.459 126.417 70.8207,
					-131.867 128.077 70.8207,
					-159.924 188.035 69.4096,
					-146.755 175.404 115.96,
					-194.534 151.951 69.4096,
					-181.365 139.32 115.96,
					-129.351 128.433 74.8223,
					-133.712 123.886 74.8223,
					-135.371 125.477 68.9568,
					-131.01 130.024 68.9568,
					-126.019 127.145 75.0093,
					-132.286 120.611 75.0093,
					-134.671 122.898 66.5801,
					-128.404 129.432 66.5801,
					-131.262 127.494 72.9601,
					-132.854 125.834 72.9601,
					-133.46 126.415 70.8187,
					-131.868 128.075 70.8187,
					-129.262 127.483 68.4421,
					-127.931 126.207 73.1471,
					-132.76 123.836 68.4421,
					-131.429 122.56 73.1471,
				]
			}
			coordIndex [
				4, 7, 3, 0, -1,
				7, 6, 2, 3, -1,
				6, 5, 1, 2, -1,
				5, 4, 0, 1, -1,
				4, 5, 6, 7, -1,
				8, 11, 10, 9, -1,
				12, 15, 11, 8, -1,
				15, 14, 10, 11, -1,
				14, 13, 9, 10, -1,
				13, 12, 8, 9, -1,
				16, 17, 18, 19, -1,
				12, 13, 21, -1,
				23, 21, 13, -1,
				15, 12, 21, -1,
				22, 23, 13, -1,
				15, 21, 20, -1,
				22, 13, 14, -1,
				14, 15, 20, -1,
				20, 22, 14, -1,
				21, 16, 19, -1,
				19, 20, 21, -1,
				20, 19, 18, -1,
				18, 22, 20, -1,
				22, 18, 17, -1,
				17, 23, 22, -1,
				23, 17, 16, -1,
				16, 21, 23, -1,
				24, 27, 26, 25, -1,
				3, 30, 28, -1,
				30, 3, 2, -1,
				0, 3, 28, -1,
				31, 30, 2, -1,
				0, 28, 29, -1,
				31, 2, 1, -1,
				1, 0, 29, -1,
				29, 31, 1, -1,
				28, 27, 24, -1,
				24, 29, 28, -1,
				30, 26, 27, -1,
				27, 28, 30, -1,
				31, 25, 26, -1,
				26, 30, 31, -1,
				29, 24, 25, -1,
				25, 31, 29, -1,
				32, 35, 34, 33, -1,
				36, 39, 35, 32, -1,
				39, 38, 34, 35, -1,
				38, 37, 33, 34, -1,
				37, 36, 32, 33, -1,
				40, 41, 42, 43, -1,
				36, 37, 45, -1,
				47, 45, 37, -1,
				39, 36, 45, -1,
				46, 47, 37, -1,
				39, 45, 44, -1,
				46, 37, 38, -1,
				38, 39, 44, -1,
				44, 46, 38, -1,
				45, 40, 43, -1,
				43, 44, 45, -1,
				44, 43, 42, -1,
				42, 46, 44, -1,
				46, 42, 41, -1,
				41, 47, 46, -1,
				47, 41, 40, -1,
				40, 45, 47, -1,
			]
			solid FALSE
		}
	}
#---------- SOLID: DetectorCrystal_70:0
	Shape {
		appearance Appearance {
			material Material {
				diffuseColor 1 1 1
				transparency 0.7
			}
		}
		geometry IndexedFaceSet {
			coord Coordinate {
				point [
					-153.476 181.848 119.609,
					-188.086 145.764 119.609,
					-201.255 158.394 73.0574,
					-166.644 194.479 73.0574,
					-146.756 175.403 115.96,
					-181.367 139.319 115.96,
					-194.536 151.95 69.408,
					-159.925 188.034 69.408,
				]
			}
			coordIndex [
				0, 3, 2, 1, -1,
				4, 7, 3, 0, -1,
				7, 6, 2, 3, -1,
				6, 5, 1, 2, -1,
				5, 4, 0, 1, -1,
				4, 5, 6, 7, -1,
			]
			solid FALSE
		}
	}
#---------- SOLID: pixel_70_param:0
	Shape {
		appearance Appearance {
			material Material {
				diffuseColor 1 1 1
				transparency 0.7
			}
		}
		geometry IndexedFaceSet {
			coord Coordinate {
				point [
					-153.476 181.848 119.609,
					-188.086 145.764 119.609,
					-201.255 158.394 73.0574,
					-166.644 194.479 73.0574,
					-146.756 175.403 115.96,
					-181.367 139.319 115.96,
					-194.536 151.95 69.408,
					-159.925 188.034 69.408,
				]
			}
			coordIndex [
				0, 3, 2, 1, -1,
				4, 7, 3, 0, -1,
				7, 6, 2, 3, -1,
				6, 5, 1, 2, -1,
				5, 4, 0, 1, -1,
				4, 5, 6, 7, -1,
			]
			solid FALSE
		}
	}
#---------- SOLID: Collimator_71:0
	Shape {
		appearance Appearance {
			material Material {
				diffuseColor 1 1 1
				transparency 0.7
			}
		}
		geometry IndexedFaceSet {
			coord Coordinate {
				point [
					-198.96 142.479 117.763,
					-225.364 95.3747 117.763,
					-241.553 104.449 67.0519,
					-215.149 151.554 67.0519,
					-168.014 97.7911 74.4899,
					-171.095 92.2956 74.4899,
					-172.984 93.3543 68.5737,
					-169.903 98.8498 68.5737,
					-208.063 151.019 125.39,
					-237.401 98.6804 125.39,
					-255.388 108.763 69.0445,
					-226.05 161.101 69.0445,
					-196.594 144.59 120.578,
					-225.932 92.2518 120.578,
					-243.92 102.335 64.233,
					-214.582 154.673 64.233,
					-209.641 149.608 123.51,
					-237.023 100.759 123.51,
					-253.811 110.17 70.9211,
					-226.429 159.019 70.9211,
					-214.961 152.591 66.11,
					-198.173 143.18 118.699,
					-242.343 103.742 66.11,
					-225.555 94.3312 118.699,
					-169.591 96.3845 72.6134,
					-170.716 94.3782 72.6134,
					-171.406 94.7647 70.4535,
					-170.281 96.771 70.4535,
					-215.526 149.474 68.9318,
					-200.537 141.072 115.885,
					-239.974 105.859 68.9318,
					-224.985 97.4573 115.885,
					-168.014 97.7912 74.4897,
					-171.095 92.2957 74.4897,
					-172.983 93.3544 68.5734,
					-169.903 98.8499 68.5734,
					-164.538 97.3232 74.6715,
					-168.881 89.5745 74.6715,
					-171.545 91.0673 66.3295,
					-167.201 98.816 66.3295,
					-169.592 96.3825 72.6114,
					-170.716 94.3762 72.6114,
					-171.406 94.7628 70.4515,
					-170.281 96.769 70.4515,
					-167.579 96.7352 68.2076,
					-166.116 95.9146 72.7932,
					-169.967 92.4757 68.2076,
					-168.503 91.6551 72.7932,
				]
			}
			coordIndex [
				4, 7, 3, 0, -1,
				7, 6, 2, 3, -1,
				6, 5, 1, 2, -1,
				5, 4, 0, 1, -1,
				4, 5, 6, 7, -1,
				8, 11, 10, 9, -1,
				12, 15, 11, 8, -1,
				15, 14, 10, 11, -1,
				14, 13, 9, 10, -1,
				13, 12, 8, 9, -1,
				16, 17, 18, 19, -1,
				12, 13, 21, -1,
				23, 21, 13, -1,
				15, 12, 21, -1,
				22, 23, 13, -1,
				15, 21, 20, -1,
				22, 13, 14, -1,
				14, 15, 20, -1,
				20, 22, 14, -1,
				21, 16, 19, -1,
				19, 20, 21, -1,
				20, 19, 18, -1,
				18, 22, 20, -1,
				22, 18, 17, -1,
				17, 23, 22, -1,
				23, 17, 16, -1,
				16, 21, 23, -1,
				24, 27, 26, 25, -1,
				3, 30, 28, -1,
				30, 3, 2, -1,
				0, 3, 28, -1,
				31, 30, 2, -1,
				0, 28, 29, -1,
				31, 2, 1, -1,
				1, 0, 29, -1,
				29, 31, 1, -1,
				28, 27, 24, -1,
				24, 29, 28, -1,
				30, 26, 27, -1,
				27, 28, 30, -1,
				31, 25, 26, -1,
				26, 30, 31, -1,
				29, 24, 25, -1,
				25, 31, 29, -1,
				32, 35, 34, 33, -1,
				36, 39, 35, 32, -1,
				39, 38, 34, 35, -1,
				38, 37, 33, 34, -1,
				37, 36, 32, 33, -1,
				40, 41, 42, 43, -1,
				36, 37, 45, -1,
				47, 45, 37, -1,
				39, 36, 45, -1,
				46, 47, 37, -1,
				39, 45, 44, -1,
				46, 37, 38, -1,
				38, 39, 44, -1,
				44, 46, 38, -1,
				45, 40, 43, -1,
				43, 44, 45, -1,
				44, 43, 42, -1,
				42, 46, 44, -1,
				46, 42, 41, -1,
				41, 47, 46, -1,
				47, 41, 40, -1,
				40, 45, 47, -1,
			]
			solid FALSE
		}
	}
#---------- SOLID: DetectorCrystal_71:0
	Shape {
		appearance Appearance {
			material Material {
				diffuseColor 1 1 1
				transparency 0.7
			}
		}
		geometry IndexedFaceSet {
			coord Coordinate {
				point [
					-208.729 145.662 119.321,
					-233.178 102.047 119.321,
					-248.167 110.45 72.3668,
					-223.719 154.065 72.3668,
					-200.538 141.071 115.884,
					-224.986 97.4554 115.884,
					-239.975 105.858 68.9301,
					-215.527 149.473 68.9301,
				]
			}
			coordIndex [
				0, 3, 2, 1, -1,
				4, 7, 3, 0, -1,
				7, 6, 2, 3, -1,
				6, 5, 1, 2, -1,
				5, 4, 0, 1, -1,
				4, 5, 6, 7, -1,
			]
			solid FALSE
		}
	}
#---------- SOLID: pixel_71_param:0
	Shape {
		appearance Appearance {
			material Material {
				diffuseColor 1 1 1
				transparency 0.7
			}
		}
		geometry IndexedFaceSet {
			coord Coordinate {
				point [
					-208.729 145.662 119.321,
					-233.178 102.047 119.321,
					-248.167 110.45 72.3668,
					-223.719 154.065 72.3668,
					-200.538 141.071 115.884,
					-224.986 97.4554 115.884,
					-239.975 105.858 68.9301,
					-215.527 149.473 68.9301,
				]
			}
			coordIndex [
				0, 3, 2, 1, -1,
				4, 7, 3, 0, -1,
				7, 6, 2, 3, -1,
				6, 5, 1, 2, -1,
				5, 4, 0, 1, -1,
				4, 5, 6, 7, -1,
			]
			solid FALSE
		}
	}
#---------- SOLID: Collimator_72:0
	Shape {
		appearance Appearance {
			material Material {
				diffuseColor 1 1 1
				transparency 0.7
			}
		}
		geometry IndexedFaceSet {
			coord Coordinate {
				point [
					-244.767 97.3567 117.692,
					-259.477 45.3988 117.692,
					-276.216 50.1378 66.5713,
					-261.506 102.096 66.5713,
					-199.423 59.7322 74.1639,
					-201.14 53.6704 74.1639,
					-203.093 54.2233 68.1997,
					-201.376 60.2851 68.1997,
					-255.772 103.588 125.041,
					-272.117 45.8573 125.041,
					-290.715 51.1228 68.24,
					-274.371 108.854 68.24,
					-243.02 99.9781 120.531,
					-259.364 42.247 120.531,
					-277.963 47.5126 63.7297,
					-261.619 105.244 63.7297,
					-256.937 101.838 123.146,
					-272.192 47.9554 123.146,
					-289.551 52.8699 70.1318,
					-274.296 106.752 70.1318,
					-261.545 103.142 65.6218,
					-244.186 98.2277 118.636,
					-276.799 49.2598 65.6218,
					-259.44 44.3454 118.636,
					-200.588 57.9854 72.2723,
					-201.215 55.7724 72.2723,
					-201.928 55.9742 70.0949,
					-201.301 58.1873 70.0949,
					-261.43 99.9972 68.4665,
					-245.931 95.6093 115.8,
					-275.05 51.8888 68.4665,
					-259.551 47.5009 115.8,
					-199.423 59.7323 74.1636,
					-201.139 53.6706 74.1636,
					-203.092 54.2234 68.1995,
					-201.376 60.2852 68.1995,
					-195.988 60.0136 74.3392,
					-198.361 51.6303 74.3392,
					-201.062 52.3949 66.091,
					-198.689 60.7782 66.091,
					-200.588 57.9833 72.2701,
					-201.215 55.7703 72.2701,
					-201.927 55.9721 70.0928,
					-201.301 58.1852 70.0928,
					-198.614 58.6781 67.9842,
					-197.153 58.2646 72.4457,
					-199.897 54.1437 67.9842,
					-198.437 53.7301 72.4457,
				]
			}
			coordIndex [
				4, 7, 3, 0, -1,
				7, 6, 2, 3, -1,
				6, 5, 1, 2, -1,
				5, 4, 0, 1, -1,
				4, 5, 6, 7, -1,
				8, 11, 10, 9, -1,
				12, 15, 11, 8, -1,
				15, 14, 10, 11, -1,
				14, 13, 9, 10, -1,
				13, 12, 8, 9, -1,
				16, 17, 18, 19, -1,
				12, 13, 21, -1,
				23, 21, 13, -1,
				15, 12, 21, -1,
				22, 23, 13, -1,
				15, 21, 20, -1,
				22, 13, 14, -1,
				14, 15, 20, -1,
				20, 22, 14, -1,
				21, 16, 19, -1,
				19, 20, 21, -1,
				20, 19, 18, -1,
				18, 22, 20, -1,
				22, 18, 17, -1,
				17, 23, 22, -1,
				23, 17, 16, -1,
				16, 21, 23, -1,
				24, 27, 26, 25, -1,
				3, 30, 28, -1,
				30, 3, 2, -1,
				0, 3, 28, -1,
				31, 30, 2, -1,
				0, 28, 29, -1,
				31, 2, 1, -1,
				1, 0, 29, -1,
				29, 31, 1, -1,
				28, 27, 24, -1,
				24, 29, 28, -1,
				30, 26, 27, -1,
				27, 28, 30, -1,
				31, 25, 26, -1,
				26, 30, 31, -1,
				29, 24, 25, -1,
				25, 31, 29, -1,
				32, 35, 34, 33, -1,
				36, 39, 35, 32, -1,
				39, 38, 34, 35, -1,
				38, 37, 33, 34, -1,
				37, 36, 32, 33, -1,
				40, 41, 42, 43, -1,
				36, 37, 45, -1,
				47, 45, 37, -1,
				39, 36, 45, -1,
				46, 47, 37, -1,
				39, 45, 44, -1,
				46, 37, 38, -1,
				38, 39, 44, -1,
				44, 46, 38, -1,
				45, 40, 43, -1,
				43, 44, 45, -1,
				44, 43, 42, -1,
				42, 46, 44, -1,
				46, 42, 41, -1,
				41, 47, 46, -1,
				47, 41, 40, -1,
				40, 45, 47, -1,
			]
			solid FALSE
		}
	}
#---------- SOLID: DetectorCrystal_72:0
	Shape {
		appearance Appearance {
			material Material {
				diffuseColor 1 1 1
				transparency 0.7
			}
		}
		geometry IndexedFaceSet {
			coord Coordinate {
				point [
					-255.041 98.1867 119.021,
					-268.661 50.0775 119.021,
					-284.16 54.4654 71.6864,
					-270.54 102.575 71.6864,
					-245.932 95.6079 115.799,
					-259.552 47.4987 115.799,
					-275.051 51.8866 68.4647,
					-261.431 99.9958 68.4647,
				]
			}
			coordIndex [
				0, 3, 2, 1, -1,
				4, 7, 3, 0, -1,
				7, 6, 2, 3, -1,
				6, 5, 1, 2, -1,
				5, 4, 0, 1, -1,
				4, 5, 6, 7, -1,
			]
			solid FALSE
		}
	}
#---------- SOLID: pixel_72_param:0
	Shape {
		appearance Appearance {
			material Material {
				diffuseColor 1 1 1
				transparency 0.7
			}
		}
		geometry IndexedFaceSet {
			coord Coordinate {
				point [
					-255.041 98.1867 119.021,
					-268.661 50.0775 119.021,
					-284.16 54.4654 71.6864,
					-270.54 102.575 71.6864,
					-245.932 95.6079 115.799,
					-259.552 47.4987 115.799,
					-275.051 51.8866 68.4647,
					-261.431 99.9958 68.4647,
				]
			}
			coordIndex [
				0, 3, 2, 1, -1,
				4, 7, 3, 0, -1,
				7, 6, 2, 3, -1,
				6, 5, 1, 2, -1,
				5, 4, 0, 1, -1,
				4, 5, 6, 7, -1,
			]
			solid FALSE
		}
	}
#---------- SOLID: Collimator_73:0
	Shape {
		appearance Appearance {
			material Material {
				diffuseColor 1 1 1
				transparency 0.7
			}
		}
		geometry IndexedFaceSet {
			coord Coordinate {
				point [
					-278 42.7781 117.623,
					-281.052 -11.1356 117.623,
					-297.432 -10.2085 66.1759,
					-294.381 43.7052 66.1759,
					-220.814 15.6532 73.8936,
					-221.17 9.36324 73.8936,
					-223.082 9.47141 67.8914,
					-222.726 15.7613 67.8914,
					-290.237 46.4736 124.733,
					-293.628 -13.4305 124.733,
					-311.828 -12.4004 67.5696,
					-308.438 47.5038 67.5696,
					-276.92 45.7199 120.48,
					-280.311 -14.1842 120.48,
					-298.511 -13.1541 63.3161,
					-295.121 46.75 63.3161,
					-290.956 44.5094 122.826,
					-294.121 -11.4011 122.826,
					-311.108 -10.4397 69.4736,
					-307.943 45.4709 69.4736,
					-294.628 44.7172 65.2203,
					-277.641 43.7557 118.573,
					-297.792 -11.1933 65.2203,
					-280.805 -12.1548 118.573,
					-221.535 13.6929 71.99,
					-221.665 11.3966 71.99,
					-222.362 11.436 69.7987,
					-222.232 13.7324 69.7987,
					-293.886 41.6758 68.0833,
					-278.72 40.8173 115.719,
					-296.712 -8.24353 68.0833,
					-281.545 -9.10197 115.719,
					-220.814 15.6534 73.8934,
					-221.17 9.36343 73.8934,
					-223.081 9.47159 67.8912,
					-222.725 15.7615 67.8912,
					-217.552 16.6052 74.0629,
					-218.037 8.04962 74.0629,
					-220.636 8.19675 65.8987,
					-220.152 16.7523 65.8987,
					-221.534 13.6907 71.9878,
					-221.664 11.3944 71.9878,
					-222.362 11.4339 69.7965,
					-222.232 13.7302 69.7965,
					-219.658 14.721 67.8041,
					-218.272 14.6425 72.1573,
					-219.916 10.1591 67.8041,
					-218.53 10.0807 72.1573,
				]
			}
			coordIndex [
				4, 7, 3, 0, -1,
				7, 6, 2, 3, -1,
				6, 5, 1, 2, -1,
				5, 4, 0, 1, -1,
				4, 5, 6, 7, -1,
				8, 11, 10, 9, -1,
				12, 15, 11, 8, -1,
				15, 14, 10, 11, -1,
				14, 13, 9, 10, -1,
				13, 12, 8, 9, -1,
				16, 17, 18, 19, -1,
				12, 13, 21, -1,
				23, 21, 13, -1,
				15, 12, 21, -1,
				22, 23, 13, -1,
				15, 21, 20, -1,
				22, 13, 14, -1,
				14, 15, 20, -1,
				20, 22, 14, -1,
				21, 16, 19, -1,
				19, 20, 21, -1,
				20, 19, 18, -1,
				18, 22, 20, -1,
				22, 18, 17, -1,
				17, 23, 22, -1,
				23, 17, 16, -1,
				16, 21, 23, -1,
				24, 27, 26, 25, -1,
				3, 30, 28, -1,
				30, 3, 2, -1,
				0, 3, 28, -1,
				31, 30, 2, -1,
				0, 28, 29, -1,
				31, 2, 1, -1,
				1, 0, 29, -1,
				29, 31, 1, -1,
				28, 27, 24, -1,
				24, 29, 28, -1,
				30, 26, 27, -1,
				27, 28, 30, -1,
				31, 25, 26, -1,
				26, 30, 31, -1,
				29, 24, 25, -1,
				25, 31, 29, -1,
				32, 35, 34, 33, -1,
				36, 39, 35, 32, -1,
				39, 38, 34, 35, -1,
				38, 37, 33, 34, -1,
				37, 36, 32, 33, -1,
				40, 41, 42, 43, -1,
				36, 37, 45, -1,
				47, 45, 37, -1,
				39, 36, 45, -1,
				46, 47, 37, -1,
				39, 45, 44, -1,
				46, 37, 38, -1,
				38, 39, 44, -1,
				44, 46, 38, -1,
				45, 40, 43, -1,
				43, 44, 45, -1,
				44, 43, 42, -1,
				42, 46, 44, -1,
				46, 42, 41, -1,
				41, 47, 46, -1,
				47, 41, 40, -1,
				40, 45, 47, -1,
			]
			solid FALSE
		}
	}
#---------- SOLID: DetectorCrystal_73:0
	Shape {
		appearance Appearance {
			material Material {
				diffuseColor 1 1 1
				transparency 0.7
			}
		}
		geometry IndexedFaceSet {
			coord Coordinate {
				point [
					-288.232 41.354 118.756,
					-291.058 -8.56611 118.756,
					-306.225 -7.70766 71.1196,
					-303.399 42.2124 71.1196,
					-278.72 40.8156 115.718,
					-281.545 -9.1045 115.718,
					-296.712 -8.24604 68.0814,
					-293.887 41.6741 68.0814,
				]
			}
			coordIndex [
				0, 3, 2, 1, -1,
				4, 7, 3, 0, -1,
				7, 6, 2, 3, -1,
				6, 5, 1, 2, -1,
				5, 4, 0, 1, -1,
				4, 5, 6, 7, -1,
			]
			solid FALSE
		}
	}
#---------- SOLID: pixel_73_param:0
	Shape {
		appearance Appearance {
			material Material {
				diffuseColor 1 1 1
				transparency 0.7
			}
		}
		geometry IndexedFaceSet {
			coord Coordinate {
				point [
					-288.232 41.354 118.756,
					-291.058 -8.56611 118.756,
					-306.225 -7.70766 71.1196,
					-303.399 42.2124 71.1196,
					-278.72 40.8156 115.718,
					-281.545 -9.1045 115.718,
					-296.712 -8.24604 68.0814,
					-293.887 41.6741 68.0814,
				]
			}
			coordIndex [
				0, 3, 2, 1, -1,
				4, 7, 3, 0, -1,
				7, 6, 2, 3, -1,
				6, 5, 1, 2, -1,
				5, 4, 0, 1, -1,
				4, 5, 6, 7, -1,
			]
			solid FALSE
		}
	}
#---------- SOLID: Collimator_74:0
	Shape {
		appearance Appearance {
			material Material {
				diffuseColor 1 1 1
				transparency 0.7
			}
		}
		geometry IndexedFaceSet {
			coord Coordinate {
				point [
					-295.349 -17.6927 117.602,
					-287.215 -71.0765 117.602,
					-302.712 -73.438 65.9275,
					-310.847 -20.0542 65.9275,
					-229.993 -31.8593 73.7251,
					-229.044 -38.0874 73.7251,
					-230.853 -38.3629 67.6965,
					-231.802 -32.1348 67.6965,
					-308.183 -16.6156 124.535,
					-299.145 -75.9309 124.535,
					-316.365 -78.5548 67.1194,
					-325.403 -19.2395 67.1194,
					-294.939 -14.5975 120.471,
					-285.901 -73.9128 120.471,
					-303.121 -76.5367 63.0551,
					-312.159 -17.2214 63.0551,
					-308.455 -18.6819 122.62,
					-300.02 -74.0428 122.62,
					-316.091 -76.4918 69.0318,
					-324.527 -21.1308 69.0318,
					-311.284 -19.1128 64.9678,
					-295.212 -16.6639 118.556,
					-302.848 -74.4738 64.9678,
					-286.776 -72.0249 118.556,
					-230.267 -33.9218 71.8132,
					-229.921 -36.1956 71.8132,
					-230.581 -36.2962 69.6123,
					-230.927 -34.0224 69.6123,
					-309.971 -21.942 67.8434,
					-295.622 -19.7554 115.689,
					-302.44 -71.3706 67.8434,
					-288.09 -69.1841 115.689,
					-229.993 -31.8591 73.7249,
					-229.044 -38.0872 73.7249,
					-230.852 -38.3627 67.6962,
					-231.801 -32.1346 67.6962,
					-227.008 -30.3099 73.8891,
					-225.733 -38.6768 73.8891,
					-228.162 -39.0469 65.7902,
					-229.437 -30.68 65.7902,
					-230.266 -33.9238 71.8109,
					-229.919 -36.1976 71.8109,
					-230.58 -36.2982 69.61,
					-230.926 -34.0244 69.61,
					-228.561 -32.5699 67.704,
					-227.28 -32.3747 71.9752,
					-227.889 -36.9824 67.704,
					-226.608 -36.7872 71.9752,
				]
			}
			coordIndex [
				4, 7, 3, 0, -1,
				7, 6, 2, 3, -1,
				6, 5, 1, 2, -1,
				5, 4, 0, 1, -1,
				4, 5, 6, 7, -1,
				8, 11, 10, 9, -1,
				12, 15, 11, 8, -1,
				15, 14, 10, 11, -1,
				14, 13, 9, 10, -1,
				13, 12, 8, 9, -1,
				16, 17, 18, 19, -1,
				12, 13, 21, -1,
				23, 21, 13, -1,
				15, 12, 21, -1,
				22, 23, 13, -1,
				15, 21, 20, -1,
				22, 13, 14, -1,
				14, 15, 20, -1,
				20, 22, 14, -1,
				21, 16, 19, -1,
				19, 20, 21, -1,
				20, 19, 18, -1,
				18, 22, 20, -1,
				22, 18, 17, -1,
				17, 23, 22, -1,
				23, 17, 16, -1,
				16, 21, 23, -1,
				24, 27, 26, 25, -1,
				3, 30, 28, -1,
				30, 3, 2, -1,
				0, 3, 28, -1,
				31, 30, 2, -1,
				0, 28, 29, -1,
				31, 2, 1, -1,
				1, 0, 29, -1,
				29, 31, 1, -1,
				28, 27, 24, -1,
				24, 29, 28, -1,
				30, 26, 27, -1,
				27, 28, 30, -1,
				31, 25, 26, -1,
				26, 30, 31, -1,
				29, 24, 25, -1,
				25, 31, 29, -1,
				32, 35, 34, 33, -1,
				36, 39, 35, 32, -1,
				39, 38, 34, 35, -1,
				38, 37, 33, 34, -1,
				37, 36, 32, 33, -1,
				40, 41, 42, 43, -1,
				36, 37, 45, -1,
				47, 45, 37, -1,
				39, 36, 45, -1,
				46, 47, 37, -1,
				39, 45, 44, -1,
				46, 37, 38, -1,
				38, 39, 44, -1,
				44, 46, 38, -1,
				45, 40, 43, -1,
				43, 44, 45, -1,
				44, 43, 42, -1,
				42, 46, 44, -1,
				46, 42, 41, -1,
				41, 47, 46, -1,
				47, 41, 40, -1,
				40, 45, 47, -1,
			]
			solid FALSE
		}
	}
#---------- SOLID: DetectorCrystal_74:0
	Shape {
		appearance Appearance {
			material Material {
				diffuseColor 1 1 1
				transparency 0.7
			}
		}
		geometry IndexedFaceSet {
			coord Coordinate {
				point [
					-305.082 -21.1988 118.591,
					-297.55 -70.6283 118.591,
					-311.9 -72.8148 70.7445,
					-319.432 -23.3854 70.7445,
					-295.622 -19.7573 115.688,
					-288.09 -69.1868 115.688,
					-302.44 -71.3733 67.8414,
					-309.972 -21.9439 67.8414,
				]
			}
			coordIndex [
				0, 3, 2, 1, -1,
				4, 7, 3, 0, -1,
				7, 6, 2, 3, -1,
				6, 5, 1, 2, -1,
				5, 4, 0, 1, -1,
				4, 5, 6, 7, -1,
			]
			solid FALSE
		}
	}
#---------- SOLID: pixel_74_param:0
	Shape {
		appearance Appearance {
			material Material {
				diffuseColor 1 1 1
				transparency 0.7
			}
		}
		geometry IndexedFaceSet {
			coord Coordinate {
				point [
					-305.082 -21.1988 118.591,
					-297.55 -70.6283 118.591,
					-311.9 -72.8148 70.7445,
					-319.432 -23.3854 70.7445,
					-295.622 -19.7573 115.688,
					-288.09 -69.1868 115.688,
					-302.44 -71.3733 67.8414,
					-309.972 -21.9439 67.8414,
				]
			}
			coordIndex [
				0, 3, 2, 1, -1,
				4, 7, 3, 0, -1,
				7, 6, 2, 3, -1,
				6, 5, 1, 2, -1,
				5, 4, 0, 1, -1,
				4, 5, 6, 7, -1,
			]
			solid FALSE
		}
	}
#---------- SOLID: Collimator_75:0
	Shape {
		appearance Appearance {
			material Material {
				diffuseColor 1 1 1
				transparency 0.7
			}
		}
		geometry IndexedFaceSet {
			coord Coordinate {
				point [
					-295.57 -79.7402 117.584,
					-276.961 -130.433 117.584,
					-291.229 -135.67 65.7671,
					-309.838 -84.9779 65.7671,
					-226.18 -79.6739 73.6158,
					-224.009 -85.588 73.6158,
					-225.674 -86.1991 67.5704,
					-227.845 -80.285 67.5704,
					-308.421 -81.264 124.402,
					-287.744 -137.589 124.402,
					-303.598 -143.408 66.8272,
					-324.274 -87.0837 66.8272,
					-295.81 -76.6345 120.461,
					-275.133 -132.959 120.461,
					-290.987 -138.779 62.8867,
					-311.663 -82.4542 62.8867,
					-308.259 -83.3369 122.481,
					-288.961 -135.907 122.481,
					-303.757 -141.338 68.7448,
					-323.055 -88.7686 68.7448,
					-310.445 -84.1395 64.8046,
					-295.649 -78.7078 118.541,
					-291.147 -136.709 64.8046,
					-276.351 -131.278 118.541,
					-226.021 -81.7435 71.6986,
					-225.228 -83.9026 71.6986,
					-225.836 -84.1257 69.4916,
					-226.629 -81.9666 69.4916,
					-308.62 -86.6594 67.6882,
					-295.409 -81.8098 115.666,
					-291.39 -133.596 67.6882,
					-278.179 -128.746 115.666,
					-226.18 -79.6737 73.6155,
					-224.009 -85.5878 73.6155,
					-225.674 -86.1988 67.5702,
					-227.845 -80.2847 67.5702,
					-223.562 -77.5968 73.7762,
					-220.669 -85.4773 73.7762,
					-222.887 -86.2916 65.7208,
					-225.78 -78.4111 65.7208,
					-226.019 -81.7453 71.6963,
					-225.227 -83.9044 71.6963,
					-225.834 -84.1275 69.4893,
					-226.627 -81.9683 69.4893,
					-224.562 -80.0947 67.6399,
					-223.401 -79.6685 71.8569,
					-223.048 -84.2202 67.6399,
					-221.887 -83.794 71.8569,
				]
			}
			coordIndex [
				4, 7, 3, 0, -1,
				7, 6, 2, 3, -1,
				6, 5, 1, 2, -1,
				5, 4, 0, 1, -1,
				4, 5, 6, 7, -1,
				8, 11, 10, 9, -1,
				12, 15, 11, 8, -1,
				15, 14, 10, 11, -1,
				14, 13, 9, 10, -1,
				13, 12, 8, 9, -1,
				16, 17, 18, 19, -1,
				12, 13, 21, -1,
				23, 21, 13, -1,
				15, 12, 21, -1,
				22, 23, 13, -1,
				15, 21, 20, -1,
				22, 13, 14, -1,
				14, 15, 20, -1,
				20, 22, 14, -1,
				21, 16, 19, -1,
				19, 20, 21, -1,
				20, 19, 18, -1,
				18, 22, 20, -1,
				22, 18, 17, -1,
				17, 23, 22, -1,
				23, 17, 16, -1,
				16, 21, 23, -1,
				24, 27, 26, 25, -1,
				3, 30, 28, -1,
				30, 3, 2, -1,
				0, 3, 28, -1,
				31, 30, 2, -1,
				0, 28, 29, -1,
				31, 2, 1, -1,
				1, 0, 29, -1,
				29, 31, 1, -1,
				28, 27, 24, -1,
				24, 29, 28, -1,
				30, 26, 27, -1,
				27, 28, 30, -1,
				31, 25, 26, -1,
				26, 30, 31, -1,
				29, 24, 25, -1,
				25, 31, 29, -1,
				32, 35, 34, 33, -1,
				36, 39, 35, 32, -1,
				39, 38, 34, 35, -1,
				38, 37, 33, 34, -1,
				37, 36, 32, 33, -1,
				40, 41, 42, 43, -1,
				36, 37, 45, -1,
				47, 45, 37, -1,
				39, 36, 45, -1,
				46, 47, 37, -1,
				39, 45, 44, -1,
				46, 37, 38, -1,
				38, 39, 44, -1,
				44, 46, 38, -1,
				45, 40, 43, -1,
				43, 44, 45, -1,
				44, 43, 42, -1,
				42, 46, 44, -1,
				46, 42, 41, -1,
				41, 47, 46, -1,
				47, 41, 40, -1,
				40, 45, 47, -1,
			]
			solid FALSE
		}
	}
#---------- SOLID: DetectorCrystal_75:0
	Shape {
		appearance Appearance {
			material Material {
				diffuseColor 1 1 1
				transparency 0.7
			}
		}
		geometry IndexedFaceSet {
			coord Coordinate {
				point [
					-304.417 -85.1185 118.479,
					-287.187 -132.056 118.479,
					-300.398 -136.906 70.5008,
					-317.628 -89.9682 70.5008,
					-295.409 -81.8117 115.665,
					-278.179 -128.749 115.665,
					-291.39 -133.599 67.6862,
					-308.62 -86.6614 67.6862,
				]
			}
			coordIndex [
				0, 3, 2, 1, -1,
				4, 7, 3, 0, -1,
				7, 6, 2, 3, -1,
				6, 5, 1, 2, -1,
				5, 4, 0, 1, -1,
				4, 5, 6, 7, -1,
			]
			solid FALSE
		}
	}
#---------- SOLID: pixel_75_param:0
	Shape {
		appearance Appearance {
			material Material {
				diffuseColor 1 1 1
				transparency 0.7
			}
		}
		geometry IndexedFaceSet {
			coord Coordinate {
				point [
					-304.417 -85.1185 118.479,
					-287.187 -132.056 118.479,
					-300.398 -136.906 70.5008,
					-317.628 -89.9682 70.5008,
					-295.409 -81.8117 115.665,
					-278.179 -128.749 115.665,
					-291.39 -133.599 67.6862,
					-308.62 -86.6614 67.6862,
				]
			}
			coordIndex [
				0, 3, 2, 1, -1,
				4, 7, 3, 0, -1,
				7, 6, 2, 3, -1,
				6, 5, 1, 2, -1,
				5, 4, 0, 1, -1,
				4, 5, 6, 7, -1,
			]
			solid FALSE
		}
	}
#---------- SOLID: Collimator_76:0
	Shape {
		appearance Appearance {
			material Material {
				diffuseColor 1 1 1
				transparency 0.7
			}
		}
		geometry IndexedFaceSet {
			coord Coordinate {
				point [
					-279.535 -139.231 117.572,
					-251.371 -185.305 117.572,
					-264.105 -193.089 65.6761,
					-292.269 -147.016 65.6761,
					-210.129 -124.757 73.5536,
					-206.843 -130.133 73.5536,
					-208.329 -131.041 67.499,
					-211.615 -125.665 67.499,
					-291.87 -143.258 124.324,
					-260.577 -194.451 124.324,
					-274.726 -203.1 66.6609,
					-306.02 -151.907 66.6609,
					-280.391 -136.24 120.454,
					-249.097 -187.433 120.454,
					-263.247 -196.083 62.7914,
					-294.54 -144.89 62.7914,
					-291.297 -145.254 122.4,
					-262.09 -193.034 122.4,
					-275.296 -201.106 68.5815,
					-304.504 -153.326 68.5815,
					-293.025 -146.309 64.7122,
					-279.819 -138.237 118.531,
					-263.817 -194.089 64.7122,
					-250.611 -186.017 118.531,
					-209.559 -126.75 71.6335,
					-208.36 -128.713 71.6335,
					-208.902 -129.044 69.4231,
					-210.102 -127.082 69.4231,
					-290.755 -148.432 67.6003,
					-278.964 -141.224 115.652,
					-264.678 -191.092 67.6003,
					-252.887 -183.884 115.652,
					-210.129 -124.757 73.5534,
					-206.843 -130.132 73.5534,
					-208.329 -131.04 67.4988,
					-211.615 -125.665 67.4988,
					-207.963 -122.228 73.7119,
					-203.605 -129.357 73.7119,
					-205.575 -130.562 65.6819,
					-209.933 -123.433 65.6819,
					-209.557 -126.752 71.6312,
					-208.358 -128.714 71.6312,
					-208.9 -129.046 69.4208,
					-210.1 -127.083 69.4208,
					-208.418 -124.851 67.6039,
					-207.391 -124.223 71.7897,
					-206.147 -128.567 67.6039,
					-205.12 -127.939 71.7897,
				]
			}
			coordIndex [
				4, 7, 3, 0, -1,
				7, 6, 2, 3, -1,
				6, 5, 1, 2, -1,
				5, 4, 0, 1, -1,
				4, 5, 6, 7, -1,
				8, 11, 10, 9, -1,
				12, 15, 11, 8, -1,
				15, 14, 10, 11, -1,
				14, 13, 9, 10, -1,
				13, 12, 8, 9, -1,
				16, 17, 18, 19, -1,
				12, 13, 21, -1,
				23, 21, 13, -1,
				15, 12, 21, -1,
				22, 23, 13, -1,
				15, 21, 20, -1,
				22, 13, 14, -1,
				14, 15, 20, -1,
				20, 22, 14, -1,
				21, 16, 19, -1,
				19, 20, 21, -1,
				20, 19, 18, -1,
				18, 22, 20, -1,
				22, 18, 17, -1,
				17, 23, 22, -1,
				23, 17, 16, -1,
				16, 21, 23, -1,
				24, 27, 26, 25, -1,
				3, 30, 28, -1,
				30, 3, 2, -1,
				0, 3, 28, -1,
				31, 30, 2, -1,
				0, 28, 29, -1,
				31, 2, 1, -1,
				1, 0, 29, -1,
				29, 31, 1, -1,
				28, 27, 24, -1,
				24, 29, 28, -1,
				30, 26, 27, -1,
				27, 28, 30, -1,
				31, 25, 26, -1,
				26, 30, 31, -1,
				29, 24, 25, -1,
				25, 31, 29, -1,
				32, 35, 34, 33, -1,
				36, 39, 35, 32, -1,
				39, 38, 34, 35, -1,
				38, 37, 33, 34, -1,
				37, 36, 32, 33, -1,
				40, 41, 42, 43, -1,
				36, 37, 45, -1,
				47, 45, 37, -1,
				39, 36, 45, -1,
				46, 47, 37, -1,
				39, 45, 44, -1,
				46, 37, 38, -1,
				38, 39, 44, -1,
				44, 46, 38, -1,
				45, 40, 43, -1,
				43, 44, 45, -1,
				44, 43, 42, -1,
				42, 46, 44, -1,
				46, 42, 41, -1,
				41, 47, 46, -1,
				47, 41, 40, -1,
				40, 45, 47, -1,
			]
			solid FALSE
		}
	}
#---------- SOLID: DetectorCrystal_76:0
	Shape {
		appearance Appearance {
			material Material {
				diffuseColor 1 1 1
				transparency 0.7
			}
		}
		geometry IndexedFaceSet {
			coord Coordinate {
				point [
					-287.163 -146.238 118.414,
					-261.085 -188.899 118.414,
					-272.876 -196.107 70.3622,
					-298.954 -153.446 70.3622,
					-278.963 -141.226 115.65,
					-252.885 -183.887 115.65,
					-264.677 -191.094 67.5982,
					-290.755 -148.434 67.5982,
				]
			}
			coordIndex [
				0, 3, 2, 1, -1,
				4, 7, 3, 0, -1,
				7, 6, 2, 3, -1,
				6, 5, 1, 2, -1,
				5, 4, 0, 1, -1,
				4, 5, 6, 7, -1,
			]
			solid FALSE
		}
	}
#---------- SOLID: pixel_76_param:0
	Shape {
		appearance Appearance {
			material Material {
				diffuseColor 1 1 1
				transparency 0.7
			}
		}
		geometry IndexedFaceSet {
			coord Coordinate {
				point [
					-287.163 -146.238 118.414,
					-261.085 -188.899 118.414,
					-272.876 -196.107 70.3622,
					-298.954 -153.446 70.3622,
					-278.963 -141.226 115.65,
					-252.885 -183.887 115.65,
					-264.677 -191.094 67.5982,
					-290.755 -148.434 67.5982,
				]
			}
			coordIndex [
				0, 3, 2, 1, -1,
				4, 7, 3, 0, -1,
				7, 6, 2, 3, -1,
				6, 5, 1, 2, -1,
				5, 4, 0, 1, -1,
				4, 5, 6, 7, -1,
			]
			solid FALSE
		}
	}
#---------- SOLID: Collimator_77:0
	Shape {
		appearance Appearance {
			material Material {
				diffuseColor 1 1 1
				transparency 0.7
			}
		}
		geometry IndexedFaceSet {
			coord Coordinate {
				point [
					-249.685 -192.978 117.566,
					-213.128 -232.722 117.566,
					-224.009 -242.73 65.6292,
					-260.566 -202.986 65.6292,
					-183.771 -164.754 73.5215,
					-179.506 -169.391 73.5215,
					-180.775 -170.558 67.4621,
					-185.04 -165.921 67.4621,
					-261.021 -199.33 124.283,
					-220.402 -243.49 124.283,
					-232.491 -254.61 66.5749,
					-273.11 -210.45 66.5749,
					-251.11 -190.215 120.45,
					-210.491 -234.375 120.45,
					-222.581 -245.495 62.7422,
					-263.2 -201.335 62.7422,
					-260.068 -201.174 122.358,
					-222.157 -242.39 122.358,
					-233.441 -252.769 68.497,
					-271.351 -211.553 68.497,
					-261.442 -202.438 64.6645,
					-250.158 -192.059 118.525,
					-223.531 -243.654 64.6645,
					-212.247 -233.275 118.525,
					-182.822 -166.595 71.5999,
					-181.265 -168.288 71.5999,
					-181.728 -168.714 69.3878,
					-183.285 -167.021 69.3878,
					-258.81 -204.085 67.5549,
					-248.735 -194.819 115.644,
					-224.961 -240.885 67.5549,
					-214.887 -231.618 115.644,
					-183.771 -164.754 73.5213,
					-179.506 -169.39 73.5213,
					-180.775 -170.558 67.4619,
					-185.04 -165.921 67.4619,
					-182.131 -161.863 73.6787,
					-176.488 -167.997 73.6787,
					-178.168 -169.542 65.6619,
					-183.81 -163.407 65.6619,
					-182.82 -166.596 71.5975,
					-181.263 -168.289 71.5975,
					-181.726 -168.715 69.3854,
					-183.283 -167.023 69.3854,
					-182.053 -164.509 67.5855,
					-181.18 -163.705 71.7549,
					-179.119 -167.7 67.5855,
					-178.245 -166.896 71.7549,
				]
			}
			coordIndex [
				4, 7, 3, 0, -1,
				7, 6, 2, 3, -1,
				6, 5, 1, 2, -1,
				5, 4, 0, 1, -1,
				4, 5, 6, 7, -1,
				8, 11, 10, 9, -1,
				12, 15, 11, 8, -1,
				15, 14, 10, 11, -1,
				14, 13, 9, 10, -1,
				13, 12, 8, 9, -1,
				16, 17, 18, 19, -1,
				12, 13, 21, -1,
				23, 21, 13, -1,
				15, 12, 21, -1,
				22, 23, 13, -1,
				15, 21, 20, -1,
				22, 13, 14, -1,
				14, 15, 20, -1,
				20, 22, 14, -1,
				21, 16, 19, -1,
				19, 20, 21, -1,
				20, 19, 18, -1,
				18, 22, 20, -1,
				22, 18, 17, -1,
				17, 23, 22, -1,
				23, 17, 16, -1,
				16, 21, 23, -1,
				24, 27, 26, 25, -1,
				3, 30, 28, -1,
				30, 3, 2, -1,
				0, 3, 28, -1,
				31, 30, 2, -1,
				0, 28, 29, -1,
				31, 2, 1, -1,
				1, 0, 29, -1,
				29, 31, 1, -1,
				28, 27, 24, -1,
				24, 29, 28, -1,
				30, 26, 27, -1,
				27, 28, 30, -1,
				31, 25, 26, -1,
				26, 30, 31, -1,
				29, 24, 25, -1,
				25, 31, 29, -1,
				32, 35, 34, 33, -1,
				36, 39, 35, 32, -1,
				39, 38, 34, 35, -1,
				38, 37, 33, 34, -1,
				37, 36, 32, 33, -1,
				40, 41, 42, 43, -1,
				36, 37, 45, -1,
				47, 45, 37, -1,
				39, 36, 45, -1,
				46, 47, 37, -1,
				39, 45, 44, -1,
				46, 37, 38, -1,
				38, 39, 44, -1,
				44, 46, 38, -1,
				45, 40, 43, -1,
				43, 44, 45, -1,
				44, 43, 42, -1,
				42, 46, 44, -1,
				46, 42, 41, -1,
				41, 47, 46, -1,
				47, 41, 40, -1,
				40, 45, 47, -1,
			]
			solid FALSE
		}
	}
#---------- SOLID: DetectorCrystal_77:0
	Shape {
		appearance Appearance {
			material Material {
				diffuseColor 1 1 1
				transparency 0.7
			}
		}
		geometry IndexedFaceSet {
			coord Coordinate {
				point [
					-255.813 -201.332 118.38,
					-221.964 -238.132 118.38,
					-232.039 -247.398 70.2904,
					-265.888 -210.598 70.2904,
					-248.734 -194.82 115.643,
					-214.885 -231.62 115.643,
					-224.96 -240.887 67.5528,
					-258.809 -204.087 67.5528,
				]
			}
			coordIndex [
				0, 3, 2, 1, -1,
				4, 7, 3, 0, -1,
				7, 6, 2, 3, -1,
				6, 5, 1, 2, -1,
				5, 4, 0, 1, -1,
				4, 5, 6, 7, -1,
			]
			solid FALSE
		}
	}
#---------- SOLID: pixel_77_param:0
	Shape {
		appearance Appearance {
			material Material {
				diffuseColor 1 1 1
				transparency 0.7
			}
		}
		geometry IndexedFaceSet {
			coord Coordinate {
				point [
					-255.813 -201.332 118.38,
					-221.964 -238.132 118.38,
					-232.039 -247.398 70.2904,
					-265.888 -210.598 70.2904,
					-248.734 -194.82 115.643,
					-214.885 -231.62 115.643,
					-224.96 -240.887 67.5528,
					-258.809 -204.087 67.5528,
				]
			}
			coordIndex [
				0, 3, 2, 1, -1,
				4, 7, 3, 0, -1,
				7, 6, 2, 3, -1,
				6, 5, 1, 2, -1,
				5, 4, 0, 1, -1,
				4, 5, 6, 7, -1,
			]
			solid FALSE
		}
	}
#---------- SOLID: Collimator_78:0
	Shape {
		appearance Appearance {
			material Material {
				diffuseColor 1 1 1
				transparency 0.7
			}
		}
		geometry IndexedFaceSet {
			coord Coordinate {
				point [
					-209.065 -239.101 117.562,
					-165.539 -271.061 117.562,
					-174.237 -282.907 65.6005,
					-217.763 -250.946 65.6005,
					-149.505 -198.284 73.5018,
					-144.427 -202.012 73.5018,
					-145.441 -203.394 67.4396,
					-150.519 -199.666 67.4396,
					-218.971 -247.526 124.258,
					-170.609 -283.038 124.258,
					-180.274 -296.2 66.5222,
					-228.636 -260.688 66.5222,
					-210.998 -236.668 120.447,
					-162.636 -272.179 120.447,
					-172.3 -285.341 62.7121,
					-220.663 -249.829 62.7121,
					-217.68 -249.149 122.332,
					-172.542 -282.293 122.332,
					-181.562 -294.578 68.4452,
					-226.7 -261.434 68.4452,
					-218.727 -250.576 64.6354,
					-209.707 -238.291 118.522,
					-173.589 -283.72 64.6354,
					-164.569 -271.436 118.522,
					-148.217 -199.905 71.5794,
					-146.363 -201.267 71.5794,
					-146.734 -201.771 69.3662,
					-148.588 -200.41 69.3662,
					-215.83 -251.69 67.5271,
					-207.777 -240.722 115.639,
					-175.529 -281.282 67.5271,
					-167.475 -270.314 115.639,
					-149.505 -198.283 73.5016,
					-144.427 -202.012 73.5016,
					-145.441 -203.394 67.4394,
					-150.519 -199.665 67.4394,
					-148.448 -195.136 73.6583,
					-141.74 -200.062 73.6583,
					-143.081 -201.888 65.6498,
					-149.789 -196.962 65.6498,
					-148.215 -199.906 71.577,
					-146.361 -201.267 71.577,
					-146.731 -201.772 69.3638,
					-148.585 -200.41 69.3638,
					-147.855 -197.707 67.5742,
					-147.158 -196.759 71.7337,
					-144.37 -200.265 67.5742,
					-143.674 -199.317 71.7337,
				]
			}
			coordIndex [
				4, 7, 3, 0, -1,
				7, 6, 2, 3, -1,
				6, 5, 1, 2, -1,
				5, 4, 0, 1, -1,
				4, 5, 6, 7, -1,
				8, 11, 10, 9, -1,
				12, 15, 11, 8, -1,
				15, 14, 10, 11, -1,
				14, 13, 9, 10, -1,
				13, 12, 8, 9, -1,
				16, 17, 18, 19, -1,
				12, 13, 21, -1,
				23, 21, 13, -1,
				15, 12, 21, -1,
				22, 23, 13, -1,
				15, 21, 20, -1,
				22, 13, 14, -1,
				14, 15, 20, -1,
				20, 22, 14, -1,
				21, 16, 19, -1,
				19, 20, 21, -1,
				20, 19, 18, -1,
				18, 22, 20, -1,
				22, 18, 17, -1,
				17, 23, 22, -1,
				23, 17, 16, -1,
				16, 21, 23, -1,
				24, 27, 26, 25, -1,
				3, 30, 28, -1,
				30, 3, 2, -1,
				0, 3, 28, -1,
				31, 30, 2, -1,
				0, 28, 29, -1,
				31, 2, 1, -1,
				1, 0, 29, -1,
				29, 31, 1, -1,
				28, 27, 24, -1,
				24, 29, 28, -1,
				30, 26, 27, -1,
				27, 28, 30, -1,
				31, 25, 26, -1,
				26, 30, 31, -1,
				29, 24, 25, -1,
				25, 31, 29, -1,
				32, 35, 34, 33, -1,
				36, 39, 35, 32, -1,
				39, 38, 34, 35, -1,
				38, 37, 33, 34, -1,
				37, 36, 32, 33, -1,
				40, 41, 42, 43, -1,
				36, 37, 45, -1,
				47, 45, 37, -1,
				39, 36, 45, -1,
				46, 47, 37, -1,
				39, 45, 44, -1,
				46, 37, 38, -1,
				38, 39, 44, -1,
				44, 46, 38, -1,
				45, 40, 43, -1,
				43, 44, 45, -1,
				44, 43, 42, -1,
				42, 46, 44, -1,
				46, 42, 41, -1,
				41, 47, 46, -1,
				47, 41, 40, -1,
				40, 45, 47, -1,
			]
			solid FALSE
		}
	}
#---------- SOLID: DetectorCrystal_78:0
	Shape {
		appearance Appearance {
			material Material {
				diffuseColor 1 1 1
				transparency 0.7
			}
		}
		geometry IndexedFaceSet {
			coord Coordinate {
				point [
					-213.47 -248.479 118.359,
					-173.168 -278.072 118.359,
					-181.222 -289.04 70.2465,
					-221.524 -259.447 70.2465,
					-207.775 -240.723 115.638,
					-167.473 -270.316 115.638,
					-175.527 -281.284 67.525,
					-215.829 -251.691 67.525,
				]
			}
			coordIndex [
				0, 3, 2, 1, -1,
				4, 7, 3, 0, -1,
				7, 6, 2, 3, -1,
				6, 5, 1, 2, -1,
				5, 4, 0, 1, -1,
				4, 5, 6, 7, -1,
			]
			solid FALSE
		}
	}
#---------- SOLID: pixel_78_param:0
	Shape {
		appearance Appearance {
			material Material {
				diffuseColor 1 1 1
				transparency 0.7
			}
		}
		geometry IndexedFaceSet {
			coord Coordinate {
				point [
					-213.47 -248.479 118.359,
					-173.168 -278.072 118.359,
					-181.222 -289.04 70.2465,
					-221.524 -259.447 70.2465,
					-207.775 -240.723 115.638,
					-167.473 -270.316 115.638,
					-175.527 -281.284 67.525,
					-215.829 -251.691 67.525,
				]
			}
			coordIndex [
				0, 3, 2, 1, -1,
				4, 7, 3, 0, -1,
				7, 6, 2, 3, -1,
				6, 5, 1, 2, -1,
				5, 4, 0, 1, -1,
				4, 5, 6, 7, -1,
			]
			solid FALSE
		}
	}
#---------- SOLID: Collimator_79:0
	Shape {
		appearance Appearance {
			material Material {
				diffuseColor 1 1 1
				transparency 0.7
			}
		}
		geometry IndexedFaceSet {
			coord Coordinate {
				point [
					-160.535 -276.783 117.558,
					-111.704 -299.837 117.558,
					-117.936 -313.037 65.5679,
					-166.767 -289.982 65.5679,
					-109.61 -224.783 73.4794,
					-103.913 -227.473 73.4794,
					-104.64 -229.013 67.414,
					-110.337 -226.323 67.414,
					-168.654 -286.957 124.229,
					-114.397 -312.574 124.229,
					-121.322 -327.24 66.4622,
					-175.578 -301.623 66.4622,
					-162.9 -274.769 120.444,
					-108.643 -300.385 120.444,
					-115.567 -315.051 62.6779,
					-169.824 -289.435 62.6779,
					-167.075 -288.3 122.302,
					-116.435 -312.209 122.302,
					-122.898 -325.897 68.3863,
					-173.537 -301.989 68.3863,
					-167.783 -289.801 64.6023,
					-161.32 -276.113 118.518,
					-117.143 -313.709 64.6023,
					-110.681 -300.021 118.518,
					-108.035 -226.126 71.556,
					-105.955 -227.108 71.556,
					-106.22 -227.67 69.3416,
					-108.3 -226.688 69.3416,
					-164.729 -290.346 67.4955,
					-158.959 -278.124 115.633,
					-119.516 -311.692 67.4955,
					-113.745 -299.471 115.633,
					-109.61 -224.783 73.4792,
					-103.913 -227.473 73.4792,
					-104.64 -229.013 67.4138,
					-110.337 -226.323 67.4138,
					-109.169 -221.497 73.6352,
					-101.656 -225.044 73.6352,
					-102.615 -227.075 65.636,
					-110.128 -223.528 65.636,
					-108.032 -226.126 71.5536,
					-105.952 -227.108 71.5536,
					-106.218 -227.67 69.3392,
					-108.298 -226.688 69.3392,
					-108.088 -223.893 67.5615,
					-107.591 -222.84 71.7095,
					-104.192 -225.732 67.5615,
					-103.695 -224.679 71.7095,
				]
			}
			coordIndex [
				4, 7, 3, 0, -1,
				7, 6, 2, 3, -1,
				6, 5, 1, 2, -1,
				5, 4, 0, 1, -1,
				4, 5, 6, 7, -1,
				8, 11, 10, 9, -1,
				12, 15, 11, 8, -1,
				15, 14, 10, 11, -1,
				14, 13, 9, 10, -1,
				13, 12, 8, 9, -1,
				16, 17, 18, 19, -1,
				12, 13, 21, -1,
				23, 21, 13, -1,
				15, 12, 21, -1,
				22, 23, 13, -1,
				15, 21, 20, -1,
				22, 13, 14, -1,
				14, 15, 20, -1,
				20, 22, 14, -1,
				21, 16, 19, -1,
				19, 20, 21, -1,
				20, 19, 18, -1,
				18, 22, 20, -1,
				22, 18, 17, -1,
				17, 23, 22, -1,
				23, 17, 16, -1,
				16, 21, 23, -1,
				24, 27, 26, 25, -1,
				3, 30, 28, -1,
				30, 3, 2, -1,
				0, 3, 28, -1,
				31, 30, 2, -1,
				0, 28, 29, -1,
				31, 2, 1, -1,
				1, 0, 29, -1,
				29, 31, 1, -1,
				28, 27, 24, -1,
				24, 29, 28, -1,
				30, 26, 27, -1,
				27, 28, 30, -1,
				31, 25, 26, -1,
				26, 30, 31, -1,
				29, 24, 25, -1,
				25, 31, 29, -1,
				32, 35, 34, 33, -1,
				36, 39, 35, 32, -1,
				39, 38, 34, 35, -1,
				38, 37, 33, 34, -1,
				37, 36, 32, 33, -1,
				40, 41, 42, 43, -1,
				36, 37, 45, -1,
				47, 45, 37, -1,
				39, 36, 45, -1,
				46, 47, 37, -1,
				39, 45, 44, -1,
				46, 37, 38, -1,
				38, 39, 44, -1,
				44, 46, 38, -1,
				45, 40, 43, -1,
				43, 44, 45, -1,
				44, 43, 42, -1,
				42, 46, 44, -1,
				46, 42, 41, -1,
				41, 47, 46, -1,
				47, 41, 40, -1,
				40, 45, 47, -1,
			]
			solid FALSE
		}
	}
#---------- SOLID: DetectorCrystal_79:0
	Shape {
		appearance Appearance {
			material Material {
				diffuseColor 1 1 1
				transparency 0.7
			}
		}
		geometry IndexedFaceSet {
			coord Coordinate {
				point [
					-163.068 -286.832 118.335,
					-117.854 -308.178 118.335,
					-123.624 -320.4 70.1965,
					-168.838 -299.053 70.1965,
					-158.957 -278.125 115.632,
					-113.743 -299.472 115.632,
					-119.513 -311.694 67.4934,
					-164.727 -290.347 67.4934,
				]
			}
			coordIndex [
				0, 3, 2, 1, -1,
				4, 7, 3, 0, -1,
				7, 6, 2, 3, -1,
				6, 5, 1, 2, -1,
				5, 4, 0, 1, -1,
				4, 5, 6, 7, -1,
			]
			solid FALSE
		}
	}
#---------- SOLID: pixel_79_param:0
	Shape {
		appearance Appearance {
			material Material {
				diffuseColor 1 1 1
				transparency 0.7
			}
		}
		geometry IndexedFaceSet {
			coord Coordinate {
				point [
					-163.068 -286.832 118.335,
					-117.854 -308.178 118.335,
					-123.624 -320.4 70.1965,
					-168.838 -299.053 70.1965,
					-158.957 -278.125 115.632,
					-113.743 -299.472 115.632,
					-119.513 -311.694 67.4934,
					-164.727 -290.347 67.4934,
				]
			}
			coordIndex [
				0, 3, 2, 1, -1,
				4, 7, 3, 0, -1,
				7, 6, 2, 3, -1,
				6, 5, 1, 2, -1,
				5, 4, 0, 1, -1,
				4, 5, 6, 7, -1,
			]
			solid FALSE
		}
	}
#---------- SOLID: Collimator_80:0
	Shape {
		appearance Appearance {
			material Material {
				diffuseColor 1 1 1
				transparency 0.7
			}
		}
		geometry IndexedFaceSet {
			coord Coordinate {
				point [
					-106.397 -305.821 117.55,
					-54.0936 -319.25 117.55,
					-57.6841 -333.234 65.516,
					-109.988 -319.805 65.516,
					-65.9484 -244.186 73.4438,
					-59.8463 -245.753 73.4438,
					-60.2652 -247.384 67.3732,
					-66.3673 -245.817 67.3732,
					-112.456 -317.364 124.182,
					-54.3414 -332.286 124.182,
					-58.3308 -347.823 66.3667,
					-116.446 -332.902 66.3667,
					-109.101 -304.298 120.439,
					-50.9865 -319.219 120.439,
					-54.9759 -334.757 62.6236,
					-113.091 -319.836 62.6236,
					-110.65 -318.379 122.254,
					-56.4097 -332.306 122.254,
					-60.1332 -346.808 68.2924,
					-114.374 -332.881 68.2924,
					-111.019 -319.816 64.5495,
					-107.296 -305.314 118.511,
					-56.7785 -333.742 64.5495,
					-53.055 -319.24 118.511,
					-64.1468 -245.201 71.5187,
					-61.919 -245.773 71.5187,
					-62.072 -246.369 69.3025,
					-64.2997 -245.797 69.3025,
					-107.919 -319.783 67.4453,
					-104.595 -306.835 115.624,
					-59.4909 -332.218 67.4453,
					-56.1665 -319.27 115.624,
					-65.9485 -244.186 73.4436,
					-59.8465 -245.752 73.4436,
					-60.2653 -247.384 67.373,
					-66.3674 -245.817 67.373,
					-66.1253 -240.882 73.5983,
					-58.0998 -242.942 73.5983,
					-58.6507 -245.088 65.6141,
					-66.6762 -243.027 65.6141,
					-64.1442 -245.201 71.5163,
					-61.9165 -245.773 71.5163,
					-62.0694 -246.369 69.3,
					-64.2971 -245.797 69.3,
					-64.6059 -243.007 67.5412,
					-64.321 -241.897 71.671,
					-60.4548 -244.073 67.5412,
					-60.1699 -242.963 71.671,
				]
			}
			coordIndex [
				4, 7, 3, 0, -1,
				7, 6, 2, 3, -1,
				6, 5, 1, 2, -1,
				5, 4, 0, 1, -1,
				4, 5, 6, 7, -1,
				8, 11, 10, 9, -1,
				12, 15, 11, 8, -1,
				15, 14, 10, 11, -1,
				14, 13, 9, 10, -1,
				13, 12, 8, 9, -1,
				16, 17, 18, 19, -1,
				12, 13, 21, -1,
				23, 21, 13, -1,
				15, 12, 21, -1,
				22, 23, 13, -1,
				15, 21, 20, -1,
				22, 13, 14, -1,
				14, 15, 20, -1,
				20, 22, 14, -1,
				21, 16, 19, -1,
				19, 20, 21, -1,
				20, 19, 18, -1,
				18, 22, 20, -1,
				22, 18, 17, -1,
				17, 23, 22, -1,
				23, 17, 16, -1,
				16, 21, 23, -1,
				24, 27, 26, 25, -1,
				3, 30, 28, -1,
				30, 3, 2, -1,
				0, 3, 28, -1,
				31, 30, 2, -1,
				0, 28, 29, -1,
				31, 2, 1, -1,
				1, 0, 29, -1,
				29, 31, 1, -1,
				28, 27, 24, -1,
				24, 29, 28, -1,
				30, 26, 27, -1,
				27, 28, 30, -1,
				31, 25, 26, -1,
				26, 30, 31, -1,
				29, 24, 25, -1,
				25, 31, 29, -1,
				32, 35, 34, 33, -1,
				36, 39, 35, 32, -1,
				39, 38, 34, 35, -1,
				38, 37, 33, 34, -1,
				37, 36, 32, 33, -1,
				40, 41, 42, 43, -1,
				36, 37, 45, -1,
				47, 45, 37, -1,
				39, 36, 45, -1,
				46, 47, 37, -1,
				39, 45, 44, -1,
				46, 37, 38, -1,
				38, 39, 44, -1,
				44, 46, 38, -1,
				45, 40, 43, -1,
				43, 44, 45, -1,
				44, 43, 42, -1,
				42, 46, 44, -1,
				46, 42, 41, -1,
				41, 47, 46, -1,
				47, 41, 40, -1,
				40, 45, 47, -1,
			]
			solid FALSE
		}
	}
#---------- SOLID: DetectorCrystal_80:0
	Shape {
		appearance Appearance {
			material Material {
				diffuseColor 1 1 1
				transparency 0.7
			}
		}
		geometry IndexedFaceSet {
			coord Coordinate {
				point [
					-106.989 -316.169 118.297,
					-58.5602 -328.604 118.297,
					-61.8847 -341.552 70.1168,
					-110.314 -329.118 70.1168,
					-104.593 -306.836 115.623,
					-56.1638 -319.271 115.623,
					-59.4883 -332.219 67.4432,
					-107.917 -319.784 67.4432,
				]
			}
			coordIndex [
				0, 3, 2, 1, -1,
				4, 7, 3, 0, -1,
				7, 6, 2, 3, -1,
				6, 5, 1, 2, -1,
				5, 4, 0, 1, -1,
				4, 5, 6, 7, -1,
			]
			solid FALSE
		}
	}
#---------- SOLID: pixel_80_param:0
	Shape {
		appearance Appearance {
			material Material {
				diffuseColor 1 1 1
				transparency 0.7
			}
		}
		geometry IndexedFaceSet {
			coord Coordinate {
				point [
					-106.989 -316.169 118.297,
					-58.5602 -328.604 118.297,
					-61.8847 -341.552 70.1168,
					-110.314 -329.118 70.1168,
					-104.593 -306.836 115.623,
					-56.1638 -319.271 115.623,
					-59.4883 -332.219 67.4432,
					-107.917 -319.784 67.4432,
				]
			}
			coordIndex [
				0, 3, 2, 1, -1,
				4, 7, 3, 0, -1,
				7, 6, 2, 3, -1,
				6, 5, 1, 2, -1,
				5, 4, 0, 1, -1,
				4, 5, 6, 7, -1,
			]
			solid FALSE
		}
	}
#---------- SOLID: Shielding:0
	Shape {
		appearance Appearance {
			material Material {
				diffuseColor 1 1 1
				transparency 0.7
			}
		}
		geometry IndexedFaceSet {
			coord Coordinate {
				point [
					-130.882 -340.459 149.525,
					-57.1388 -364.838 149.525,
					-132.914 -344.764 149.525,
					-56.1969 -241.619 -62.9416,
					-53.3873 -235.32 -73.9942,
					-57.093 -241.389 -73.7223,
					-32.2287 -240.752 -155.875,
					-52.0972 -235.651 -58.4742,
					-153.98 95.3796 -74.6456,
					-160.254 98.0932 -61.0367,
					-161.174 96.4517 -74.384,
					-196.208 48.6486 -61.7437,
					-185.182 62.6308 -56.0705,
					-190.531 43.7365 -56.0705,
					-192.919 60.2675 28.5081,
					-190.06 45.4016 30.4007,
					-195.881 49.8044 28.5081,
					-224.949 -29.1222 28.1613,
					-216.332 -40.5314 29.8678,
					-223.414 -39.1978 28.1613,
					-201.121 -129.712 62.7986,
					-194.727 -127.135 74.045,
					-193.968 -128.377 58.146,
					-193.01 59.9443 74.1445,
					-189.912 45.924 74.4118,
					-195.789 50.1276 74.1445,
					-193.01 59.9443 -74.1445,
					-189.912 45.924 -74.4118,
					-185.802 60.4432 -74.4118,
					-196.024 49.2976 -17.0332,
					-190.06 45.4016 -30.4007,
					-195.881 49.8044 -28.5081,
					263.643 74.7606 -59.3616,
					273.415 63.9116 -63.2578,
					267.358 60.1381 -59.3616,
					-192.591 61.4233 -61.7437,
					-133.792 -195.168 -14.6846,
					-146.158 -186.088 14.6846,
					-133.792 -195.168 14.6846,
					-88.3782 242.628 149.525,
					-90.8715 248.883 152.7,
					-88.3782 242.628 152.7,
					-57.1388 -364.838 -149.525,
					-50.5502 -366.53 152.7,
					-24.6174 -253.301 -155.875,
					-50.5502 -366.53 -155.875,
					-109.402 -219.382 17.7406,
					-94.8299 -218.742 14.7243,
					-108.64 -212.222 14.7243,
					-223.279 -40.0834 62.534,
					-218.777 -24.4834 57.5864,
					-225.084 -28.2367 62.534,
					-201.646 -128.855 -73.7731,
					-201.937 -115.34 -74.045,
					-206.622 -120.714 -73.7731,
					19.1713 160.255 -52.3143,
					15.2817 160.417 -75.0657,
					30.5239 159.782 -155.875,
					228.945 108.426 73.9378,
					235.638 110.103 63.0928,
					235.974 109.342 73.6664,
					-46.4448 149.957 -75.1692,
					-48.0707 156.559 -59.0604,
					-50.5217 148.939 -51.632,
					-67.1549 -238.805 62.9416,
					-67.1549 -238.805 -62.9416,
					-66.7538 -238.908 17.7661,
					-319.163 -145.925 149.525,
					-326.144 -149.149 152.7,
					-319.163 -145.925 152.7,
					-192.919 60.2675 -28.5081,
					-139.739 -199.238 -17.7238,
					-146.158 -186.088 -14.6846,
					-139.391 -199.493 -62.8686,
					-146.633 -185.739 -58.3037,
					-133.317 -195.517 -58.3037,
					-206.913 -120.238 -17.6828,
					-194.288 -127.854 -14.5902,
					-201.355 -129.33 -17.6828,
					-56.9016 -241.438 -27.9817,
					-66.8883 -231.853 -29.5579,
					-66.4502 -238.986 -27.9817,
					-195.789 50.1276 -74.1445,
					-199.571 36.7693 -149.525,
					-167.303 85.518 -61.0367,
					-161.714 81.5816 -74.6456,
					-166.383 87.1595 -74.384,
					-174.039 -167.881 -62.8425,
					-168.261 -164.118 -74.0296,
					-174.703 -167.159 -73.7577,
					-27.0769 154.79 10.6959,
					-27.0769 154.79 -10.6959,
					-25.3823 155.213 -51.632,
					-202.377 -114.621 -14.5902,
					-202.697 -114.098 -58.146,
					-208.499 -104.606 -155.875,
					107.121 162.721 28.6492,
					91.7209 164.244 30.6057,
					97.6279 168.588 28.6492,
					-66.5823 -231.932 -73.9942,
					-67.8724 -231.6 -58.4742,
					-201.121 -129.712 -62.7986,
					-193.968 -128.377 -58.146,
					-140.17 -198.921 73.7485,
					-145.507 -186.566 74.0204,
					-134.443 -194.69 74.0204,
					-28.5079 154.433 31.8439,
					-32.3172 160.491 15.3913,
					-216.349 -71.6057 -29.7408,
					-222.059 -75.7842 -17.6298,
					-221.936 -76.12 -28.0849,
					-28.5079 154.433 -31.8439,
					-45.9217 157.096 -29.5507,
					-47.3961 149.719 -31.8439,
					-201.646 -128.855 73.7731,
					-201.937 -115.34 74.045,
					-194.547 -127.43 -29.6723,
					-201.533 -129.039 -28.0451,
					-148.26 -192.98 17.7238,
					-145.775 -186.369 29.6173,
					-147.996 -193.174 28.0141,
					-185.654 60.9656 -30.4007,
					-216.224 -71.948 -74.076,
					-222.221 -75.3442 -62.7085,
					-221.858 -76.3329 -73.8042,
					-208.105 19.058 -74.2302,
					-214.952 18.4158 -62.2213,
					-215.025 17.1221 -73.9596,
					-153.655 95.9593 30.827,
					-166.585 86.7996 28.8048,
					-160.972 96.8116 28.8048,
					41.3119 167.023 -53.7989,
					61.5949 167.687 -60.4217,
					63.0898 160.072 -53.7989,
					-174.039 -167.881 62.8425,
					-168.261 -164.118 74.0296,
					-167.3 -165.162 58.2443,
					-181.288 -160 28.0257,
					-174.561 -167.314 28.0257,
					-211.419 -85.0373 -74.076,
					-218.552 -85.3391 -73.8042,
					239.952 100.334 17.8515,
					234.469 95.9179 29.4266,
					239.838 100.591 27.9147,
					-184.895 -143.22 152.7,
					-207.147 -119.856 62.7986,
					-206.622 -120.714 73.7731,
					-181.81 -159.432 62.8425,
					-178.539 -152.944 58.2443,
					-128.603 109.065 -11.7098,
					-121.602 126.187 -16.0495,
					-114.33 123.946 -11.7098,
					-139.739 -199.238 17.7238,
					-134.175 -194.887 29.6173,
					-46.8798 156.856 -15.3913,
					-48.8271 149.362 -10.6959,
					-181.146 -160.154 73.7577,
					-174.703 -167.159 73.7577,
					-216.246 -41.0958 -14.2549,
					-218.672 -25.1756 -14.2549,
					-216.246 -41.0958 14.2549,
					146.289 157.648 -17.3272,
					151.597 142.942 -13.8655,
					139.592 154.688 -13.8655,
					-182.756 71.2015 152.7,
					-185.44 61.7194 13.3317,
					-185.44 61.7194 -13.3316,
					-215.025 17.1221 73.9596,
					-208.926 4.54588 74.2302,
					-215.584 7.25029 73.9596,
					-174.561 -167.314 -28.0257,
					-177.807 -153.74 -29.638,
					-181.288 -160 -28.0257,
					-128.677 -210.281 149.525,
					-127.653 -208.112 -149.525,
					-128.677 -210.281 -149.525,
					44.3947 166.039 74.8254,
					59.5207 168.349 74.569,
					60.007 161.056 74.8254,
					-139.391 -199.493 62.8686,
					-140.003 -199.044 28.0141,
					-208.042 20.1649 -13.8895,
					-215.625 6.52755 -17.3399,
					-214.984 17.8449 -17.3399,
					-208.952 4.09159 30.0801,
					-215.625 6.52755 17.3399,
					-215.6 6.96908 28.2952,
					-215.657 5.95666 62.2213,
					-208.079 19.5123 30.0801,
					-215.009 17.4034 28.2952,
					-209.034 2.64418 -56.9744,
					-215.657 5.95667 -62.2213,
					-29.4592 154.195 75.1692,
					-31.1264 160.788 59.0604,
					-25.3823 155.213 51.632,
					-208.926 4.54589 -74.2302,
					-215.584 7.2503 -73.9596,
					-209.034 2.64417 56.9744,
					-214.952 18.4158 62.2213,
					-99.8733 -223.881 -17.7406,
					-95.2521 -218.543 -29.5941,
					-100.165 -223.743 -28.0013,
					-166.902 86.2343 16.5883,
					-153.181 96.804 12.5759,
					-160.656 97.3769 16.5883,
					-208.952 4.09159 -30.0801,
					-215.6 6.96908 -28.2952,
					-208.079 19.5123 -30.0801,
					-207.997 20.9597 -56.9744,
					-211.113 -85.87 -14.4727,
					-216.529 -71.1153 -14.4727,
					-128.603 109.065 11.7098,
					-127.777 109.926 31.3032,
					-129.587 108.039 53.3721,
					-160.254 98.0932 61.0367,
					-153.98 95.3796 74.6456,
					-161.174 96.4517 74.384,
					-174.335 -167.559 17.7086,
					-168.033 -164.366 29.6379,
					-167.705 -164.722 14.6491,
					179.392 238.918 149.525,
					117.596 277.108 152.7,
					179.392 238.918 152.7,
					-100.701 133.768 -149.525,
					-107.8 140.577 149.525,
					-100.701 133.768 149.525,
					-224.949 -29.1222 -28.1613,
					-216.332 -40.5314 -29.8678,
					-218.586 -25.74 -29.8678,
					-70.2817 143.835 -52.1049,
					-91.9301 138.948 -59.3636,
					-77.2877 147.595 -59.3636,
					-66.7538 -238.908 -17.7661,
					-67.3273 -231.74 -14.7865,
					-31.8612 -254.47 149.525,
					-36.605 -246.649 -149.525,
					-31.8612 -254.47 -149.525,
					-35.9851 255.703 149.525,
					-35.9851 255.703 152.7,
					-90.9274 139.54 -15.5711,
					-90.1224 140.015 -29.4427,
					-321.993 62.3793 149.525,
					-326.01 -8.59108 152.7,
					-321.993 62.3793 152.7,
					-225.008 -28.7378 17.5261,
					-218.586 -25.74 29.8678,
					97.1314 168.894 16.8241,
					106.619 155.037 12.9704,
					107.617 162.414 16.8241,
					-206.913 -120.238 17.6828,
					-194.288 -127.854 14.5902,
					-202.377 -114.621 14.5902,
					162.957 131.828 -155.875,
					180.946 144.057 152.7,
					162.957 131.828 152.7,
					-131.145 116.238 16.0495,
					-33.8743 160.102 -74.9248,
					-29.4592 154.195 -75.1692,
					16.1936 160.379 31.6355,
					14.2474 167.266 15.6506,
					17.5554 160.323 11.0907,
					-192.13 -307.275 149.525,
					-194.091 -309.946 152.7,
					-192.13 -307.275 152.7,
					-33.8743 160.102 74.9248,
					-21.161 163.275 149.525,
					-177.578 -153.988 74.0296,
					-109.402 -219.382 -17.7406,
					-108.217 -212.421 -29.5941,
					-108.64 -212.222 -14.7244,
					-160.656 97.3769 -16.5883,
					-166.902 86.2343 -16.5883,
					-48.0707 156.559 59.0604,
					-45.9217 157.096 29.5508,
					-46.8798 156.856 15.3913,
					-121.602 126.187 16.0495,
					-114.33 123.946 11.7098,
					-130.593 116.814 29.1488,
					-115.156 123.085 31.3032,
					-130.882 -340.459 152.7,
					-1.86954 161.133 -75.0657,
					12.7642 167.328 -74.8174,
					1.21473 167.81 -74.8174,
					-46.4448 149.956 75.1692,
					-50.5217 148.939 51.632,
					-139.237 107.801 149.525,
					-131.838 115.516 60.1598,
					-131.145 116.238 -16.0495,
					-107.8 140.577 -149.525,
					-120.91 126.909 -60.1598,
					-196.024 49.2976 17.0332,
					-192.775 60.7743 17.0332,
					151.126 143.403 30.094,
					154.41 149.703 17.3273,
					151.597 142.942 13.8655,
					-211.419 -85.0373 74.076,
					-221.858 -76.3329 73.8042,
					-216.224 -71.948 74.076,
					-78.2904 147.003 15.5711,
					-78.2904 147.003 -15.5711,
					-246.198 -263.14 -149.525,
					-248.42 -265.184 -149.525,
					-192.13 -307.275 -149.525,
					-70.2817 143.835 52.1049,
					-91.9301 138.948 59.3636,
					-92.0205 130.997 52.1049,
					186.833 135.398 74.0568,
					193.092 138.286 62.7648,
					193.667 137.44 73.7849,
					-88.5871 133.025 75.0979,
					-79.6003 146.229 74.8508,
					-73.7151 141.808 75.0979,
					-62.5581 148.396 152.7,
					195.113 123.217 14.5456,
					193.348 137.909 17.6629,
					186.349 136.109 14.5456,
					408.462 60.2381 152.7,
					291.491 33.7611 -155.875,
					408.462 60.2381 -155.875,
					-211.293 -85.3795 -29.7408,
					-218.474 -85.5519 -28.0849,
					-21.161 163.275 -149.525,
					-20.9333 168.734 149.525,
					-20.9333 168.734 -149.525,
					-211.293 -85.3795 29.7408,
					-218.35 -85.8878 17.6298,
					-218.474 -85.5519 28.0849,
					-14.4226 161.656 152.7,
					-5.7592 161.295 52.3143,
					-1.86954 161.133 75.0658,
					-162.039 81.0019 -30.827,
					-162.513 80.1573 -12.5759,
					-163.08 79.1443 -54.8263,
					267.17 60.8754 -29.2584,
					270.905 73.7934 -27.8444,
					263.83 74.0233 -29.2584,
					-90.5939 131.84 10.9691,
					-90.9274 139.54 15.5711,
					261.229 84.2622 -155.875,
					263.887 73.798 -73.8724,
					-88.5871 133.025 -75.0979,
					-79.6003 146.229 -74.8508,
					-89.6175 140.314 -74.8508,
					406.788 66.831 -149.525,
					292.171 40.8871 149.525,
					406.788 66.831 149.525,
					-72.9113 142.282 31.6999,
					-71.7083 142.993 10.9691,
					-1.40452 167.919 59.4969,
					1.21473 167.81 74.8175,
					150.798 143.724 74.2382,
					152.17 142.381 56.9357,
					80.8846 178.935 149.525,
					97.9444 168.392 74.2606,
					96.499 169.285 61.4135,
					-89.3909 132.55 31.6999,
					-90.1224 140.015 29.4427,
					-172.926 75.486 -149.525,
					-187.446 79.5967 149.525,
					-172.926 75.486 149.525,
					-178.134 -153.384 14.6491,
					-181.514 -159.755 17.7086,
					199.361 129.063 17.6629,
					193.348 137.909 -17.6629,
					194.828 123.636 29.6983,
					193.543 137.621 28.0601,
					199.166 129.351 28.0601,
					263.83 74.0233 29.2584,
					270.846 74.0247 17.9365,
					270.905 73.7934 27.8445,
					273.336 64.2226 17.9365,
					270.846 74.0247 -17.9365,
					194.63 123.928 -74.0567,
					199.618 128.686 -62.7647,
					199.042 129.532 -73.7849,
					-216.751 -70.511 57.9499,
					-218.189 -86.3278 62.7085,
					-210.891 -86.4743 57.9499,
					228.152 127.054 149.525,
					207.06 117.74 149.525,
					199.618 128.686 62.7648,
					199.042 129.532 73.7849,
					186.349 136.109 -14.5456,
					180.946 144.057 -155.875,
					185.998 136.626 -58.0715,
					92.2319 163.929 -74.5253,
					106.804 162.916 -74.2606,
					97.9444 168.392 -74.2606,
					140.391 153.906 -74.2382,
					145.878 158.051 -62.2017,
					139.018 155.249 -56.9357,
					194.63 123.928 74.0568,
					195.464 122.701 58.0715,
					-218.35 -85.8878 -17.6298,
					-202.697 -114.098 58.146,
					-194.547 -127.43 29.6723,
					-202.118 -115.045 29.6723,
					-222.221 -75.3442 62.7085,
					146.608 157.336 -28.3041,
					154.091 150.015 -28.3041,
					154.822 149.3 -62.2017,
					153.888 150.214 -73.9676,
					163.735 140.58 -149.525,
					140.063 154.227 -30.0939,
					-214.984 17.8449 17.3399,
					239.952 100.334 -17.8515,
					228.669 109.051 -15.0133,
					235.789 109.761 -17.8515,
					59.9753 168.204 -29.0484,
					60.6927 167.975 -16.2091,
					-0.268512 167.872 15.6506,
					-4.14327 161.228 11.0907,
					-167.3 -165.162 -58.2444,
					-168.033 -164.366 -29.638,
					-167.705 -164.722 -14.6491,
					234.355 96.1744 -73.9378,
					240.103 99.9911 -63.0927,
					239.767 100.753 -73.6664,
					-225.008 -28.7378 -17.5261,
					361.662 130.2 149.525,
					333.701 193.516 152.7,
					361.662 130.2 152.7,
					44.3947 166.039 -74.8254,
					46.9421 172.364 -60.4217,
					17.5554 160.323 -11.0906,
					-0.268512 167.872 -15.6506,
					14.2474 167.266 -15.6506,
					91.7209 164.244 -30.6056,
					107.121 162.721 -28.6492,
					97.6279 168.588 -28.6492,
					108.25 162.023 -61.4134,
					90.0889 165.253 -55.4787,
					96.499 169.285 -61.4134,
					235.638 110.103 -63.0927,
					228.945 108.426 -73.9378,
					235.974 109.342 -73.6664,
					47.8443 172.076 16.2091,
					43.6652 166.272 31.1658,
					42.5923 166.614 11.9621,
					105.878 155.495 30.6057,
					15.2817 160.417 75.0658,
					15.3834 167.219 59.4969,
					19.1713 160.255 52.3143,
					-2.7815 161.171 31.6355,
					0.642482 167.834 29.3946,
					106.804 162.916 74.2606,
					92.2319 163.929 74.5253,
					-217.847 -102.35 149.525,
					-217.847 -102.35 -149.525,
					42.5923 166.614 -11.9621,
					41.3119 167.023 53.7989,
					234.835 95.0881 58.8553,
					240.103 99.9911 63.0928,
					-119.625 -207.035 -155.875,
					-206.735 -120.529 28.0451,
					-201.533 -129.039 28.0451,
					105.367 155.811 -74.5253,
					83.0943 169.576 152.7,
					74.8928 156.305 -155.875,
					83.0943 169.576 -155.875,
					107.51 154.486 -55.4787,
					106.619 155.037 -12.9704,
					152.17 142.381 -56.9357,
					-207.463 30.4051 -155.875,
					-194.513 29.6721 152.7,
					-207.463 30.4051 152.7,
					267.17 60.8754 29.2584,
					267.253 60.5497 15.3102,
					267.113 61.1007 -73.8724,
					273.241 64.5977 -73.6025,
					-196.208 48.6486 61.7438,
					-185.182 62.6308 56.0705,
					-192.591 61.4233 61.7438,
					-215.009 17.4034 -28.2952,
					-108.217 -212.421 29.5941,
					-109.111 -219.519 28.0013,
					-99.489 -224.062 62.8974,
					-95.5465 -218.404 74.0101,
					-94.3065 -218.989 58.3702,
					-213.867 37.5785 149.525,
					-199.571 36.7693 149.525,
					25.6234 166.792 149.525,
					12.7642 167.328 74.8175,
					-213.322 -99.5843 149.525,
					-95.2521 -218.543 29.5941,
					-100.165 -223.743 28.0013,
					-216.397 -7.11617 -149.525,
					-218.777 -24.4834 -57.5864,
					-218.526 -26.1337 -74.134,
					-220.285 -14.5871 -155.875,
					-132.914 -344.764 -149.525,
					-130.882 -340.459 -155.875,
					-132.914 -344.764 -155.875,
					-109.787 -219.2 62.8974,
					-107.923 -212.56 74.0101,
					-108.927 -219.606 73.7382,
					-100.349 -223.656 73.7382,
					-205.017 -102.477 -155.875,
					-210.891 -86.4743 -57.9499,
					-115.715 122.502 -74.8967,
					-113.346 124.972 -53.3721,
					-115.715 122.502 74.8967,
					-120.91 126.909 60.1598,
					-113.346 124.972 53.3721,
					-122.504 125.247 -74.6426,
					-127.218 110.509 -74.8967,
					194.828 123.636 -29.6983,
					193.543 137.621 -28.0601,
					186.634 135.69 -29.6983,
					-221.936 -76.12 28.0849,
					-216.349 -71.6058 29.7408,
					-211.113 -85.87 14.4727,
					-222.059 -75.7842 17.6298,
					-216.751 -70.511 -57.9499,
					234.835 95.0881 -58.8553,
					-47.3961 149.719 31.8439,
					-185.654 60.9656 30.4007,
					234.631 95.5491 -15.0133,
					234.469 95.9179 -29.4266,
					-193.611 -141.999 149.525,
					-195.905 -144.109 -149.525,
					-195.905 -144.109 149.525,
					224.678 118.087 152.7,
					224.678 118.087 -155.875,
					-151.088 114.444 149.525,
					-151.088 114.444 -149.525,
					-107.6 130.962 -155.875,
					-101.685 125.29 152.7,
					-107.6 130.962 152.7,
					-78.8995 -228.769 152.7,
					-192.775 60.7743 -17.0332,
					-131.838 115.516 -60.1598,
					-129.587 108.039 -53.3721,
					-52.6423 -235.511 14.7865,
					-67.3273 -231.74 14.7865,
					-166.585 86.7996 -28.8048,
					-153.655 95.9593 -30.827,
					-160.972 96.8116 -28.8048,
					-216.141 -41.788 -57.5864,
					-152.613 97.817 -54.8263,
					-148.482 105.188 -155.875,
					307.657 176.503 152.7,
					-289.715 -208.743 -149.525,
					-326.144 -149.149 -155.875,
					-289.715 -208.743 -155.875,
					-326.144 -149.149 -149.525,
					-319.163 -145.925 -155.875,
					267.253 60.5497 -15.3102,
					271.875 42.3558 -155.875,
					-185.802 60.4432 74.4118,
					-331.686 -77.8529 149.525,
					-343.269 -80.2578 152.7,
					-331.686 -77.8529 152.7,
					-153.181 96.804 -12.5759,
					117.596 277.108 149.525,
					109.726 254.979 152.7,
					307.657 176.503 149.525,
					268.167 234.592 152.7,
					-164.211 -178.566 -149.525,
					-181.146 -160.154 -73.7577,
					-100.349 -223.656 -73.7383,
					-107.923 -212.56 -74.0101,
					-108.927 -219.606 -73.7383,
					333.701 193.516 149.525,
					-37.1352 264.014 149.525,
					-37.1352 264.014 152.7,
					-165.5 -180.322 -149.525,
					-148.26 -192.98 -17.7238,
					-218.189 -86.3278 -62.7085,
					-155.719 210.587 149.525,
					-163.578 222.213 152.7,
					-155.719 210.587 152.7,
					117.596 277.108 -155.875,
					179.392 238.918 -149.525,
					179.392 238.918 -155.875,
					-264.776 117.467 149.525,
					-283.251 126.976 152.7,
					-264.776 117.467 152.7,
					266.145 92.5272 -149.525,
					270.941 73.6496 -73.6025,
					277.648 47.2506 -149.525,
					-343.269 -80.2578 149.525,
					-229.131 -56.5205 -149.525,
					-213.322 -99.5843 -149.525,
					-326.144 -149.149 149.525,
					-289.715 -208.743 152.7,
					245.979 212.812 -149.525,
					268.167 234.592 -155.875,
					245.979 212.812 -155.875,
					-342.28 -8.32612 149.525,
					-342.28 -8.32612 152.7,
					194.937 262.75 149.525,
					194.937 262.75 152.7,
					-248.42 -265.184 152.7,
					-248.42 -265.184 149.525,
					-177.807 -153.74 29.6379,
					-99.489 -224.062 -62.8974,
					-95.5465 -218.404 -74.0101,
					-130.882 -340.459 -149.525,
					-194.091 -309.946 -155.875,
					-119.625 -207.035 152.7,
					-119.112 -205.948 -155.875,
					-119.112 -205.948 152.7,
					-343.269 -80.2578 -149.525,
					-331.686 -77.8529 -155.875,
					-343.269 -80.2578 -155.875,
					-246.198 -263.14 -155.875,
					-248.42 -265.184 -155.875,
					-194.727 -127.135 -74.045,
					-293.352 -210.967 -149.525,
					-109.111 -219.519 -28.0013,
					-127.777 109.926 -31.3032,
					-79.0954 146.527 29.4427,
					-109.163 -211.975 58.3702,
					-92.0205 130.997 -52.1049,
					-72.9113 142.282 -31.6999,
					-79.0954 146.527 -29.4427,
					-140.17 -198.921 -73.7485,
					-145.507 -186.566 -74.0204,
					-147.829 -193.297 -73.7485,
					-73.7151 141.808 -75.0979,
					16.1936 160.379 -31.6355,
					13.3364 167.304 -29.3946,
					-331.686 -77.8529 -149.525,
					-342.28 -8.3261 -155.875,
					270.767 74.3358 63.2578,
					266.145 92.5271 149.525,
					270.941 73.6496 73.6025,
					267.358 60.1381 59.3616,
					263.643 74.7606 59.3616,
					387.893 141.207 149.525,
					263.747 74.349 -15.3102,
					273.336 64.2226 -17.9365,
					273.277 64.4539 -27.8444,
					277.648 47.2506 149.525,
					-88.3782 242.628 -149.525,
					-35.9851 255.703 -155.875,
					-88.3782 242.628 -155.875,
					146.811 157.137 73.9677,
					140.391 153.906 74.2382,
					194.937 262.75 -155.875,
					263.747 74.349 15.3102,
					107.617 162.414 -16.8241,
					195.464 122.701 -58.0715,
					59.5207 168.349 -74.569,
					60.007 161.056 -74.8254,
					-52.6423 -235.511 -14.7865,
					-77.2877 147.595 59.3636,
					154.41 149.703 -17.3272,
					151.126 143.403 -30.0939,
					80.8846 178.935 -149.525,
					71.9006 164.398 149.525,
					387.893 141.207 152.7,
					-61.2914 146.251 152.7,
					-321.993 62.3794 -149.525,
					-302.869 57.6831 -155.875,
					-321.993 62.3794 -155.875,
					-246.198 -263.14 149.525,
					-246.198 -263.14 152.7,
					195.113 123.217 -14.5456,
					199.361 129.063 -17.6629,
					-201.355 -129.33 17.6828,
					-148.609 -192.725 62.8686,
					-147.829 -193.297 73.7485,
					146.289 157.648 17.3273,
					139.592 154.688 13.8655,
					-58.0159 154.077 -149.525,
					-60.1607 157.709 149.525,
					-58.0159 154.077 149.525,
					-99.8733 -223.881 17.7406,
					60.7365 160.823 -31.1658,
					61.8095 160.48 -11.9621,
					-221.217 -53.6154 -149.525,
					-229.131 -56.5205 149.525,
					-221.217 -53.6154 149.525,
					150.798 143.724 -74.2382,
					-223.355 -39.5823 -17.5261,
					-223.414 -39.1978 -28.1613,
					-225.084 -28.2367 -62.534,
					-190.531 43.7365 56.0705,
					-216.392 -40.1376 74.134,
					-216.141 -41.788 57.5864,
					-56.598 -241.516 -17.7661,
					-53.0813 -235.398 -29.5579,
					-66.8883 -231.853 29.5579,
					-66.4502 -238.986 27.9817,
					-145.775 -186.369 -29.6173,
					-194.091 -309.946 149.525,
					97.1314 168.894 -16.8241,
					228.669 109.051 15.0133,
					235.789 109.761 17.8515,
					-31.1264 160.788 -59.0604,
					-48.8271 149.362 10.6959,
					186.634 135.69 29.6983,
					263.887 73.798 73.8724,
					-326.01 -8.59108 149.525,
					-87.177 -233.664 149.525,
					-86.3092 -230.285 -149.525,
					-87.177 -233.664 -149.525,
					-181.81 -159.432 -62.8425,
					-177.578 -153.988 -74.0296,
					-178.539 -152.944 -58.2444,
					-89.6175 140.314 74.8508,
					-155.418 -178.081 152.7,
					-155.994 -178.865 -155.875,
					-155.418 -178.081 -155.875,
					-174.335 -167.559 -17.7086,
					15.3834 167.219 -59.4969,
					267.113 61.1006 73.8724,
					273.415 63.9115 63.2578,
					-57.093 -241.389 73.7223,
					-66.5823 -231.932 73.9941,
					-53.3873 -235.32 73.9941,
					60.7365 160.823 31.1658,
					60.6927 167.975 16.2091,
					61.8095 160.48 11.9621,
					-208.042 20.1649 13.8895,
					-165.5 -180.322 149.525,
					-56.1969 -241.619 62.9416,
					-67.8724 -231.6 58.4742,
					-228.032 -8.8891 149.525,
					-216.397 -7.11618 149.525,
					245.694 87.3316 149.525,
					270.767 74.3358 -63.2578,
					-56.598 -241.516 17.7661,
					-53.0813 -235.398 29.5579,
					268.167 234.592 149.525,
					245.979 212.812 152.7,
					132.801 170.845 -149.525,
					118.171 155.892 149.525,
					132.801 170.845 149.525,
					-66.2588 -239.035 -73.7223,
					90.0889 165.253 55.4787,
					108.25 162.023 61.4135,
					105.367 155.811 74.5253,
					273.277 64.4539 27.8445,
					-94.8299 -218.742 -14.7244,
					39.4339 277.414 149.525,
					37.9052 260.884 152.7,
					39.4339 277.414 152.7,
					-109.163 -211.975 -58.3702,
					-94.3065 -218.989 -58.3702,
					118.171 155.892 -149.525,
					145.878 158.051 62.2017,
					139.018 155.249 56.9357,
					-86.3092 -230.285 149.525,
					-109.787 -219.2 -62.8974,
					-206.735 -120.529 -28.0451,
					-202.118 -115.045 -29.6723,
					-52.0972 -235.651 58.4742,
					-90.5939 131.84 -10.9691,
					-71.7083 142.993 -10.9691,
					-218.552 -85.3391 73.8042,
					109.726 254.979 -149.525,
					109.726 254.979 -155.875,
					33.6189 169.478 152.7,
					-163.578 222.213 149.525,
					-214.898 168.709 152.7,
					-66.2588 -239.035 73.7223,
					273.241 64.5977 73.6025,
					132.906 161.229 -155.875,
					235.903 109.503 -27.9147,
					239.838 100.591 -27.9147,
					228.152 127.054 -149.525,
					-163.08 79.1443 54.8263,
					-167.303 85.518 61.0367,
					43.6652 166.272 -31.1658,
					140.063 154.227 30.094,
					154.091 150.015 28.3041,
					235.903 109.503 27.9147,
					204.622 109.23 -155.875,
					182.746 153.504 -149.525,
					163.735 140.58 149.525,
					182.746 153.504 149.525,
					154.822 149.3 62.2017,
					-283.251 126.976 -149.525,
					-264.776 117.467 -155.875,
					-283.251 126.976 -155.875,
					-220.404 -60.5607 -155.875,
					-213.658 -58.0841 -155.875,
					-213.658 -58.0841 152.7,
					109.726 254.979 149.525,
					307.657 176.503 -149.525,
					333.701 193.517 -155.875,
					307.657 176.503 -155.875,
					-90.8715 248.883 149.525,
					61.5949 167.687 60.4218,
					63.0898 160.072 53.7989,
					-190.273 44.6478 13.3317,
					-214.898 168.709 149.525,
					-229.058 181.187 152.7,
					-78.3257 -226.534 152.7,
					-78.8995 -228.769 -155.875,
					-78.3257 -226.534 -155.875,
					-302.869 57.6831 -149.525,
					-192.13 -307.275 -155.875,
					132.906 161.229 152.7,
					119.226 147.246 -155.875,
					-37.1352 264.014 -149.525,
					37.9052 260.884 -155.875,
					-37.1352 264.014 -155.875,
					271.875 42.3557 152.7,
					-190.273 44.6478 -13.3316,
					-90.8715 248.883 -149.525,
					-90.8715 248.883 -155.875,
					228.831 108.683 -29.4266,
					239.767 100.753 73.6664,
					-342.28 -8.32611 -149.525,
					-326.01 -8.59107 -155.875,
					245.979 212.812 149.525,
					30.5239 159.782 152.7,
					33.6189 169.478 -155.875,
					-293.352 -210.967 -155.875,
					-302.869 57.6831 149.525,
					-302.869 57.6831 152.7,
					234.355 96.1744 73.9378,
					-214.898 168.709 -155.875,
					-163.578 222.213 -149.525,
					-163.578 222.213 -155.875,
					39.4339 277.414 -149.525,
					39.4339 277.414 -155.875,
					-155.719 210.587 -149.525,
					-155.719 210.587 -155.875,
					-35.9851 255.703 -149.525,
					37.9052 260.884 -149.525,
					-137.972 99.2965 152.7,
					-148.482 105.188 152.7,
					-127.218 110.509 74.8967,
					-122.504 125.247 74.6426,
					361.662 130.2 -149.525,
					361.662 130.2 -155.875,
					387.893 141.207 -155.875,
					387.893 141.207 -149.525,
					261.229 84.2622 152.7,
					241.796 79.3253 -155.875,
					-194.091 -309.946 -149.525,
					-62.5581 148.396 -155.875,
					-1.40452 167.919 -59.4969,
					-182.756 71.2015 -155.875,
					-169.618 67.482 152.7,
					-208.989 3.43906 13.8895,
					-209.92 -13.0077 152.7,
					-209.92 -13.0077 -155.875,
					-5.7592 161.295 -52.3143,
					-186.297 -144.51 152.7,
					-184.895 -143.22 -155.875,
					-2.7815 161.171 -31.6355,
					-4.14327 161.228 -11.0906,
					-229.058 181.187 -149.525,
					-264.776 117.467 -149.525,
					13.3364 167.304 29.3946,
					-319.163 -145.925 -149.525,
					-326.01 -8.59107 -149.525,
					-207.147 -119.856 -62.7986,
					-89.3909 132.55 -31.6999,
					186.833 135.398 -74.0567,
					193.092 138.286 -62.7647,
					-32.2287 -240.752 152.7,
					-166.383 87.1595 74.384,
					-134.443 -194.69 -74.0204,
					-181.514 -159.755 -17.7086,
					-178.134 -153.384 -14.6491,
					-293.352 -210.967 152.7,
					59.9753 168.204 29.0485,
					105.878 155.495 -30.6056,
					-218.526 -26.1337 74.134,
					-224.912 -29.3665 73.8625,
					-161.714 81.5816 74.6456,
					-32.3172 160.491 -15.3913,
					-223.355 -39.5823 17.5261,
					-218.672 -25.1756 14.2549,
					-224.912 -29.3665 -73.8625,
					-216.392 -40.1376 -74.134,
					185.998 136.626 58.0715,
					-56.9016 -241.438 27.9817,
					-187.446 79.5967 -149.525,
					37.9052 260.884 149.525,
					-216.529 -71.1153 14.4727,
					-205.017 -102.477 152.7,
					-208.499 -104.606 152.7,
					0.642482 167.834 -29.3946,
					107.51 154.486 55.4787,
					193.667 137.44 -73.7849,
					292.171 40.8871 -149.525,
					46.9421 172.364 60.4218,
					199.166 129.351 -28.0601,
					-162.039 81.0019 30.827,
					-132.914 -344.764 152.7,
					-115.156 123.085 -31.3032,
					-139.237 107.801 -149.525,
					-133.317 -195.517 58.3037,
					-146.633 -185.739 58.3037,
					-193.611 -141.999 -149.525,
					-223.451 -38.9536 73.8625,
					47.8443 172.076 -16.2091,
					29.2085 178.024 149.525,
					-208.105 19.058 74.2302,
					-229.058 181.187 149.525,
					-130.593 116.814 -29.1488,
					-134.175 -194.887 -29.6173,
					-140.003 -199.044 -28.0141,
					228.831 108.683 29.4266,
					146.811 157.137 -73.9676,
					-147.996 -193.174 -28.0141,
					-14.5789 157.909 -155.875,
					-14.5789 157.909 152.7,
					-148.609 -192.725 -62.8686,
					-223.279 -40.0834 -62.534,
					-229.058 181.187 -155.875,
					29.2085 178.024 -149.525,
					-223.451 -38.9535 -73.8625,
					291.491 33.761 152.7,
					-24.6174 -253.301 152.7,
					-36.605 -246.649 149.525,
					-155.994 -178.865 152.7,
					-293.352 -210.967 149.525,
					-289.715 -208.743 149.525,
					-127.653 -208.112 149.525,
					241.796 79.3253 152.7,
					204.622 109.23 152.7,
					-283.251 126.976 149.525,
					-164.211 -178.566 149.525,
					-220.285 -14.5872 152.7,
					-220.404 -60.5607 152.7,
					74.8928 156.305 152.7,
					119.226 147.246 152.7,
					333.701 193.517 -149.525,
					268.167 234.592 -149.525,
					194.937 262.75 -149.525,
					245.694 87.3316 -149.525,
					207.06 117.74 -149.525,
					71.9006 164.398 -149.525,
					25.6234 166.792 -149.525,
					-14.4226 161.656 -155.875,
					-61.2914 146.251 -155.875,
					-60.1607 157.709 -149.525,
					117.596 277.108 -149.525,
					-214.898 168.709 -149.525,
					-101.685 125.29 -155.875,
					-137.972 99.2965 -155.875,
					-169.618 67.482 -155.875,
					-194.513 29.6722 -155.875,
					-213.867 37.5785 -149.525,
					-228.032 -8.88908 -149.525,
					-186.297 -144.51 -155.875,
					228.465 109.512 58.8553,
					-45.3228 157.245 -74.9248,
					-33.2753 160.252 29.5508,
					-33.2753 160.252 -29.5507,
					234.631 95.5491 15.0133,
					49.0163 171.702 74.569,
					-208.989 3.43906 -13.8895,
					-207.997 20.9597 56.9744,
					-162.513 80.1573 12.5759,
					-152.613 97.817 54.8263,
					90.9804 164.702 12.9704,
					-45.3228 157.245 74.9248,
					-122.155 125.611 29.1488,
					-130.244 117.178 74.6426,
					-130.244 117.178 -74.6426,
					-122.155 125.611 -29.1488,
					146.608 157.336 28.3041,
					153.888 150.214 73.9677,
					49.0163 171.702 -74.569,
					48.5617 171.847 -29.0484,
					228.465 109.512 -58.8553,
					48.5617 171.847 29.0485,
					90.9804 164.702 -12.9704,
				]
			}
			coordIndex [
				0, 1, 2, -1,
				3, 4, 5, -1,
				6, 4, 7, -1,
				8, 9, 10, -1,
				11, 12, 13, -1,
				14, 15, 16, -1,
				17, 18, 19, -1,
				20, 21, 22, -1,
				23, 24, 25, -1,
				26, 27, 28, -1,
				29, 30, 31, -1,
				32, 33, 34, -1,
				35, 28, 12, -1,
				36, 37, 38, -1,
				39, 40, 41, -1,
				42, 43, 1, -1,
				44, 43, 45, -1,
				46, 47, 48, -1,
				49, 50, 51, -1,
				52, 53, 54, -1,
				55, 56, 57, -1,
				58, 59, 60, -1,
				61, 62, 63, -1,
				64, 65, 66, -1,
				67, 68, 69, -1,
				70, 35, 11, -1,
				71, 72, 36, -1,
				73, 74, 75, -1,
				76, 77, 78, -1,
				79, 80, 81, -1,
				82, 83, 11, -1,
				84, 85, 86, -1,
				87, 88, 89, -1,
				90, 91, 92, -1,
				93, 94, 95, -1,
				96, 97, 98, -1,
				65, 99, 100, -1,
				101, 94, 102, -1,
				103, 104, 105, -1,
				106, 107, 90, -1,
				108, 109, 110, -1,
				111, 112, 113, -1,
				114, 115, 21, -1,
				78, 116, 117, -1,
				118, 119, 120, -1,
				70, 30, 121, -1,
				122, 123, 124, -1,
				125, 126, 127, -1,
				128, 129, 130, -1,
				131, 132, 133, -1,
				134, 135, 136, -1,
				137, 138, 134, -1,
				139, 124, 140, -1,
				141, 142, 143, -1,
				77, 22, 144, -1,
				145, 115, 146, -1,
				147, 136, 148, -1,
				149, 150, 151, -1,
				152, 153, 38, -1,
				113, 154, 155, -1,
				156, 135, 157, -1,
				158, 159, 160, -1,
				161, 162, 163, -1,
				164, 165, 166, -1,
				167, 168, 169, -1,
				170, 171, 172, -1,
				173, 174, 175, -1,
				176, 177, 178, -1,
				179, 180, 152, -1,
				181, 182, 183, -1,
				184, 185, 186, -1,
				168, 187, 169, -1,
				188, 186, 189, -1,
				126, 190, 191, -1,
				192, 193, 194, -1,
				191, 195, 196, -1,
				197, 198, 187, -1,
				199, 200, 201, -1,
				202, 203, 204, -1,
				182, 205, 206, -1,
				181, 207, 208, -1,
				209, 109, 210, -1,
				211, 212, 213, -1,
				214, 215, 216, -1,
				217, 218, 219, -1,
				220, 221, 222, -1,
				223, 224, 225, -1,
				226, 227, 228, -1,
				229, 230, 231, -1,
				232, 80, 233, -1,
				234, 235, 236, -1,
				237, 41, 238, -1,
				230, 239, 240, -1,
				241, 242, 243, -1,
				244, 245, 17, -1,
				246, 247, 248, -1,
				249, 250, 251, -1,
				252, 253, 254, -1,
				255, 212, 211, -1,
				62, 92, 63, -1,
				256, 61, 257, -1,
				195, 127, 196, -1,
				258, 259, 260, -1,
				261, 262, 263, -1,
				193, 264, 265, -1,
				147, 266, 156, -1,
				267, 268, 269, -1,
				204, 270, 271, -1,
				272, 273, 274, -1,
				275, 211, 276, -1,
				277, 278, 212, -1,
				279, 263, 262, -1,
				280, 281, 282, -1,
				272, 283, 284, -1,
				255, 285, 286, -1,
				275, 150, 287, -1,
				150, 288, 289, -1,
				194, 272, 284, -1,
				290, 165, 291, -1,
				292, 293, 294, -1,
				295, 296, 297, -1,
				239, 298, 299, -1,
				300, 301, 302, -1,
				303, 304, 305, -1,
				306, 307, 308, -1,
				309, 310, 311, -1,
				312, 303, 229, -1,
				313, 314, 315, -1,
				316, 317, 318, -1,
				319, 110, 320, -1,
				321, 322, 323, -1,
				324, 325, 326, -1,
				327, 328, 329, -1,
				330, 331, 332, -1,
				333, 334, 335, -1,
				336, 298, 337, -1,
				338, 339, 32, -1,
				340, 341, 342, -1,
				343, 344, 345, -1,
				346, 298, 347, -1,
				329, 348, 349, -1,
				254, 350, 351, -1,
				352, 353, 354, -1,
				355, 337, 356, -1,
				357, 358, 359, -1,
				217, 360, 361, -1,
				314, 362, 363, -1,
				364, 365, 366, -1,
				367, 368, 369, -1,
				370, 371, 368, -1,
				372, 373, 374, -1,
				375, 376, 377, -1,
				59, 378, 60, -1,
				379, 380, 381, -1,
				382, 383, 384, -1,
				385, 386, 387, -1,
				107, 154, 274, -1,
				388, 389, 390, -1,
				391, 380, 392, -1,
				319, 393, 209, -1,
				394, 395, 396, -1,
				297, 397, 375, -1,
				398, 399, 400, -1,
				401, 400, 402, -1,
				403, 161, 163, -1,
				404, 188, 189, -1,
				405, 406, 407, -1,
				132, 408, 409, -1,
				260, 410, 411, -1,
				412, 413, 414, -1,
				415, 416, 417, -1,
				418, 228, 159, -1,
				419, 420, 421, -1,
				422, 423, 131, -1,
				424, 425, 426, -1,
				427, 428, 429, -1,
				430, 431, 432, -1,
				433, 434, 435, -1,
				436, 437, 438, -1,
				248, 439, 96, -1,
				440, 441, 442, -1,
				3, 100, 7, -1,
				97, 246, 98, -1,
				443, 410, 444, -1,
				443, 258, 442, -1,
				445, 446, 353, -1,
				447, 448, 76, -1,
				449, 450, 131, -1,
				59, 451, 452, -1,
				269, 453, 48, -1,
				454, 395, 455, -1,
				456, 430, 386, -1,
				446, 354, 353, -1,
				457, 458, 459, -1,
				278, 275, 276, -1,
				460, 247, 461, -1,
				390, 400, 462, -1,
				463, 464, 465, -1,
				466, 370, 467, -1,
				468, 33, 469, -1,
				470, 471, 472, -1,
				206, 207, 473, -1,
				46, 474, 475, -1,
				476, 477, 478, -1,
				434, 417, 435, -1,
				259, 426, 425, -1,
				83, 479, 480, -1,
				481, 441, 482, -1,
				483, 448, 447, -1,
				475, 484, 485, -1,
				185, 182, 486, -1,
				487, 488, 489, -1,
				490, 491, 492, -1,
				493, 494, 495, -1,
				496, 494, 477, -1,
				497, 498, 209, -1,
				289, 499, 500, -1,
				501, 502, 503, -1,
				504, 505, 499, -1,
				506, 507, 508, -1,
				324, 509, 510, -1,
				511, 512, 325, -1,
				210, 108, 513, -1,
				514, 433, 416, -1,
				273, 106, 515, -1,
				291, 516, 14, -1,
				517, 518, 514, -1,
				519, 520, 521, -1,
				522, 523, 406, -1,
				524, 525, 270, -1,
				526, 527, 528, -1,
				529, 279, 43, -1,
				530, 290, 291, -1,
				505, 531, 532, -1,
				66, 533, 534, -1,
				535, 536, 537, -1,
				228, 538, 487, -1,
				539, 8, 540, -1,
				420, 541, 421, -1,
				542, 543, 544, -1,
				545, 546, 543, -1,
				547, 333, 548, -1,
				472, 549, 23, -1,
				550, 551, 552, -1,
				553, 271, 270, -1,
				9, 332, 84, -1,
				554, 555, 221, -1,
				556, 557, 541, -1,
				520, 558, 559, -1,
				560, 561, 562, -1,
				221, 555, 222, -1,
				563, 541, 420, -1,
				564, 238, 565, -1,
				118, 566, 567, -1,
				271, 330, 535, -1,
				139, 568, 498, -1,
				569, 570, 571, -1,
				364, 362, 313, -1,
				572, 573, 574, -1,
				575, 576, 577, -1,
				578, 579, 580, -1,
				581, 69, 551, -1,
				124, 582, 583, -1,
				584, 585, 68, -1,
				586, 587, 588, -1,
				589, 552, 590, -1,
				591, 222, 592, -1,
				261, 593, 594, -1,
				138, 595, 218, -1,
				596, 597, 560, -1,
				598, 599, 491, -1,
				600, 601, 602, -1,
				603, 604, 605, -1,
				301, 606, 607, -1,
				101, 608, 52, -1,
				322, 410, 323, -1,
				609, 606, 300, -1,
				610, 200, 268, -1,
				611, 287, 149, -1,
				355, 612, 346, -1,
				476, 613, 493, -1,
				340, 230, 614, -1,
				615, 299, 616, -1,
				617, 618, 619, -1,
				620, 231, 341, -1,
				283, 264, 192, -1,
				621, 426, 622, -1,
				623, 624, 604, -1,
				625, 626, 627, -1,
				503, 286, 213, -1,
				628, 625, 629, -1,
				345, 419, 630, -1,
				335, 371, 631, -1,
				547, 371, 632, -1,
				333, 632, 633, -1,
				419, 344, 634, -1,
				635, 636, 637, -1,
				638, 350, 639, -1,
				640, 586, 588, -1,
				547, 641, 631, -1,
				430, 428, 642, -1,
				384, 373, 643, -1,
				644, 422, 645, -1,
				233, 533, 646, -1,
				356, 304, 647, -1,
				343, 316, 318, -1,
				648, 649, 162, -1,
				650, 651, 352, -1,
				652, 421, 316, -1,
				284, 283, 653, -1,
				249, 396, 454, -1,
				654, 655, 656, -1,
				198, 167, 479, -1,
				657, 593, 658, -1,
				659, 363, 660, -1,
				143, 59, 452, -1,
				661, 395, 250, -1,
				662, 104, 663, -1,
				294, 664, 665, -1,
				666, 667, 668, -1,
				669, 484, 47, -1,
				409, 670, 671, -1,
				672, 673, 674, -1,
				400, 675, 462, -1,
				676, 227, 677, -1,
				678, 488, 487, -1,
				530, 121, 166, -1,
				11, 27, 82, -1,
				470, 24, 679, -1,
				49, 680, 681, -1,
				682, 683, 79, -1,
				66, 684, 685, -1,
				567, 686, 72, -1,
				261, 0, 687, -1,
				461, 688, 642, -1,
				689, 141, 690, -1,
				691, 257, 92, -1,
				274, 515, 692, -1,
				693, 314, 365, -1,
				694, 625, 627, -1,
				695, 590, 242, -1,
				90, 274, 692, -1,
				696, 697, 698, -1,
				699, 700, 701, -1,
				309, 304, 702, -1,
				329, 482, 440, -1,
				703, 704, 705, -1,
				706, 170, 87, -1,
				56, 707, 281, -1,
				20, 394, 145, -1,
				708, 709, 628, -1,
				361, 595, 137, -1,
				74, 686, 75, -1,
				449, 409, 671, -1,
				132, 645, 133, -1,
				710, 711, 712, -1,
				713, 714, 715, -1,
				185, 716, 404, -1,
				717, 558, 566, -1,
				718, 719, 64, -1,
				486, 720, 721, -1,
				626, 419, 634, -1,
				578, 722, 626, -1,
				339, 723, 32, -1,
				724, 725, 533, -1,
				204, 128, 130, -1,
				531, 500, 532, -1,
				152, 37, 118, -1,
				726, 727, 557, -1,
				687, 279, 262, -1,
				699, 412, 87, -1,
				688, 427, 429, -1,
				728, 729, 730, -1,
				5, 99, 731, -1,
				732, 446, 457, -1,
				733, 734, 445, -1,
				367, 735, 466, -1,
				267, 736, 199, -1,
				737, 738, 739, -1,
				596, 740, 741, -1,
				742, 430, 729, -1,
				743, 639, 744, -1,
				485, 669, 745, -1,
				746, 561, 740, -1,
				747, 116, 748, -1,
				749, 725, 684, -1,
				432, 385, 387, -1,
				750, 299, 751, -1,
				295, 376, 752, -1,
				753, 572, 754, -1,
				178, 755, 176, -1,
				721, 720, 479, -1,
				392, 364, 313, -1,
				756, 757, 570, -1,
				64, 711, 758, -1,
				708, 627, 759, -1,
				74, 618, 704, -1,
				760, 390, 163, -1,
				467, 368, 641, -1,
				761, 518, 762, -1,
				763, 379, 378, -1,
				764, 214, 765, -1,
				408, 766, 670, -1,
				767, 768, 292, -1,
				442, 348, 328, -1,
				142, 769, 143, -1,
				376, 483, 752, -1,
				522, 770, 523, -1,
				771, 772, 773, -1,
				512, 123, 109, -1,
				350, 774, 351, -1,
				775, 776, 777, -1,
				778, 779, 780, -1,
				781, 739, 555, -1,
				782, 783, 784, -1,
				399, 403, 649, -1,
				785, 571, 40, -1,
				786, 450, 787, -1,
				290, 15, 788, -1,
				789, 790, 757, -1,
				791, 792, 793, -1,
				683, 7, 80, -1,
				794, 777, 655, -1,
				301, 795, 302, -1,
				796, 797, 760, -1,
				393, 320, 568, -1,
				232, 646, 682, -1,
				798, 799, 800, -1,
				317, 801, 548, -1,
				29, 166, 802, -1,
				803, 637, 804, -1,
				407, 805, 761, -1,
				311, 647, 303, -1,
				244, 17, 720, -1,
				806, 58, 60, -1,
				807, 808, 624, -1,
				175, 610, 267, -1,
				591, 727, 809, -1,
				810, 811, 755, -1,
				609, 544, 812, -1,
				576, 813, 814, -1,
				452, 815, 806, -1,
				816, 817, 818, -1,
				819, 754, 820, -1,
				359, 202, 357, -1,
				821, 804, 822, -1,
				823, 800, 636, -1,
				824, 820, 799, -1,
				573, 640, 574, -1,
				559, 88, 700, -1,
				817, 822, 818, -1,
				540, 825, 826, -1,
				286, 827, 213, -1,
				664, 767, 665, -1,
				827, 828, 501, -1,
				587, 782, 784, -1,
				783, 829, 830, -1,
				343, 831, 832, -1,
				833, 834, 338, -1,
				614, 336, 305, -1,
				835, 795, 599, -1,
				836, 653, 312, -1,
				55, 837, 707, -1,
				838, 839, 164, -1,
				536, 270, 537, -1,
				840, 184, 197, -1,
				841, 489, 842, -1,
				280, 837, 843, -1,
				844, 845, 144, -1,
				846, 425, 847, -1,
				848, 776, 849, -1,
				258, 444, 850, -1,
				851, 605, 546, -1,
				852, 656, 808, -1,
				421, 833, 801, -1,
				468, 579, 339, -1,
				853, 53, 94, -1,
				380, 366, 307, -1,
				477, 600, 791, -1,
				854, 239, 750, -1,
				855, 856, 384, -1,
				86, 8, 10, -1,
				732, 733, 354, -1,
				20, 454, 455, -1,
				857, 44, 6, -1,
				215, 858, 216, -1,
				73, 859, 617, -1,
				200, 741, 740, -1,
				860, 414, 706, -1,
				860, 171, 861, -1,
				207, 183, 473, -1,
				862, 657, 658, -1,
				437, 863, 713, -1,
				864, 642, 428, -1,
				51, 865, 866, -1,
				867, 765, 858, -1,
				868, 111, 91, -1,
				869, 870, 244, -1,
				871, 872, 488, -1,
				714, 438, 715, -1,
				873, 380, 307, -1,
				874, 684, 725, -1,
				875, 26, 35, -1,
				876, 565, 738, -1,
				518, 405, 762, -1,
				510, 512, 877, -1,
				763, 761, 433, -1,
				95, 878, 879, -1,
				236, 42, 1, -1,
				621, 880, 846, -1,
				735, 625, 709, -1,
				813, 243, 814, -1,
				76, 748, 93, -1,
				881, 439, 247, -1,
				306, 381, 391, -1,
				855, 374, 882, -1,
				154, 91, 155, -1,
				580, 344, 883, -1,
				884, 176, 450, -1,
				506, 660, 885, -1,
				886, 202, 129, -1,
				829, 831, 830, -1,
				0, 887, 279, -1,
				508, 363, 382, -1,
				150, 888, 151, -1,
				889, 524, 285, -1,
				480, 25, 470, -1,
				179, 105, 890, -1,
				179, 891, 662, -1,
				101, 52, 892, -1,
				866, 680, 893, -1,
				706, 413, 170, -1,
				766, 894, 449, -1,
				513, 568, 123, -1,
				718, 712, 749, -1,
				788, 15, 679, -1,
				436, 895, 884, -1,
				774, 744, 351, -1,
				198, 896, 167, -1,
				575, 790, 897, -1,
				888, 898, 611, -1,
				71, 899, 900, -1,
				901, 690, 769, -1,
				869, 676, 674, -1,
				844, 148, 360, -1,
				178, 786, 787, -1,
				630, 421, 652, -1,
				675, 902, 388, -1,
				854, 616, 240, -1,
				563, 419, 556, -1,
				903, 899, 686, -1,
				904, 327, 905, -1,
				774, 293, 768, -1,
				906, 618, 74, -1,
				458, 133, 645, -1,
				869, 18, 160, -1,
				676, 159, 158, -1,
				678, 538, 907, -1,
				120, 153, 180, -1,
				848, 816, 908, -1,
				909, 481, 895, -1,
				907, 872, 910, -1,
				887, 1, 43, -1,
				421, 911, 316, -1,
				698, 731, 65, -1,
				912, 529, 43, -1,
				696, 0, 173, -1,
				234, 696, 913, -1,
				791, 600, 529, -1,
				745, 696, 173, -1,
				887, 43, 279, -1,
				658, 593, 263, -1,
				657, 261, 594, -1,
				600, 263, 279, -1,
				914, 658, 263, -1,
				915, 916, 657, -1,
				862, 658, 585, -1,
				602, 914, 600, -1,
				917, 173, 717, -1,
				557, 727, 541, -1,
				726, 556, 809, -1,
				722, 378, 626, -1,
				379, 773, 378, -1,
				378, 556, 626, -1,
				541, 522, 833, -1,
				918, 833, 522, -1,
				591, 809, 220, -1,
				919, 522, 253, -1,
				254, 253, 796, -1,
				220, 781, 554, -1,
				772, 730, 773, -1,
				729, 352, 730, -1,
				737, 781, 876, -1,
				564, 876, 237, -1,
				565, 238, 738, -1,
				785, 39, 569, -1,
				40, 571, 41, -1,
				756, 569, 789, -1,
				570, 757, 571, -1,
				584, 67, 916, -1,
				68, 585, 69, -1,
				862, 916, 915, -1,
				551, 69, 552, -1,
				581, 550, 67, -1,
				589, 695, 550, -1,
				590, 552, 242, -1,
				241, 813, 695, -1,
				243, 242, 814, -1,
				576, 814, 577, -1,
				920, 575, 813, -1,
				790, 577, 757, -1,
				897, 789, 575, -1,
				480, 479, 358, -1,
				359, 358, 524, -1,
				285, 524, 224, -1,
				225, 224, 667, -1,
				667, 265, 668, -1,
				905, 312, 653, -1,
				527, 312, 528, -1,
				500, 526, 528, -1,
				717, 521, 921, -1,
				519, 521, 447, -1,
				483, 447, 673, -1,
				780, 922, 923, -1,
				878, 923, 879, -1,
				674, 673, 720, -1,
				465, 922, 841, -1,
				464, 164, 465, -1,
				826, 164, 839, -1,
				528, 826, 825, -1,
				755, 327, 810, -1,
				481, 322, 895, -1,
				651, 895, 352, -1,
				924, 457, 755, -1,
				925, 796, 457, -1,
				738, 555, 739, -1,
				592, 222, 727, -1,
				253, 727, 222, -1,
				796, 222, 555, -1,
				457, 555, 738, -1,
				738, 755, 457, -1,
				327, 238, 41, -1,
				312, 41, 571, -1,
				571, 528, 312, -1,
				826, 757, 577, -1,
				577, 164, 826, -1,
				814, 465, 164, -1,
				922, 242, 552, -1,
				552, 923, 922, -1,
				69, 879, 923, -1,
				144, 879, 844, -1,
				844, 585, 658, -1,
				703, 844, 914, -1,
				261, 173, 0, -1,
				657, 717, 261, -1,
				916, 521, 657, -1,
				67, 447, 916, -1,
				673, 550, 720, -1,
				695, 720, 550, -1,
				813, 479, 695, -1,
				575, 358, 813, -1,
				789, 524, 575, -1,
				569, 224, 789, -1,
				39, 667, 569, -1,
				237, 322, 39, -1,
				876, 895, 237, -1,
				352, 781, 730, -1,
				730, 220, 773, -1,
				773, 809, 378, -1,
				832, 829, 343, -1,
				831, 318, 830, -1,
				926, 782, 829, -1,
				783, 830, 784, -1,
				927, 586, 782, -1,
				587, 784, 588, -1,
				928, 573, 586, -1,
				640, 588, 574, -1,
				580, 883, 578, -1,
				548, 338, 317, -1,
				929, 578, 763, -1,
				834, 523, 338, -1,
				771, 930, 763, -1,
				770, 383, 523, -1,
				402, 771, 728, -1,
				252, 760, 383, -1,
				797, 459, 760, -1,
				742, 728, 650, -1,
				931, 650, 909, -1,
				459, 458, 811, -1,
				932, 909, 323, -1,
				57, 933, 811, -1,
				836, 904, 934, -1,
				321, 935, 666, -1,
				936, 753, 573, -1,
				572, 574, 754, -1,
				819, 824, 753, -1,
				820, 754, 799, -1,
				798, 823, 824, -1,
				800, 799, 636, -1,
				803, 821, 635, -1,
				804, 637, 822, -1,
				935, 288, 223, -1,
				889, 288, 525, -1,
				357, 525, 875, -1,
				818, 822, 816, -1,
				817, 937, 821, -1,
				848, 849, 937, -1,
				908, 816, 776, -1,
				775, 794, 849, -1,
				777, 776, 655, -1,
				654, 852, 794, -1,
				656, 655, 808, -1,
				938, 526, 836, -1,
				939, 540, 526, -1,
				940, 838, 540, -1,
				941, 463, 838, -1,
				83, 875, 942, -1,
				486, 942, 943, -1,
				842, 489, 463, -1,
				779, 778, 489, -1,
				672, 943, 582, -1,
				807, 623, 852, -1,
				624, 808, 604, -1,
				497, 95, 778, -1,
				583, 582, 448, -1,
				603, 851, 623, -1,
				605, 604, 546, -1,
				545, 542, 851, -1,
				543, 546, 544, -1,
				845, 944, 95, -1,
				892, 448, 520, -1,
				705, 704, 944, -1,
				558, 520, 566, -1,
				174, 566, 175, -1,
				601, 453, 704, -1,
				812, 544, 606, -1,
				609, 300, 542, -1,
				44, 792, 6, -1,
				606, 795, 607, -1,
				599, 795, 491, -1,
				835, 598, 302, -1,
				697, 175, 698, -1,
				793, 792, 453, -1,
				492, 491, 45, -1,
				490, 42, 598, -1,
				491, 792, 45, -1,
				453, 795, 704, -1,
				698, 236, 235, -1,
				598, 698, 175, -1,
				175, 302, 598, -1,
				704, 606, 944, -1,
				944, 544, 95, -1,
				95, 546, 778, -1,
				778, 604, 489, -1,
				489, 808, 463, -1,
				655, 463, 808, -1,
				776, 838, 655, -1,
				540, 816, 526, -1,
				526, 822, 836, -1,
				836, 637, 933, -1,
				636, 933, 637, -1,
				811, 799, 459, -1,
				459, 754, 760, -1,
				760, 574, 383, -1,
				588, 383, 574, -1,
				784, 523, 588, -1,
				830, 338, 784, -1,
				318, 317, 830, -1,
				343, 829, 883, -1,
				578, 829, 782, -1,
				763, 782, 586, -1,
				586, 771, 763, -1,
				573, 728, 771, -1,
				753, 650, 728, -1,
				824, 909, 650, -1,
				323, 823, 635, -1,
				635, 935, 323, -1,
				288, 821, 937, -1,
				937, 525, 288, -1,
				849, 875, 525, -1,
				942, 794, 852, -1,
				852, 943, 942, -1,
				582, 623, 851, -1,
				851, 448, 582, -1,
				520, 542, 300, -1,
				300, 566, 520, -1,
				3, 7, 4, -1,
				792, 534, 233, -1,
				233, 80, 100, -1,
				792, 233, 100, -1,
				711, 529, 712, -1,
				529, 857, 712, -1,
				792, 100, 99, -1,
				792, 99, 4, -1,
				712, 857, 749, -1,
				857, 6, 646, -1,
				749, 857, 646, -1,
				7, 646, 6, -1,
				6, 792, 4, -1,
				8, 539, 9, -1,
				11, 35, 12, -1,
				14, 516, 15, -1,
				17, 245, 18, -1,
				20, 114, 21, -1,
				23, 549, 24, -1,
				26, 82, 27, -1,
				29, 802, 30, -1,
				32, 723, 33, -1,
				35, 26, 28, -1,
				153, 891, 890, -1,
				890, 105, 602, -1,
				601, 618, 859, -1,
				75, 899, 36, -1,
				601, 859, 75, -1,
				890, 602, 38, -1,
				602, 601, 36, -1,
				38, 602, 36, -1,
				38, 153, 890, -1,
				72, 74, 37, -1,
				601, 75, 36, -1,
				36, 72, 37, -1,
				39, 785, 40, -1,
				42, 45, 43, -1,
				44, 912, 43, -1,
				46, 669, 47, -1,
				49, 681, 50, -1,
				52, 608, 53, -1,
				843, 327, 933, -1,
				57, 442, 55, -1,
				442, 260, 55, -1,
				411, 328, 847, -1,
				280, 843, 933, -1,
				56, 280, 933, -1,
				260, 411, 847, -1,
				424, 621, 55, -1,
				260, 847, 424, -1,
				56, 933, 57, -1,
				260, 424, 55, -1,
				58, 945, 59, -1,
				61, 946, 62, -1,
				874, 235, 913, -1,
				913, 710, 718, -1,
				65, 3, 79, -1,
				65, 79, 81, -1,
				874, 913, 718, -1,
				685, 874, 718, -1,
				65, 81, 232, -1,
				232, 724, 66, -1,
				685, 718, 64, -1,
				65, 232, 66, -1,
				66, 685, 64, -1,
				67, 584, 68, -1,
				70, 530, 35, -1,
				11, 29, 31, -1,
				31, 70, 11, -1,
				71, 567, 72, -1,
				73, 906, 74, -1,
				76, 93, 77, -1,
				79, 683, 80, -1,
				82, 875, 83, -1,
				84, 332, 85, -1,
				87, 412, 88, -1,
				284, 692, 515, -1,
				284, 515, 106, -1,
				61, 63, 934, -1,
				257, 61, 934, -1,
				194, 284, 106, -1,
				90, 155, 91, -1,
				194, 106, 90, -1,
				257, 934, 904, -1,
				91, 111, 92, -1,
				92, 257, 904, -1,
				904, 194, 92, -1,
				194, 90, 92, -1,
				608, 102, 845, -1,
				95, 879, 93, -1,
				879, 394, 251, -1,
				394, 396, 251, -1,
				250, 395, 22, -1,
				879, 251, 93, -1,
				250, 22, 77, -1,
				608, 845, 95, -1,
				53, 608, 95, -1,
				251, 250, 77, -1,
				251, 77, 93, -1,
				94, 53, 95, -1,
				96, 439, 97, -1,
				65, 731, 99, -1,
				101, 853, 94, -1,
				103, 663, 104, -1,
				106, 947, 107, -1,
				108, 210, 109, -1,
				111, 948, 112, -1,
				114, 146, 115, -1,
				78, 77, 116, -1,
				118, 37, 119, -1,
				70, 31, 30, -1,
				122, 513, 123, -1,
				125, 208, 126, -1,
				128, 886, 129, -1,
				131, 423, 132, -1,
				134, 157, 135, -1,
				138, 217, 134, -1,
				217, 558, 921, -1,
				921, 521, 156, -1,
				921, 156, 157, -1,
				217, 921, 134, -1,
				921, 157, 134, -1,
				147, 860, 361, -1,
				147, 361, 137, -1,
				134, 147, 137, -1,
				139, 122, 124, -1,
				141, 949, 142, -1,
				115, 394, 879, -1,
				144, 845, 77, -1,
				845, 102, 77, -1,
				94, 93, 748, -1,
				94, 748, 116, -1,
				115, 879, 21, -1,
				879, 144, 21, -1,
				102, 94, 116, -1,
				102, 116, 77, -1,
				22, 21, 144, -1,
				145, 394, 115, -1,
				147, 134, 136, -1,
				149, 287, 150, -1,
				152, 180, 153, -1,
				113, 112, 154, -1,
				156, 266, 135, -1,
				18, 245, 50, -1,
				681, 680, 780, -1,
				18, 50, 681, -1,
				159, 870, 160, -1,
				160, 18, 681, -1,
				681, 780, 160, -1,
				780, 779, 158, -1,
				160, 780, 158, -1,
				779, 538, 158, -1,
				161, 648, 162, -1,
				464, 679, 24, -1,
				464, 24, 164, -1,
				24, 549, 164, -1,
				28, 941, 838, -1,
				12, 28, 838, -1,
				164, 549, 471, -1,
				12, 838, 166, -1,
				838, 164, 166, -1,
				788, 802, 166, -1,
				164, 471, 165, -1,
				165, 788, 166, -1,
				167, 896, 168, -1,
				170, 413, 171, -1,
				173, 917, 174, -1,
				176, 950, 177, -1,
				73, 617, 174, -1,
				917, 717, 663, -1,
				917, 663, 103, -1,
				73, 174, 71, -1,
				174, 917, 152, -1,
				900, 906, 73, -1,
				71, 900, 73, -1,
				917, 103, 179, -1,
				662, 118, 120, -1,
				662, 120, 179, -1,
				120, 180, 179, -1,
				174, 152, 71, -1,
				917, 179, 152, -1,
				181, 951, 182, -1,
				184, 840, 185, -1,
				168, 197, 187, -1,
				188, 184, 186, -1,
				126, 208, 190, -1,
				192, 264, 193, -1,
				191, 190, 195, -1,
				197, 952, 198, -1,
				199, 736, 200, -1,
				202, 953, 203, -1,
				182, 951, 205, -1,
				208, 463, 181, -1,
				463, 465, 181, -1,
				181, 465, 716, -1,
				465, 896, 952, -1,
				952, 188, 716, -1,
				716, 840, 951, -1,
				716, 951, 181, -1,
				465, 952, 716, -1,
				205, 190, 208, -1,
				207, 205, 208, -1,
				209, 393, 109, -1,
				213, 825, 211, -1,
				825, 939, 149, -1,
				149, 939, 532, -1,
				532, 500, 888, -1,
				211, 825, 149, -1,
				278, 276, 503, -1,
				212, 278, 503, -1,
				532, 888, 611, -1,
				532, 611, 149, -1,
				212, 503, 213, -1,
				214, 954, 215, -1,
				217, 138, 218, -1,
				220, 554, 221, -1,
				223, 288, 224, -1,
				226, 677, 227, -1,
				229, 614, 230, -1,
				232, 81, 80, -1,
				234, 913, 235, -1,
				237, 39, 41, -1,
				299, 298, 667, -1,
				298, 647, 667, -1,
				310, 225, 667, -1,
				647, 310, 667, -1,
				935, 342, 341, -1,
				935, 341, 231, -1,
				667, 935, 299, -1,
				299, 935, 231, -1,
				616, 299, 231, -1,
				230, 337, 239, -1,
				240, 616, 230, -1,
				616, 231, 230, -1,
				241, 695, 242, -1,
				244, 870, 245, -1,
				246, 955, 247, -1,
				249, 661, 250, -1,
				252, 383, 253, -1,
				255, 277, 212, -1,
				62, 691, 92, -1,
				256, 946, 61, -1,
				195, 125, 127, -1,
				258, 850, 259, -1,
				261, 687, 262, -1,
				321, 256, 691, -1,
				62, 274, 154, -1,
				62, 154, 112, -1,
				265, 321, 868, -1,
				321, 691, 868, -1,
				691, 62, 112, -1,
				691, 112, 948, -1,
				272, 666, 668, -1,
				956, 272, 668, -1,
				691, 948, 868, -1,
				868, 193, 265, -1,
				956, 668, 264, -1,
				668, 265, 264, -1,
				147, 148, 266, -1,
				267, 610, 268, -1,
				86, 525, 357, -1,
				359, 216, 858, -1,
				359, 858, 765, -1,
				84, 86, 357, -1,
				271, 535, 84, -1,
				129, 359, 765, -1,
				130, 129, 765, -1,
				271, 84, 357, -1,
				130, 765, 214, -1,
				271, 357, 202, -1,
				204, 130, 214, -1,
				271, 202, 204, -1,
				204, 214, 270, -1,
				946, 256, 666, -1,
				256, 321, 666, -1,
				193, 868, 107, -1,
				193, 107, 947, -1,
				62, 946, 666, -1,
				272, 193, 947, -1,
				272, 947, 273, -1,
				62, 666, 274, -1,
				666, 272, 274, -1,
				275, 255, 211, -1,
				277, 957, 278, -1,
				280, 56, 281, -1,
				272, 956, 283, -1,
				277, 255, 286, -1,
				255, 889, 285, -1,
				285, 828, 958, -1,
				286, 957, 277, -1,
				285, 958, 286, -1,
				898, 289, 531, -1,
				531, 889, 287, -1,
				889, 255, 287, -1,
				287, 898, 531, -1,
				957, 286, 502, -1,
				275, 957, 502, -1,
				275, 502, 150, -1,
				287, 255, 275, -1,
				828, 285, 224, -1,
				889, 531, 959, -1,
				889, 959, 504, -1,
				502, 828, 224, -1,
				150, 502, 224, -1,
				288, 889, 504, -1,
				289, 898, 960, -1,
				288, 504, 289, -1,
				150, 224, 288, -1,
				289, 960, 150, -1,
				194, 193, 272, -1,
				290, 788, 165, -1,
				292, 768, 293, -1,
				295, 752, 296, -1,
				239, 337, 298, -1,
				303, 647, 304, -1,
				306, 873, 307, -1,
				309, 702, 310, -1,
				347, 336, 750, -1,
				347, 750, 751, -1,
				312, 311, 303, -1,
				303, 347, 229, -1,
				347, 751, 229, -1,
				229, 620, 836, -1,
				836, 312, 229, -1,
				313, 362, 314, -1,
				316, 911, 317, -1,
				319, 108, 110, -1,
				321, 265, 322, -1,
				324, 511, 325, -1,
				843, 55, 621, -1,
				843, 621, 846, -1,
				442, 57, 810, -1,
				440, 442, 810, -1,
				843, 846, 847, -1,
				843, 847, 328, -1,
				440, 810, 327, -1,
				329, 440, 327, -1,
				327, 843, 328, -1,
				331, 203, 953, -1,
				886, 954, 764, -1,
				953, 886, 764, -1,
				764, 867, 839, -1,
				839, 940, 331, -1,
				940, 332, 331, -1,
				539, 553, 536, -1,
				539, 536, 330, -1,
				764, 839, 953, -1,
				331, 953, 839, -1,
				332, 539, 330, -1,
				333, 633, 334, -1,
				336, 347, 298, -1,
				548, 34, 468, -1,
				548, 468, 338, -1,
				468, 339, 338, -1,
				629, 694, 833, -1,
				32, 335, 631, -1,
				631, 629, 833, -1,
				32, 631, 338, -1,
				631, 833, 338, -1,
				340, 620, 341, -1,
				343, 883, 344, -1,
				346, 612, 298, -1,
				329, 328, 348, -1,
				294, 665, 163, -1,
				294, 163, 162, -1,
				351, 294, 254, -1,
				294, 162, 254, -1,
				649, 403, 390, -1,
				649, 390, 462, -1,
				675, 388, 760, -1,
				162, 649, 462, -1,
				675, 760, 252, -1,
				162, 462, 252, -1,
				462, 675, 252, -1,
				254, 639, 350, -1,
				162, 252, 254, -1,
				246, 248, 642, -1,
				246, 642, 688, -1,
				354, 96, 98, -1,
				246, 688, 650, -1,
				688, 432, 650, -1,
				354, 98, 246, -1,
				354, 246, 352, -1,
				387, 386, 742, -1,
				387, 742, 650, -1,
				729, 430, 733, -1,
				729, 733, 445, -1,
				432, 387, 650, -1,
				246, 650, 352, -1,
				352, 729, 353, -1,
				729, 445, 353, -1,
				355, 336, 337, -1,
				357, 875, 358, -1,
				217, 219, 360, -1,
				882, 374, 930, -1,
				307, 366, 365, -1,
				307, 365, 314, -1,
				882, 930, 771, -1,
				363, 507, 771, -1,
				507, 856, 771, -1,
				856, 882, 771, -1,
				771, 307, 314, -1,
				362, 380, 660, -1,
				771, 314, 363, -1,
				362, 660, 363, -1,
				364, 693, 365, -1,
				367, 641, 368, -1,
				370, 632, 371, -1,
				372, 643, 373, -1,
				375, 397, 376, -1,
				59, 763, 378, -1,
				307, 771, 773, -1,
				930, 374, 373, -1,
				373, 856, 507, -1,
				373, 507, 885, -1,
				379, 930, 660, -1,
				930, 373, 660, -1,
				660, 373, 885, -1,
				308, 307, 773, -1,
				381, 308, 379, -1,
				308, 773, 379, -1,
				379, 660, 380, -1,
				382, 313, 315, -1,
				315, 693, 873, -1,
				873, 306, 253, -1,
				383, 770, 372, -1,
				383, 372, 855, -1,
				873, 253, 315, -1,
				253, 383, 382, -1,
				382, 315, 253, -1,
				384, 508, 382, -1,
				383, 855, 384, -1,
				385, 456, 386, -1,
				107, 868, 154, -1,
				388, 902, 389, -1,
				391, 381, 380, -1,
				319, 320, 393, -1,
				394, 22, 395, -1,
				297, 296, 397, -1,
				389, 161, 398, -1,
				399, 648, 400, -1,
				389, 398, 400, -1,
				728, 961, 664, -1,
				728, 664, 389, -1,
				962, 730, 772, -1,
				774, 962, 772, -1,
				728, 389, 902, -1,
				728, 902, 402, -1,
				902, 401, 402, -1,
				774, 772, 402, -1,
				400, 774, 402, -1,
				403, 398, 161, -1,
				404, 716, 188, -1,
				405, 517, 406, -1,
				863, 884, 786, -1,
				786, 177, 651, -1,
				931, 909, 963, -1,
				931, 963, 644, -1,
				786, 651, 714, -1,
				651, 931, 714, -1,
				714, 863, 786, -1,
				894, 436, 714, -1,
				409, 894, 714, -1,
				931, 644, 132, -1,
				132, 423, 964, -1,
				132, 964, 408, -1,
				714, 931, 409, -1,
				931, 132, 409, -1,
				260, 259, 410, -1,
				218, 148, 136, -1,
				135, 266, 844, -1,
				219, 218, 136, -1,
				135, 844, 703, -1,
				705, 944, 88, -1,
				944, 700, 88, -1,
				136, 135, 703, -1,
				414, 360, 219, -1,
				219, 136, 703, -1,
				705, 88, 412, -1,
				412, 701, 171, -1,
				412, 171, 413, -1,
				703, 705, 414, -1,
				705, 412, 414, -1,
				414, 219, 703, -1,
				415, 514, 416, -1,
				418, 226, 228, -1,
				419, 563, 420, -1,
				422, 963, 423, -1,
				424, 847, 425, -1,
				427, 864, 428, -1,
				430, 460, 431, -1,
				433, 965, 434, -1,
				436, 966, 437, -1,
				248, 247, 439, -1,
				440, 482, 441, -1,
				3, 65, 100, -1,
				97, 955, 246, -1,
				443, 411, 410, -1,
				328, 411, 443, -1,
				258, 260, 442, -1,
				328, 443, 442, -1,
				445, 734, 446, -1,
				145, 146, 447, -1,
				448, 52, 54, -1,
				853, 747, 448, -1,
				747, 76, 448, -1,
				448, 54, 853, -1,
				145, 447, 76, -1,
				437, 787, 450, -1,
				131, 133, 670, -1,
				131, 670, 766, -1,
				438, 437, 450, -1,
				131, 766, 449, -1,
				449, 438, 450, -1,
				59, 945, 451, -1,
				484, 474, 613, -1,
				478, 741, 47, -1,
				741, 736, 47, -1,
				269, 268, 740, -1,
				484, 613, 478, -1,
				47, 484, 478, -1,
				561, 597, 453, -1,
				597, 793, 453, -1,
				47, 736, 269, -1,
				740, 561, 453, -1,
				48, 47, 269, -1,
				269, 740, 453, -1,
				454, 396, 395, -1,
				456, 460, 430, -1,
				446, 732, 354, -1,
				457, 924, 458, -1,
				278, 957, 275, -1,
				864, 431, 460, -1,
				247, 955, 967, -1,
				461, 864, 460, -1,
				247, 967, 461, -1,
				390, 389, 400, -1,
				463, 941, 464, -1,
				466, 735, 370, -1,
				468, 34, 33, -1,
				470, 679, 471, -1,
				206, 205, 207, -1,
				46, 48, 474, -1,
				476, 496, 477, -1,
				434, 415, 417, -1,
				281, 707, 932, -1,
				444, 322, 348, -1,
				425, 880, 837, -1,
				282, 281, 932, -1,
				282, 932, 323, -1,
				850, 444, 348, -1,
				837, 282, 323, -1,
				850, 348, 441, -1,
				425, 837, 323, -1,
				259, 850, 441, -1,
				425, 323, 410, -1,
				259, 441, 426, -1,
				425, 410, 259, -1,
				83, 942, 479, -1,
				481, 932, 426, -1,
				932, 707, 426, -1,
				707, 837, 880, -1,
				707, 880, 622, -1,
				349, 348, 322, -1,
				482, 349, 481, -1,
				349, 322, 481, -1,
				707, 622, 426, -1,
				481, 426, 441, -1,
				483, 583, 448, -1,
				475, 474, 484, -1,
				486, 721, 185, -1,
				721, 187, 185, -1,
				185, 187, 186, -1,
				187, 198, 186, -1,
				198, 189, 186, -1,
				191, 196, 486, -1,
				185, 183, 182, -1,
				182, 191, 486, -1,
				780, 680, 922, -1,
				680, 865, 922, -1,
				50, 245, 870, -1,
				50, 870, 922, -1,
				870, 487, 489, -1,
				922, 865, 50, -1,
				872, 538, 779, -1,
				488, 872, 489, -1,
				872, 779, 489, -1,
				489, 922, 870, -1,
				490, 598, 491, -1,
				493, 613, 494, -1,
				496, 495, 494, -1,
				377, 295, 878, -1,
				497, 778, 139, -1,
				778, 122, 139, -1,
				377, 878, 511, -1,
				878, 497, 209, -1,
				511, 878, 209, -1,
				210, 877, 511, -1,
				497, 139, 498, -1,
				498, 319, 209, -1,
				209, 210, 511, -1,
				289, 504, 499, -1,
				501, 828, 502, -1,
				504, 959, 505, -1,
				506, 885, 507, -1,
				324, 326, 509, -1,
				511, 877, 512, -1,
				878, 295, 923, -1,
				295, 297, 923, -1,
				513, 122, 778, -1,
				319, 498, 513, -1,
				108, 319, 513, -1,
				513, 778, 210, -1,
				778, 923, 210, -1,
				923, 297, 375, -1,
				377, 511, 324, -1,
				377, 324, 510, -1,
				923, 375, 877, -1,
				210, 923, 877, -1,
				375, 377, 510, -1,
				375, 510, 877, -1,
				514, 965, 433, -1,
				273, 947, 106, -1,
				291, 165, 516, -1,
				945, 689, 901, -1,
				945, 901, 142, -1,
				451, 945, 142, -1,
				451, 142, 949, -1,
				522, 58, 815, -1,
				451, 949, 918, -1,
				949, 517, 918, -1,
				918, 522, 815, -1,
				918, 815, 451, -1,
				434, 523, 415, -1,
				523, 834, 415, -1,
				834, 918, 517, -1,
				514, 415, 834, -1,
				805, 965, 518, -1,
				965, 514, 518, -1,
				834, 517, 514, -1,
				519, 892, 520, -1,
				523, 434, 965, -1,
				965, 805, 406, -1,
				406, 517, 949, -1,
				406, 949, 689, -1,
				523, 965, 406, -1,
				945, 58, 522, -1,
				406, 689, 522, -1,
				689, 945, 522, -1,
				9, 84, 535, -1,
				9, 535, 537, -1,
				525, 86, 10, -1,
				9, 537, 270, -1,
				525, 10, 9, -1,
				216, 359, 524, -1,
				9, 270, 525, -1,
				270, 214, 524, -1,
				214, 216, 524, -1,
				526, 938, 527, -1,
				529, 600, 279, -1,
				530, 29, 290, -1,
				291, 35, 530, -1,
				505, 959, 531, -1,
				66, 724, 533, -1,
				535, 330, 536, -1,
				227, 158, 538, -1,
				487, 870, 159, -1,
				228, 227, 538, -1,
				487, 159, 228, -1,
				826, 839, 867, -1,
				826, 867, 215, -1,
				85, 332, 940, -1,
				8, 85, 540, -1,
				85, 940, 540, -1,
				826, 215, 954, -1,
				954, 886, 128, -1,
				203, 331, 553, -1,
				954, 128, 203, -1,
				540, 826, 539, -1,
				826, 954, 203, -1,
				203, 553, 826, -1,
				553, 539, 826, -1,
				542, 545, 543, -1,
				545, 851, 546, -1,
				833, 694, 708, -1,
				801, 833, 708, -1,
				34, 548, 333, -1,
				548, 801, 547, -1,
				547, 801, 467, -1,
				335, 32, 34, -1,
				333, 335, 34, -1,
				801, 708, 628, -1,
				629, 631, 641, -1,
				629, 641, 367, -1,
				801, 628, 466, -1,
				467, 801, 466, -1,
				628, 629, 367, -1,
				628, 367, 466, -1,
				472, 471, 549, -1,
				550, 581, 551, -1,
				553, 331, 271, -1,
				9, 539, 332, -1,
				554, 781, 555, -1,
				556, 726, 557, -1,
				699, 172, 520, -1,
				172, 860, 520, -1,
				147, 156, 521, -1,
				860, 147, 521, -1,
				860, 521, 520, -1,
				558, 87, 89, -1,
				559, 699, 520, -1,
				558, 89, 559, -1,
				560, 597, 561, -1,
				563, 556, 541, -1,
				564, 237, 238, -1,
				663, 717, 662, -1,
				717, 566, 118, -1,
				662, 717, 118, -1,
				566, 174, 619, -1,
				174, 617, 619, -1,
				71, 152, 567, -1,
				152, 118, 567, -1,
				566, 619, 906, -1,
				906, 900, 903, -1,
				906, 903, 566, -1,
				903, 567, 566, -1,
				271, 331, 330, -1,
				139, 140, 568, -1,
				569, 756, 570, -1,
				364, 366, 362, -1,
				572, 936, 573, -1,
				575, 920, 576, -1,
				578, 371, 334, -1,
				578, 334, 723, -1,
				469, 33, 580, -1,
				578, 723, 579, -1,
				579, 469, 580, -1,
				581, 67, 69, -1,
				512, 509, 673, -1,
				509, 397, 673, -1,
				397, 296, 673, -1,
				583, 483, 325, -1,
				583, 325, 568, -1,
				673, 582, 512, -1,
				123, 512, 582, -1,
				583, 568, 140, -1,
				124, 123, 582, -1,
				583, 140, 124, -1,
				584, 916, 585, -1,
				586, 927, 587, -1,
				589, 550, 552, -1,
				591, 220, 222, -1,
				261, 263, 593, -1,
				138, 137, 595, -1,
				596, 741, 597, -1,
				598, 835, 599, -1,
				600, 453, 601, -1,
				603, 623, 604, -1,
				301, 300, 606, -1,
				101, 102, 608, -1,
				322, 444, 410, -1,
				609, 812, 606, -1,
				610, 201, 200, -1,
				611, 898, 287, -1,
				355, 356, 612, -1,
				476, 478, 613, -1,
				340, 342, 230, -1,
				615, 751, 299, -1,
				617, 859, 618, -1,
				620, 229, 231, -1,
				283, 956, 264, -1,
				621, 424, 426, -1,
				623, 807, 624, -1,
				625, 578, 626, -1,
				503, 502, 286, -1,
				628, 709, 625, -1,
				335, 334, 371, -1,
				547, 631, 371, -1,
				333, 547, 632, -1,
				419, 345, 344, -1,
				635, 823, 636, -1,
				638, 962, 350, -1,
				640, 928, 586, -1,
				547, 467, 641, -1,
				96, 354, 733, -1,
				432, 688, 429, -1,
				432, 429, 428, -1,
				248, 96, 733, -1,
				642, 248, 430, -1,
				248, 733, 430, -1,
				430, 432, 428, -1,
				384, 856, 373, -1,
				644, 963, 422, -1,
				233, 534, 533, -1,
				342, 935, 223, -1,
				225, 310, 702, -1,
				225, 702, 304, -1,
				230, 342, 223, -1,
				337, 230, 223, -1,
				223, 225, 337, -1,
				225, 304, 337, -1,
				647, 298, 612, -1,
				356, 337, 304, -1,
				647, 612, 356, -1,
				343, 345, 316, -1,
				648, 399, 649, -1,
				650, 931, 651, -1,
				194, 904, 905, -1,
				653, 934, 63, -1,
				63, 92, 111, -1,
				63, 111, 113, -1,
				192, 194, 905, -1,
				283, 192, 653, -1,
				192, 905, 653, -1,
				653, 63, 284, -1,
				63, 113, 155, -1,
				155, 90, 692, -1,
				63, 155, 284, -1,
				155, 692, 284, -1,
				249, 251, 396, -1,
				654, 794, 655, -1,
				183, 185, 404, -1,
				404, 189, 198, -1,
				183, 404, 479, -1,
				404, 198, 479, -1,
				169, 187, 721, -1,
				942, 486, 127, -1,
				486, 196, 127, -1,
				169, 721, 167, -1,
				721, 479, 167, -1,
				942, 127, 126, -1,
				191, 182, 206, -1,
				191, 206, 473, -1,
				479, 942, 183, -1,
				942, 126, 183, -1,
				126, 191, 473, -1,
				126, 473, 183, -1,
				657, 594, 593, -1,
				659, 382, 363, -1,
				405, 407, 690, -1,
				405, 690, 141, -1,
				416, 761, 762, -1,
				416, 762, 929, -1,
				762, 405, 929, -1,
				929, 435, 417, -1,
				405, 141, 929, -1,
				929, 417, 416, -1,
				60, 378, 722, -1,
				806, 60, 722, -1,
				722, 929, 141, -1,
				452, 806, 722, -1,
				769, 763, 59, -1,
				722, 141, 143, -1,
				143, 769, 59, -1,
				452, 722, 143, -1,
				661, 455, 395, -1,
				662, 891, 104, -1,
				294, 293, 664, -1,
				666, 935, 667, -1,
				669, 485, 484, -1,
				409, 408, 670, -1,
				672, 582, 673, -1,
				400, 401, 675, -1,
				676, 158, 227, -1,
				678, 871, 488, -1,
				530, 70, 121, -1,
				11, 13, 27, -1,
				470, 25, 24, -1,
				49, 893, 680, -1,
				682, 646, 683, -1,
				66, 534, 684, -1,
				567, 903, 686, -1,
				461, 967, 688, -1,
				689, 949, 141, -1,
				691, 256, 257, -1,
				274, 273, 515, -1,
				693, 315, 314, -1,
				694, 629, 625, -1,
				695, 589, 590, -1,
				90, 107, 274, -1,
				696, 745, 697, -1,
				699, 559, 700, -1,
				309, 305, 304, -1,
				329, 349, 482, -1,
				703, 914, 704, -1,
				87, 558, 706, -1,
				558, 217, 706, -1,
				217, 361, 860, -1,
				217, 860, 706, -1,
				172, 699, 87, -1,
				170, 172, 87, -1,
				56, 55, 707, -1,
				20, 22, 394, -1,
				708, 759, 709, -1,
				361, 360, 595, -1,
				74, 72, 686, -1,
				686, 899, 75, -1,
				449, 894, 409, -1,
				132, 644, 645, -1,
				710, 758, 711, -1,
				713, 863, 714, -1,
				185, 840, 716, -1,
				717, 921, 558, -1,
				718, 749, 719, -1,
				486, 943, 720, -1,
				626, 556, 419, -1,
				578, 929, 722, -1,
				339, 579, 723, -1,
				724, 874, 725, -1,
				204, 203, 128, -1,
				531, 289, 500, -1,
				152, 38, 37, -1,
				726, 809, 727, -1,
				687, 0, 279, -1,
				699, 701, 412, -1,
				688, 967, 427, -1,
				728, 742, 729, -1,
				5, 4, 99, -1,
				446, 925, 457, -1,
				457, 459, 967, -1,
				459, 431, 967, -1,
				431, 864, 427, -1,
				967, 955, 457, -1,
				955, 732, 457, -1,
				431, 427, 967, -1,
				733, 881, 734, -1,
				367, 369, 735, -1,
				267, 269, 736, -1,
				737, 876, 738, -1,
				596, 746, 740, -1,
				742, 386, 430, -1,
				743, 638, 639, -1,
				669, 267, 199, -1,
				199, 201, 697, -1,
				201, 596, 697, -1,
				669, 199, 697, -1,
				562, 746, 175, -1,
				745, 495, 496, -1,
				745, 496, 476, -1,
				562, 175, 697, -1,
				560, 562, 697, -1,
				697, 745, 669, -1,
				745, 476, 485, -1,
				493, 46, 475, -1,
				493, 475, 476, -1,
				475, 485, 476, -1,
				596, 560, 697, -1,
				746, 562, 561, -1,
				747, 117, 116, -1,
				684, 534, 719, -1,
				534, 792, 529, -1,
				719, 534, 529, -1,
				529, 711, 719, -1,
				749, 646, 533, -1,
				749, 533, 725, -1,
				719, 749, 684, -1,
				432, 431, 385, -1,
				750, 239, 299, -1,
				295, 377, 376, -1,
				753, 936, 572, -1,
				178, 924, 755, -1,
				919, 253, 391, -1,
				253, 306, 391, -1,
				643, 372, 770, -1,
				508, 384, 643, -1,
				506, 508, 643, -1,
				643, 770, 659, -1,
				770, 919, 659, -1,
				919, 391, 392, -1,
				392, 873, 693, -1,
				392, 693, 364, -1,
				919, 392, 313, -1,
				659, 919, 313, -1,
				659, 506, 643, -1,
				313, 382, 659, -1,
				756, 789, 757, -1,
				64, 719, 711, -1,
				708, 694, 627, -1,
				891, 153, 119, -1,
				891, 119, 37, -1,
				602, 105, 914, -1,
				105, 104, 914, -1,
				891, 37, 914, -1,
				37, 74, 704, -1,
				914, 37, 704, -1,
				914, 104, 891, -1,
				618, 601, 704, -1,
				292, 294, 351, -1,
				292, 351, 744, -1,
				767, 292, 744, -1,
				639, 254, 796, -1,
				665, 767, 744, -1,
				744, 639, 796, -1,
				760, 388, 390, -1,
				390, 403, 163, -1,
				163, 665, 796, -1,
				665, 744, 796, -1,
				796, 760, 163, -1,
				467, 370, 368, -1,
				761, 805, 518, -1,
				763, 930, 379, -1,
				764, 954, 214, -1,
				408, 964, 766, -1,
				767, 961, 768, -1,
				442, 441, 348, -1,
				142, 901, 769, -1,
				376, 397, 509, -1,
				326, 325, 376, -1,
				325, 483, 376, -1,
				376, 509, 326, -1,
				673, 296, 483, -1,
				296, 752, 483, -1,
				522, 919, 770, -1,
				771, 402, 772, -1,
				123, 110, 109, -1,
				109, 325, 512, -1,
				350, 962, 774, -1,
				775, 849, 776, -1,
				923, 778, 780, -1,
				781, 737, 739, -1,
				782, 926, 783, -1,
				399, 398, 403, -1,
				785, 569, 571, -1,
				786, 884, 450, -1,
				290, 16, 15, -1,
				789, 897, 790, -1,
				791, 529, 792, -1,
				683, 646, 7, -1,
				7, 100, 80, -1,
				794, 775, 777, -1,
				301, 607, 795, -1,
				796, 925, 797, -1,
				320, 110, 123, -1,
				325, 109, 393, -1,
				320, 123, 568, -1,
				568, 325, 393, -1,
				232, 233, 646, -1,
				798, 824, 799, -1,
				317, 911, 801, -1,
				29, 530, 166, -1,
				803, 635, 637, -1,
				407, 406, 805, -1,
				311, 310, 647, -1,
				943, 672, 871, -1,
				672, 910, 871, -1,
				866, 674, 720, -1,
				17, 49, 51, -1,
				51, 866, 720, -1,
				943, 871, 678, -1,
				907, 676, 677, -1,
				907, 677, 226, -1,
				720, 943, 244, -1,
				943, 678, 226, -1,
				244, 943, 418, -1,
				678, 907, 226, -1,
				418, 869, 244, -1,
				226, 418, 943, -1,
				51, 720, 17, -1,
				806, 815, 58, -1,
				807, 852, 808, -1,
				267, 669, 46, -1,
				267, 46, 173, -1,
				46, 493, 173, -1,
				596, 201, 610, -1,
				746, 596, 610, -1,
				173, 175, 267, -1,
				175, 746, 610, -1,
				495, 745, 173, -1,
				493, 495, 173, -1,
				591, 592, 727, -1,
				810, 57, 811, -1,
				609, 542, 544, -1,
				576, 920, 813, -1,
				452, 451, 815, -1,
				816, 937, 817, -1,
				819, 753, 754, -1,
				359, 129, 202, -1,
				821, 803, 804, -1,
				823, 798, 800, -1,
				824, 819, 820, -1,
				573, 928, 640, -1,
				559, 89, 88, -1,
				817, 821, 822, -1,
				540, 939, 825, -1,
				286, 958, 827, -1,
				664, 961, 767, -1,
				827, 958, 828, -1,
				587, 927, 782, -1,
				783, 926, 829, -1,
				343, 318, 831, -1,
				833, 918, 834, -1,
				938, 836, 340, -1,
				836, 620, 340, -1,
				311, 312, 309, -1,
				312, 527, 309, -1,
				938, 340, 614, -1,
				229, 751, 615, -1,
				229, 615, 854, -1,
				527, 938, 614, -1,
				614, 229, 854, -1,
				614, 854, 750, -1,
				305, 309, 527, -1,
				346, 347, 303, -1,
				355, 346, 303, -1,
				305, 527, 614, -1,
				355, 303, 305, -1,
				614, 750, 336, -1,
				336, 355, 305, -1,
				835, 302, 795, -1,
				836, 934, 653, -1,
				55, 843, 837, -1,
				838, 940, 839, -1,
				536, 553, 270, -1,
				463, 208, 125, -1,
				463, 125, 195, -1,
				896, 465, 168, -1,
				465, 841, 168, -1,
				842, 463, 195, -1,
				190, 205, 951, -1,
				842, 195, 190, -1,
				197, 168, 841, -1,
				188, 952, 197, -1,
				184, 188, 197, -1,
				197, 841, 840, -1,
				841, 842, 951, -1,
				840, 841, 951, -1,
				842, 190, 951, -1,
				841, 922, 489, -1,
				280, 282, 837, -1,
				844, 944, 845, -1,
				846, 880, 425, -1,
				490, 492, 42, -1,
				492, 45, 42, -1,
				848, 908, 776, -1,
				258, 443, 444, -1,
				851, 603, 605, -1,
				852, 654, 656, -1,
				421, 541, 833, -1,
				468, 469, 579, -1,
				853, 54, 53, -1,
				380, 362, 366, -1,
				613, 474, 48, -1,
				48, 453, 600, -1,
				793, 597, 741, -1,
				793, 741, 791, -1,
				741, 478, 791, -1,
				613, 48, 600, -1,
				494, 613, 600, -1,
				477, 494, 600, -1,
				791, 478, 477, -1,
				854, 240, 239, -1,
				855, 882, 856, -1,
				86, 85, 8, -1,
				732, 881, 733, -1,
				630, 652, 345, -1,
				652, 316, 345, -1,
				447, 146, 519, -1,
				146, 114, 519, -1,
				455, 892, 519, -1,
				145, 249, 454, -1,
				519, 114, 20, -1,
				20, 145, 454, -1,
				455, 519, 20, -1,
				857, 912, 44, -1,
				215, 867, 858, -1,
				73, 75, 859, -1,
				740, 268, 200, -1,
				200, 736, 741, -1,
				860, 861, 414, -1,
				860, 172, 171, -1,
				207, 181, 183, -1,
				862, 915, 657, -1,
				437, 966, 863, -1,
				864, 461, 642, -1,
				51, 50, 865, -1,
				867, 764, 765, -1,
				868, 948, 111, -1,
				869, 160, 870, -1,
				871, 910, 872, -1,
				714, 436, 438, -1,
				873, 392, 380, -1,
				874, 685, 684, -1,
				290, 29, 83, -1,
				29, 11, 83, -1,
				83, 470, 290, -1,
				16, 290, 470, -1,
				16, 470, 14, -1,
				470, 472, 14, -1,
				23, 480, 358, -1,
				291, 14, 472, -1,
				472, 23, 358, -1,
				875, 82, 26, -1,
				35, 291, 875, -1,
				291, 472, 358, -1,
				875, 291, 358, -1,
				876, 564, 565, -1,
				518, 517, 405, -1,
				510, 509, 512, -1,
				763, 769, 690, -1,
				763, 690, 407, -1,
				435, 929, 763, -1,
				761, 416, 433, -1,
				433, 435, 763, -1,
				763, 407, 761, -1,
				95, 497, 878, -1,
				1, 234, 236, -1,
				621, 622, 880, -1,
				368, 371, 578, -1,
				759, 627, 634, -1,
				627, 626, 634, -1,
				634, 580, 632, -1,
				580, 33, 633, -1,
				33, 723, 334, -1,
				33, 334, 633, -1,
				709, 759, 634, -1,
				580, 633, 632, -1,
				709, 634, 735, -1,
				634, 632, 370, -1,
				634, 370, 735, -1,
				368, 578, 625, -1,
				369, 368, 625, -1,
				735, 369, 625, -1,
				813, 241, 243, -1,
				76, 747, 748, -1,
				925, 446, 734, -1,
				925, 734, 881, -1,
				385, 431, 459, -1,
				456, 385, 459, -1,
				797, 925, 247, -1,
				925, 881, 247, -1,
				732, 955, 97, -1,
				732, 97, 439, -1,
				456, 459, 797, -1,
				460, 456, 797, -1,
				881, 732, 439, -1,
				247, 460, 797, -1,
				306, 308, 381, -1,
				855, 372, 374, -1,
				154, 868, 91, -1,
				580, 634, 344, -1,
				884, 950, 176, -1,
				506, 659, 660, -1,
				886, 953, 202, -1,
				829, 832, 831, -1,
				0, 2, 887, -1,
				508, 507, 363, -1,
				150, 960, 888, -1,
				889, 525, 524, -1,
				480, 23, 25, -1,
				470, 83, 480, -1,
				179, 103, 105, -1,
				179, 890, 891, -1,
				249, 145, 76, -1,
				249, 76, 661, -1,
				76, 78, 661, -1,
				892, 455, 661, -1,
				117, 747, 101, -1,
				747, 853, 101, -1,
				892, 661, 78, -1,
				892, 78, 101, -1,
				78, 117, 101, -1,
				52, 448, 892, -1,
				866, 865, 680, -1,
				706, 414, 413, -1,
				766, 964, 894, -1,
				513, 498, 568, -1,
				718, 710, 712, -1,
				12, 166, 121, -1,
				12, 121, 30, -1,
				13, 12, 30, -1,
				13, 30, 802, -1,
				941, 28, 27, -1,
				13, 802, 941, -1,
				802, 788, 464, -1,
				941, 802, 464, -1,
				941, 27, 13, -1,
				679, 464, 788, -1,
				516, 165, 471, -1,
				15, 516, 471, -1,
				15, 471, 679, -1,
				894, 964, 423, -1,
				423, 963, 909, -1,
				895, 651, 950, -1,
				651, 177, 950, -1,
				423, 909, 894, -1,
				909, 895, 436, -1,
				436, 894, 909, -1,
				884, 863, 966, -1,
				884, 966, 436, -1,
				895, 950, 884, -1,
				774, 743, 744, -1,
				198, 952, 896, -1,
				575, 577, 790, -1,
				888, 960, 898, -1,
				71, 36, 899, -1,
				901, 689, 690, -1,
				907, 910, 672, -1,
				674, 866, 893, -1,
				49, 17, 19, -1,
				674, 893, 49, -1,
				907, 672, 676, -1,
				672, 674, 676, -1,
				869, 418, 676, -1,
				674, 49, 869, -1,
				49, 19, 869, -1,
				360, 414, 861, -1,
				861, 171, 701, -1,
				701, 700, 944, -1,
				844, 266, 148, -1,
				148, 218, 595, -1,
				360, 861, 844, -1,
				861, 701, 944, -1,
				148, 595, 360, -1,
				944, 844, 861, -1,
				178, 177, 786, -1,
				630, 419, 421, -1,
				675, 401, 902, -1,
				854, 615, 616, -1,
				903, 900, 899, -1,
				904, 933, 327, -1,
				774, 400, 293, -1,
				400, 648, 293, -1,
				161, 389, 664, -1,
				730, 962, 638, -1,
				961, 728, 730, -1,
				730, 638, 743, -1,
				648, 161, 664, -1,
				648, 664, 293, -1,
				961, 730, 743, -1,
				768, 961, 774, -1,
				961, 743, 774, -1,
				906, 619, 618, -1,
				450, 176, 755, -1,
				924, 178, 787, -1,
				787, 437, 713, -1,
				715, 438, 671, -1,
				438, 449, 671, -1,
				787, 713, 715, -1,
				458, 924, 671, -1,
				924, 787, 715, -1,
				450, 755, 131, -1,
				755, 811, 131, -1,
				924, 715, 671, -1,
				671, 670, 133, -1,
				671, 133, 458, -1,
				422, 131, 811, -1,
				645, 422, 811, -1,
				645, 811, 458, -1,
				869, 19, 18, -1,
				676, 418, 159, -1,
				678, 487, 538, -1,
				120, 119, 153, -1,
				848, 937, 816, -1,
				909, 932, 481, -1,
				907, 538, 872, -1,
				887, 2, 1, -1,
				421, 801, 911, -1,
				235, 874, 724, -1,
				724, 232, 682, -1,
				682, 79, 235, -1,
				79, 3, 235, -1,
				724, 682, 235, -1,
				710, 913, 758, -1,
				913, 696, 758, -1,
				235, 3, 5, -1,
				758, 696, 64, -1,
				696, 698, 64, -1,
				698, 235, 731, -1,
				235, 5, 731, -1,
				65, 64, 698, -1,
				912, 857, 529, -1,
				696, 1, 0, -1,
				234, 1, 696, -1,
				600, 914, 263, -1,
				914, 844, 658, -1,
				378, 809, 556, -1,
				541, 727, 522, -1,
				862, 585, 916, -1,
				667, 322, 265, -1,
				905, 327, 312, -1,
				211, 149, 151, -1,
				151, 888, 500, -1,
				276, 211, 151, -1,
				503, 276, 151, -1,
				503, 151, 500, -1,
				505, 532, 939, -1,
				825, 213, 827, -1,
				825, 827, 528, -1,
				827, 501, 528, -1,
				505, 939, 526, -1,
				499, 505, 526, -1,
				528, 501, 503, -1,
				500, 499, 526, -1,
				528, 503, 500, -1,
				253, 522, 727, -1,
				796, 253, 222, -1,
				457, 796, 555, -1,
				738, 238, 755, -1,
				327, 755, 238, -1,
				312, 327, 41, -1,
				571, 757, 528, -1,
				826, 528, 757, -1,
				577, 814, 164, -1,
				814, 242, 465, -1,
				922, 465, 242, -1,
				552, 69, 923, -1,
				69, 585, 879, -1,
				844, 879, 585, -1,
				261, 717, 173, -1,
				657, 521, 717, -1,
				916, 447, 521, -1,
				67, 673, 447, -1,
				673, 67, 550, -1,
				695, 479, 720, -1,
				813, 358, 479, -1,
				575, 524, 358, -1,
				789, 224, 524, -1,
				569, 667, 224, -1,
				39, 322, 667, -1,
				237, 895, 322, -1,
				876, 352, 895, -1,
				352, 876, 781, -1,
				730, 781, 220, -1,
				773, 220, 809, -1,
				836, 933, 904, -1,
				321, 323, 935, -1,
				44, 45, 792, -1,
				491, 453, 792, -1,
				453, 491, 795, -1,
				698, 42, 236, -1,
				598, 42, 698, -1,
				175, 566, 302, -1,
				704, 795, 606, -1,
				944, 606, 544, -1,
				95, 544, 546, -1,
				778, 546, 604, -1,
				489, 604, 808, -1,
				655, 838, 463, -1,
				776, 540, 838, -1,
				540, 776, 816, -1,
				526, 816, 822, -1,
				836, 822, 637, -1,
				636, 811, 933, -1,
				811, 636, 799, -1,
				459, 799, 754, -1,
				760, 754, 574, -1,
				588, 523, 383, -1,
				784, 338, 523, -1,
				830, 317, 338, -1,
				578, 883, 829, -1,
				763, 578, 782, -1,
				586, 573, 771, -1,
				573, 753, 728, -1,
				753, 824, 650, -1,
				824, 823, 909, -1,
				323, 909, 823, -1,
				635, 821, 935, -1,
				288, 935, 821, -1,
				937, 849, 525, -1,
				849, 794, 875, -1,
				942, 875, 794, -1,
				852, 623, 943, -1,
				582, 943, 623, -1,
				851, 542, 448, -1,
				520, 448, 542, -1,
				300, 302, 566, -1,
			]
			solid FALSE
		}
	}
#---------- SOLID: FOVSphere:0
	Shape {
		appearance Appearance {
			material Material {
				diffuseColor 1 1 1
				transparency 0.7
			}
		}
		geometry IndexedFaceSet {
			coord Coordinate {
				point [
					0 0 75,
					19.4114 0 72.4444,
					18.75 5.02405 72.4444,
					16.8108 9.70571 72.4444,
					13.726 13.726 72.4444,
					9.70571 16.8108 72.4444,
					5.02405 18.75 72.4444,
					1.18861e-15 19.4114 72.4444,
					-5.02405 18.75 72.4444,
					-9.70571 16.8108 72.4444,
					-13.726 13.726 72.4444,
					-16.8108 9.70571 72.4444,
					-18.75 5.02405 72.4444,
					-19.4114 2.37721e-15 72.4444,
					-18.75 -5.02405 72.4444,
					-16.8108 -9.70571 72.4444,
					-13.726 -13.726 72.4444,
					-9.70571 -16.8108 72.4444,
					-5.02405 -18.75 72.4444,
					-3.56582e-15 -19.4114 72.4444,
					5.02405 -18.75 72.4444,
					9.70571 -16.8108 72.4444,
					13.726 -13.726 72.4444,
					16.8108 -9.70571 72.4444,
					18.75 -5.02405 72.4444,
					37.5 0 64.9519,
					36.2222 9.70571 64.9519,
					32.476 18.75 64.9519,
					26.5165 26.5165 64.9519,
					18.75 32.476 64.9519,
					9.70571 36.2222 64.9519,
					2.29621e-15 37.5 64.9519,
					-9.70571 36.2222 64.9519,
					-18.75 32.476 64.9519,
					-26.5165 26.5165 64.9519,
					-32.476 18.75 64.9519,
					-36.2222 9.70571 64.9519,
					-37.5 4.59243e-15 64.9519,
					-36.2222 -9.70571 64.9519,
					-32.476 -18.75 64.9519,
					-26.5165 -26.5165 64.9519,
					-18.75 -32.476 64.9519,
					-9.70571 -36.2222 64.9519,
					-6.88864e-15 -37.5 64.9519,
					9.70571 -36.2222 64.9519,
					18.75 -32.476 64.9519,
					26.5165 -26.5165 64.9519,
					32.476 -18.75 64.9519,
					36.2222 -9.70571 64.9519,
					53.033 0 53.033,
					51.226 13.726 53.033,
					45.9279 26.5165 53.033,
					37.5 37.5 53.033,
					26.5165 45.9279 53.033,
					13.726 51.226 53.033,
					3.24734e-15 53.033 53.033,
					-13.726 51.226 53.033,
					-26.5165 45.9279 53.033,
					-37.5 37.5 53.033,
					-45.9279 26.5165 53.033,
					-51.226 13.726 53.033,
					-53.033 6.49467e-15 53.033,
					-51.226 -13.726 53.033,
					-45.9279 -26.5165 53.033,
					-37.5 -37.5 53.033,
					-26.5165 -45.9279 53.033,
					-13.726 -51.226 53.033,
					-9.74201e-15 -53.033 53.033,
					13.726 -51.226 53.033,
					26.5165 -45.9279 53.033,
					37.5 -37.5 53.033,
					45.9279 -26.5165 53.033,
					51.226 -13.726 53.033,
					64.9519 0 37.5,
					62.7387 16.8108 37.5,
					56.25 32.476 37.5,
					45.9279 45.9279 37.5,
					32.476 56.25 37.5,
					16.8108 62.7387 37.5,
					3.97716e-15 64.9519 37.5,
					-16.8108 62.7387 37.5,
					-32.476 56.25 37.5,
					-45.9279 45.9279 37.5,
					-56.25 32.476 37.5,
					-62.7387 16.8108 37.5,
					-64.9519 7.95431e-15 37.5,
					-62.7387 -16.8108 37.5,
					-56.25 -32.476 37.5,
					-45.9279 -45.9279 37.5,
					-32.476 -56.25 37.5,
					-16.8108 -62.7387 37.5,
					-1.19315e-14 -64.9519 37.5,
					16.8108 -62.7387 37.5,
					32.476 -56.25 37.5,
					45.9279 -45.9279 37.5,
					56.25 -32.476 37.5,
					62.7387 -16.8108 37.5,
					72.4444 0 19.4114,
					69.976 18.75 19.4114,
					62.7387 36.2222 19.4114,
					51.226 51.226 19.4114,
					36.2222 62.7387 19.4114,
					18.75 69.976 19.4114,
					4.43594e-15 72.4444 19.4114,
					-18.75 69.976 19.4114,
					-36.2222 62.7387 19.4114,
					-51.226 51.226 19.4114,
					-62.7387 36.2222 19.4114,
					-69.976 18.75 19.4114,
					-72.4444 8.87188e-15 19.4114,
					-69.976 -18.75 19.4114,
					-62.7387 -36.2222 19.4114,
					-51.226 -51.226 19.4114,
					-36.2222 -62.7387 19.4114,
					-18.75 -69.976 19.4114,
					-1.33078e-14 -72.4444 19.4114,
					18.75 -69.976 19.4114,
					36.2222 -62.7387 19.4114,
					51.226 -51.226 19.4114,
					62.7387 -36.2222 19.4114,
					69.976 -18.75 19.4114,
					75 0 4.59243e-15,
					72.4444 19.4114 4.59243e-15,
					64.9519 37.5 4.59243e-15,
					53.033 53.033 4.59243e-15,
					37.5 64.9519 4.59243e-15,
					19.4114 72.4444 4.59243e-15,
					4.59243e-15 75 4.59243e-15,
					-19.4114 72.4444 4.59243e-15,
					-37.5 64.9519 4.59243e-15,
					-53.033 53.033 4.59243e-15,
					-64.9519 37.5 4.59243e-15,
					-72.4444 19.4114 4.59243e-15,
					-75 9.18485e-15 4.59243e-15,
					-72.4444 -19.4114 4.59243e-15,
					-64.9519 -37.5 4.59243e-15,
					-53.033 -53.033 4.59243e-15,
					-37.5 -64.9519 4.59243e-15,
					-19.4114 -72.4444 4.59243e-15,
					-1.37773e-14 -75 4.59243e-15,
					19.4114 -72.4444 4.59243e-15,
					37.5 -64.9519 4.59243e-15,
					53.033 -53.033 4.59243e-15,
					64.9519 -37.5 4.59243e-15,
					72.4444 -19.4114 4.59243e-15,
					72.4444 0 -19.4114,
					69.976 18.75 -19.4114,
					62.7387 36.2222 -19.4114,
					51.226 51.226 -19.4114,
					36.2222 62.7387 -19.4114,
					18.75 69.976 -19.4114,
					4.43594e-15 72.4444 -19.4114,
					-18.75 69.976 -19.4114,
					-36.2222 62.7387 -19.4114,
					-51.226 51.226 -19.4114,
					-62.7387 36.2222 -19.4114,
					-69.976 18.75 -19.4114,
					-72.4444 8.87188e-15 -19.4114,
					-69.976 -18.75 -19.4114,
					-62.7387 -36.2222 -19.4114,
					-51.226 -51.226 -19.4114,
					-36.2222 -62.7387 -19.4114,
					-18.75 -69.976 -19.4114,
					-1.33078e-14 -72.4444 -19.4114,
					18.75 -69.976 -19.4114,
					36.2222 -62.7387 -19.4114,
					51.226 -51.226 -19.4114,
					62.7387 -36.2222 -19.4114,
					69.976 -18.75 -19.4114,
					64.9519 0 -37.5,
					62.7387 16.8108 -37.5,
					56.25 32.476 -37.5,
					45.9279 45.9279 -37.5,
					32.476 56.25 -37.5,
					16.8108 62.7387 -37.5,
					3.97716e-15 64.9519 -37.5,
					-16.8108 62.7387 -37.5,
					-32.476 56.25 -37.5,
					-45.9279 45.9279 -37.5,
					-56.25 32.476 -37.5,
					-62.7387 16.8108 -37.5,
					-64.9519 7.95431e-15 -37.5,
					-62.7387 -16.8108 -37.5,
					-56.25 -32.476 -37.5,
					-45.9279 -45.9279 -37.5,
					-32.476 -56.25 -37.5,
					-16.8108 -62.7387 -37.5,
					-1.19315e-14 -64.9519 -37.5,
					16.8108 -62.7387 -37.5,
					32.476 -56.25 -37.5,
					45.9279 -45.9279 -37.5,
					56.25 -32.476 -37.5,
					62.7387 -16.8108 -37.5,
					53.033 0 -53.033,
					51.226 13.726 -53.033,
					45.9279 26.5165 -53.033,
					37.5 37.5 -53.033,
					26.5165 45.9279 -53.033,
					13.726 51.226 -53.033,
					3.24734e-15 53.033 -53.033,
					-13.726 51.226 -53.033,
					-26.5165 45.9279 -53.033,
					-37.5 37.5 -53.033,
					-45.9279 26.5165 -53.033,
					-51.226 13.726 -53.033,
					-53.033 6.49467e-15 -53.033,
					-51.226 -13.726 -53.033,
					-45.9279 -26.5165 -53.033,
					-37.5 -37.5 -53.033,
					-26.5165 -45.9279 -53.033,
					-13.726 -51.226 -53.033,
					-9.74201e-15 -53.033 -53.033,
					13.726 -51.226 -53.033,
					26.5165 -45.9279 -53.033,
					37.5 -37.5 -53.033,
					45.9279 -26.5165 -53.033,
					51.226 -13.726 -53.033,
					37.5 0 -64.9519,
					36.2222 9.70571 -64.9519,
					32.476 18.75 -64.9519,
					26.5165 26.5165 -64.9519,
					18.75 32.476 -64.9519,
					9.70571 36.2222 -64.9519,
					2.29621e-15 37.5 -64.9519,
					-9.70571 36.2222 -64.9519,
					-18.75 32.476 -64.9519,
					-26.5165 26.5165 -64.9519,
					-32.476 18.75 -64.9519,
					-36.2222 9.70571 -64.9519,
					-37.5 4.59243e-15 -64.9519,
					-36.2222 -9.70571 -64.9519,
					-32.476 -18.75 -64.9519,
					-26.5165 -26.5165 -64.9519,
					-18.75 -32.476 -64.9519,
					-9.70571 -36.2222 -64.9519,
					-6.88864e-15 -37.5 -64.9519,
					9.70571 -36.2222 -64.9519,
					18.75 -32.476 -64.9519,
					26.5165 -26.5165 -64.9519,
					32.476 -18.75 -64.9519,
					36.2222 -9.70571 -64.9519,
					19.4114 0 -72.4444,
					18.75 5.02405 -72.4444,
					16.8108 9.70571 -72.4444,
					13.726 13.726 -72.4444,
					9.70571 16.8108 -72.4444,
					5.02405 18.75 -72.4444,
					1.18861e-15 19.4114 -72.4444,
					-5.02405 18.75 -72.4444,
					-9.70571 16.8108 -72.4444,
					-13.726 13.726 -72.4444,
					-16.8108 9.70571 -72.4444,
					-18.75 5.02405 -72.4444,
					-19.4114 2.37721e-15 -72.4444,
					-18.75 -5.02405 -72.4444,
					-16.8108 -9.70571 -72.4444,
					-13.726 -13.726 -72.4444,
					-9.70571 -16.8108 -72.4444,
					-5.02405 -18.75 -72.4444,
					-3.56582e-15 -19.4114 -72.4444,
					5.02405 -18.75 -72.4444,
					9.70571 -16.8108 -72.4444,
					13.726 -13.726 -72.4444,
					16.8108 -9.70571 -72.4444,
					18.75 -5.02405 -72.4444,
					0 0 -75,
					0 0 0,
				]
			}
			coordIndex [
				0, 1, 2, -1,
				0, 2, 3, -1,
				0, 3, 4, -1,
				0, 4, 5, -1,
				0, 5, 6, -1,
				0, 6, 7, -1,
				0, 7, 8, -1,
				0, 8, 9, -1,
				0, 9, 10, -1,
				0, 10, 11, -1,
				0, 11, 12, -1,
				0, 12, 13, -1,
				0, 13, 14, -1,
				0, 14, 15, -1,
				0, 15, 16, -1,
				0, 16, 17, -1,
				0, 17, 18, -1,
				0, 18, 19, -1,
				0, 19, 20, -1,
				0, 20, 21, -1,
				0, 21, 22, -1,
				0, 22, 23, -1,
				0, 23, 24, -1,
				0, 24, 1, -1,
				1, 25, 26, 2, -1,
				2, 26, 27, 3, -1,
				3, 27, 28, 4, -1,
				4, 28, 29, 5, -1,
				5, 29, 30, 6, -1,
				6, 30, 31, 7, -1,
				7, 31, 32, 8, -1,
				8, 32, 33, 9, -1,
				9, 33, 34, 10, -1,
				10, 34, 35, 11, -1,
				11, 35, 36, 12, -1,
				12, 36, 37, 13, -1,
				13, 37, 38, 14, -1,
				14, 38, 39, 15, -1,
				15, 39, 40, 16, -1,
				16, 40, 41, 17, -1,
				17, 41, 42, 18, -1,
				18, 42, 43, 19, -1,
				19, 43, 44, 20, -1,
				20, 44, 45, 21, -1,
				21, 45, 46, 22, -1,
				22, 46, 47, 23, -1,
				23, 47, 48, 24, -1,
				24, 48, 25, 1, -1,
				25, 49, 50, 26, -1,
				26, 50, 51, 27, -1,
				27, 51, 52, 28, -1,
				28, 52, 53, 29, -1,
				29, 53, 54, 30, -1,
				30, 54, 55, 31, -1,
				31, 55, 56, 32, -1,
				32, 56, 57, 33, -1,
				33, 57, 58, 34, -1,
				34, 58, 59, 35, -1,
				35, 59, 60, 36, -1,
				36, 60, 61, 37, -1,
				37, 61, 62, 38, -1,
				38, 62, 63, 39, -1,
				39, 63, 64, 40, -1,
				40, 64, 65, 41, -1,
				41, 65, 66, 42, -1,
				42, 66, 67, 43, -1,
				43, 67, 68, 44, -1,
				44, 68, 69, 45, -1,
				45, 69, 70, 46, -1,
				46, 70, 71, 47, -1,
				47, 71, 72, 48, -1,
				48, 72, 49, 25, -1,
				49, 73, 74, 50, -1,
				50, 74, 75, 51, -1,
				51, 75, 76, 52, -1,
				52, 76, 77, 53, -1,
				53, 77, 78, 54, -1,
				54, 78, 79, 55, -1,
				55, 79, 80, 56, -1,
				56, 80, 81, 57, -1,
				57, 81, 82, 58, -1,
				58, 82, 83, 59, -1,
				59, 83, 84, 60, -1,
				60, 84, 85, 61, -1,
				61, 85, 86, 62, -1,
				62, 86, 87, 63, -1,
				63, 87, 88, 64, -1,
				64, 88, 89, 65, -1,
				65, 89, 90, 66, -1,
				66, 90, 91, 67, -1,
				67, 91, 92, 68, -1,
				68, 92, 93, 69, -1,
				69, 93, 94, 70, -1,
				70, 94, 95, 71, -1,
				71, 95, 96, 72, -1,
				72, 96, 73, 49, -1,
				73, 97, 98, 74, -1,
				74, 98, 99, 75, -1,
				75, 99, 100, 76, -1,
				76, 100, 101, 77, -1,
				77, 101, 102, 78, -1,
				78, 102, 103, 79, -1,
				79, 103, 104, 80, -1,
				80, 104, 105, 81, -1,
				81, 105, 106, 82, -1,
				82, 106, 107, 83, -1,
				83, 107, 108, 84, -1,
				84, 108, 109, 85, -1,
				85, 109, 110, 86, -1,
				86, 110, 111, 87, -1,
				87, 111, 112, 88, -1,
				88, 112, 113, 89, -1,
				89, 113, 114, 90, -1,
				90, 114, 115, 91, -1,
				91, 115, 116, 92, -1,
				92, 116, 117, 93, -1,
				93, 117, 118, 94, -1,
				94, 118, 119, 95, -1,
				95, 119, 120, 96, -1,
				96, 120, 97, 73, -1,
				97, 121, 122, 98, -1,
				98, 122, 123, 99, -1,
				99, 123, 124, 100, -1,
				100, 124, 125, 101, -1,
				101, 125, 126, 102, -1,
				102, 126, 127, 103, -1,
				103, 127, 128, 104, -1,
				104, 128, 129, 105, -1,
				105, 129, 130, 106, -1,
				106, 130, 131, 107, -1,
				107, 131, 132, 108, -1,
				108, 132, 133, 109, -1,
				109, 133, 134, 110, -1,
				110, 134, 135, 111, -1,
				111, 135, 136, 112, -1,
				112, 136, 137, 113, -1,
				113, 137, 138, 114, -1,
				114, 138, 139, 115, -1,
				115, 139, 140, 116, -1,
				116, 140, 141, 117, -1,
				117, 141, 142, 118, -1,
				118, 142, 143, 119, -1,
				119, 143, 144, 120, -1,
				120, 144, 121, 97, -1,
				121, 145, 146, 122, -1,
				122, 146, 147, 123, -1,
				123, 147, 148, 124, -1,
				124, 148, 149, 125, -1,
				125, 149, 150, 126, -1,
				126, 150, 151, 127, -1,
				127, 151, 152, 128, -1,
				128, 152, 153, 129, -1,
				129, 153, 154, 130, -1,
				130, 154, 155, 131, -1,
				131, 155, 156, 132, -1,
				132, 156, 157, 133, -1,
				133, 157, 158, 134, -1,
				134, 158, 159, 135, -1,
				135, 159, 160, 136, -1,
				136, 160, 161, 137, -1,
				137, 161, 162, 138, -1,
				138, 162, 163, 139, -1,
				139, 163, 164, 140, -1,
				140, 164, 165, 141, -1,
				141, 165, 166, 142, -1,
				142, 166, 167, 143, -1,
				143, 167, 168, 144, -1,
				144, 168, 145, 121, -1,
				145, 169, 170, 146, -1,
				146, 170, 171, 147, -1,
				147, 171, 172, 148, -1,
				148, 172, 173, 149, -1,
				149, 173, 174, 150, -1,
				150, 174, 175, 151, -1,
				151, 175, 176, 152, -1,
				152, 176, 177, 153, -1,
				153, 177, 178, 154, -1,
				154, 178, 179, 155, -1,
				155, 179, 180, 156, -1,
				156, 180, 181, 157, -1,
				157, 181, 182, 158, -1,
				158, 182, 183, 159, -1,
				159, 183, 184, 160, -1,
				160, 184, 185, 161, -1,
				161, 185, 186, 162, -1,
				162, 186, 187, 163, -1,
				163, 187, 188, 164, -1,
				164, 188, 189, 165, -1,
				165, 189, 190, 166, -1,
				166, 190, 191, 167, -1,
				167, 191, 192, 168, -1,
				168, 192, 169, 145, -1,
				169, 193, 194, 170, -1,
				170, 194, 195, 171, -1,
				171, 195, 196, 172, -1,
				172, 196, 197, 173, -1,
				173, 197, 198, 174, -1,
				174, 198, 199, 175, -1,
				175, 199, 200, 176, -1,
				176, 200, 201, 177, -1,
				177, 201, 202, 178, -1,
				178, 202, 203, 179, -1,
				179, 203, 204, 180, -1,
				180, 204, 205, 181, -1,
				181, 205, 206, 182, -1,
				182, 206, 207, 183, -1,
				183, 207, 208, 184, -1,
				184, 208, 209, 185, -1,
				185, 209, 210, 186, -1,
				186, 210, 211, 187, -1,
				187, 211, 212, 188, -1,
				188, 212, 213, 189, -1,
				189, 213, 214, 190, -1,
				190, 214, 215, 191, -1,
				191, 215, 216, 192, -1,
				192, 216, 193, 169, -1,
				193, 217, 218, 194, -1,
				194, 218, 219, 195, -1,
				195, 219, 220, 196, -1,
				196, 220, 221, 197, -1,
				197, 221, 222, 198, -1,
				198, 222, 223, 199, -1,
				199, 223, 224, 200, -1,
				200, 224, 225, 201, -1,
				201, 225, 226, 202, -1,
				202, 226, 227, 203, -1,
				203, 227, 228, 204, -1,
				204, 228, 229, 205, -1,
				205, 229, 230, 206, -1,
				206, 230, 231, 207, -1,
				207, 231, 232, 208, -1,
				208, 232, 233, 209, -1,
				209, 233, 234, 210, -1,
				210, 234, 235, 211, -1,
				211, 235, 236, 212, -1,
				212, 236, 237, 213, -1,
				213, 237, 238, 214, -1,
				214, 238, 239, 215, -1,
				215, 239, 240, 216, -1,
				216, 240, 217, 193, -1,
				217, 241, 242, 218, -1,
				218, 242, 243, 219, -1,
				219, 243, 244, 220, -1,
				220, 244, 245, 221, -1,
				221, 245, 246, 222, -1,
				222, 246, 247, 223, -1,
				223, 247, 248, 224, -1,
				224, 248, 249, 225, -1,
				225, 249, 250, 226, -1,
				226, 250, 251, 227, -1,
				227, 251, 252, 228, -1,
				228, 252, 253, 229, -1,
				229, 253, 254, 230, -1,
				230, 254, 255, 231, -1,
				231, 255, 256, 232, -1,
				232, 256, 257, 233, -1,
				233, 257, 258, 234, -1,
				234, 258, 259, 235, -1,
				235, 259, 260, 236, -1,
				236, 260, 261, 237, -1,
				237, 261, 262, 238, -1,
				238, 262, 263, 239, -1,
				239, 263, 264, 240, -1,
				240, 264, 241, 217, -1,
				241, 265, 242, -1,
				242, 265, 243, -1,
				243, 265, 244, -1,
				244, 265, 245, -1,
				245, 265, 246, -1,
				246, 265, 247, -1,
				247, 265, 248, -1,
				248, 265, 249, -1,
				249, 265, 250, -1,
				250, 265, 251, -1,
				251, 265, 252, -1,
				252, 265, 253, -1,
				253, 265, 254, -1,
				254, 265, 255, -1,
				255, 265, 256, -1,
				256, 265, 257, -1,
				257, 265, 258, -1,
				258, 265, 259, -1,
				259, 265, 260, -1,
				260, 265, 261, -1,
				261, 265, 262, -1,
				262, 265, 263, -1,
				263, 265, 264, -1,
				264, 265, 241, -1,
			]
			solid FALSE
		}
	}
#End of file.
